/* IMPORT SCRIPT GENERATED AUTOMATICALLY */
SET NAMES utf8mb4;
SET FOREIGN_KEY_CHECKS = 0;

DELETE FROM cartel_categories;
DELETE FROM categories;
DELETE FROM cartels;

-- ========================
-- CATEGORIES (from JSONs)
-- ========================
INSERT INTO categories (id, name, name_en, description, color, icon) VALUES ('eolien', 'Éolien', 'Wind power', '', '#888888', '');
INSERT INTO categories (id, name, name_en, description, color, icon) VALUES ('agriculture', 'Agriculture', 'Agriculture', '', '#888888', '');
INSERT INTO categories (id, name, name_en, description, color, icon) VALUES ('h2o', 'H2O', 'Water', '', '#888888', '');
INSERT INTO categories (id, name, name_en, description, color, icon) VALUES ('rafraichir', 'Rafraîchir', 'Refresh', '', '#888888', '');
INSERT INTO categories (id, name, name_en, description, color, icon) VALUES ('sante', 'Santé', 'Health', '', '#888888', '');
INSERT INTO categories (id, name, name_en, description, color, icon) VALUES ('rechauffer', 'Réchauffer', 'Reheat', '', '#888888', '');
INSERT INTO categories (id, name, name_en, description, color, icon) VALUES ('solaire', 'Solaire', 'Solar', '', '#888888', '');
INSERT INTO categories (id, name, name_en, description, color, icon) VALUES ('electricite', 'Électricité', 'Electricity', '', '#888888', '');
INSERT INTO categories (id, name, name_en, description, color, icon) VALUES ('politique-publique', 'Politique publique', 'Public policy', '', '#888888', '');
INSERT INTO categories (id, name, name_en, description, color, icon) VALUES ('mecanique', 'Mécanique', 'Mechanics', '', '#888888', '');
INSERT INTO categories (id, name, name_en, description, color, icon) VALUES ('imaginaire', 'Imaginaire', 'Imaginary', '', '#888888', '');
INSERT INTO categories (id, name, name_en, description, color, icon) VALUES ('hydrogene', 'Hydrogène', 'Hydrogen', '', '#888888', '');
INSERT INTO categories (id, name, name_en, description, color, icon) VALUES ('isolation-thermique', 'Isolation thermique', 'Thermal insulation', '', '#888888', '');
INSERT INTO categories (id, name, name_en, description, color, icon) VALUES ('deplacement', 'Déplacement', 'Travel', '', '#888888', '');
INSERT INTO categories (id, name, name_en, description, color, icon) VALUES ('eclairage', 'Éclairage', 'Lighting', '', '#888888', '');
INSERT INTO categories (id, name, name_en, description, color, icon) VALUES ('biomimetisme', 'Biomimétisme', 'Biomimicry', '', '#888888', '');
INSERT INTO categories (id, name, name_en, description, color, icon) VALUES ('gouvernance-de-leau', 'Gouvernance de l''eau', 'Water governance', '', '#888888', '');
INSERT INTO categories (id, name, name_en, description, color, icon) VALUES ('conservation-de-lenergie', 'Conservation de l’Energie', 'Energy Conservation', '', '#888888', '');
INSERT INTO categories (id, name, name_en, description, color, icon) VALUES ('geothermie', 'Géothermie', 'Geothermal energy', '', '#888888', '');
INSERT INTO categories (id, name, name_en, description, color, icon) VALUES ('biogaz', 'Biogaz', 'Biogas', '', '#888888', '');
INSERT INTO categories (id, name, name_en, description, color, icon) VALUES ('conservation-alimentaire', 'Conservation alimentaire', 'Food preservation', '', '#888888', '');
INSERT INTO categories (id, name, name_en, description, color, icon) VALUES ('construction', 'Construction', 'Construction', '', '#888888', '');
INSERT INTO categories (id, name, name_en, description, color, icon) VALUES ('gestion-des-dechets', 'gestion des déchets', 'waste management', '', '#888888', '');
INSERT INTO categories (id, name, name_en, description, color, icon) VALUES ('technologie', 'technologie', 'technology', '', '#888888', '');
INSERT INTO categories (id, name, name_en, description, color, icon) VALUES ('numerique', 'numérique', 'digital', '', '#888888', '');
INSERT INTO categories (id, name, name_en, description, color, icon) VALUES ('electronique', 'Electronique', 'Electronics', '', '#888888', '');

-- ========================
-- CARTELS (Published)
-- ========================
INSERT INTO cartels (id, titre, titre_en, annee, description, description_en, exhume_par, location, location_en, lat, lng, image_path, image_credit, url_qr, date, status, visible, created_at, updated_at) VALUES (
  '1770730409943', 'LES ÉOLIENNES IRANIENNES DE NASHTIFAN', 'IRANIAN WIND TURBINES IN NASHTIFAN', '900 av JC',
  'Situé dans la région de Khorasan, au Nord-Est de l’IRAN, le petit village de Nashtifan est balayé par des vents très forts. Il y a plus de mille ans, les Perses locaux y ont utilisé les matériaux locaux comme l’argile, la paille et le bois pour construire un véritable village de moulins à vent à axes verticaux. \n\nMontés sur des bâtiments au design futuristes dignes des meilleurs planches du dessinateur Enki Bilal, ces éoliennes permettent de moudre le grain et de tirer de l’eau, d’exploiter la force mécanique des vents locaux. \n\nBien qu’ils aient été utilisés pendant des siècles, certains moulins éoliens certainement les plus low tech au monde sont encore en bon état et fonctionnent toujours. \nIl est possible de les voir en fonctionnement sur la vidéo BBC mise en ligne sur le site web paleo-energetique.org', 'Located in the Khorasan region in northeastern Iran, the small village of Nashtifan is swept by very strong winds. Over a thousand years ago, the local Persians used local materials such as clay, straw, and wood to build a veritable village of vertical-axis windmills. \n\nMounted on futuristic buildings worthy of the best drawings by artist Enki Bilal, these wind turbines grind grain and draw water, harnessing the mechanical force of local winds. \n\nAlthough they have been in use for centuries, some of the world''s most low-tech windmills are still in good condition and still working. You can see them in action in the BBC video posted on the paleo-energetique.org website.', 'Yann Webb et Nicolas Duc',
  'Nashtifan', 'Good morning', 34.4337222, 60.1777943,
  'images/IMG_3575.jpeg', '', '', '2026-02-10', 'published', 1, '2026-02-10 13:32:47', '2026-02-10 13:32:47'
);
INSERT INTO cartel_categories (cartel_id, category_id) VALUES ('1770730409943', 'eolien');
INSERT INTO cartel_categories (cartel_id, category_id) VALUES ('1770730409943', 'agriculture');

INSERT INTO cartels (id, titre, titre_en, annee, description, description_en, exhume_par, location, location_en, lat, lng, image_path, image_credit, url_qr, date, status, visible, created_at, updated_at) VALUES (
  '1770730512979', 'JOHAD, SYSTÈME DE COLLECTE DES PLUIES', 'JOHAD, RAINWATER HARVESTING SYSTEM', '1500 av JC',
  'Les johads sont de petits barrages en terre construits à travers des canaux saisonniers pour capter et stocker les eaux de pluie durant la mousson. L''eau ainsi collectée s''infiltre progressivement dans le sol, rechargeant les nappes phréatiques et assurant une disponibilité en eau pour les puits, l''irrigation agricole et les besoins domestiques tout au long de l''année. Ce système a été largement utilisé dans des régions arides telles que le Rajasthan, contribuant à la résilience des communautés face aux sécheresses.\n\nCes systèmes sont construits avec des matériaux locaux tels que la terre et la pierre, en utilisant des techniques accessibles aux communautés rurales. Ils renforcent les ressources en eau locales sans dépendre de technologies modernes ou d''infrastructures coûteuses. En améliorant la recharge des nappes phréatiques, ces solutions soutiennent l’agriculture locale et contribuent à limiter l’exode rural en assurant la sécurité hydrique.', 'Johads are small earthen dams built across seasonal channels to capture and store rainwater during the monsoon season. The water collected gradually seeps into the ground, recharging aquifers and ensuring water availability for wells, agricultural irrigation, and domestic needs throughout the year. This system has been widely used in arid regions such as Rajasthan, contributing to the resilience of communities in the face of droughts.\n\nThese systems are built with local materials such as earth and stone, using techniques accessible to rural communities. They strengthen local water resources without relying on modern technologies or costly infrastructure. By improving groundwater recharge, these solutions support local agriculture and help limit rural exodus by ensuring water security.', 'Loic Rogard',
  'Rajasthan', 'Rajasthan', 26.8105777, 73.7684549,
  'images/IMG_3510.jpg', '', '', '2026-02-10', 'published', 1, '2026-02-10 13:35:12', '2026-02-10 13:35:12'
);
INSERT INTO cartel_categories (cartel_id, category_id) VALUES ('1770730512979', 'h2o');
INSERT INTO cartel_categories (cartel_id, category_id) VALUES ('1770730512979', 'agriculture');

INSERT INTO cartels (id, titre, titre_en, annee, description, description_en, exhume_par, location, location_en, lat, lng, image_path, image_credit, url_qr, date, status, visible, created_at, updated_at) VALUES (
  '1770730646469', 'BADGUIR TOUR DU VENT', 'BADGUIR WIND TURBINE', 'XIII av JC',
  'Le Badguir est une tour traditionnelle d''architecture persane utilisée depuis des siècles pour créer une ventilation naturelle dans les bâtiments.\n\nOn pense que ce capteur de vent fonctionne grâce à la faible différence de pression entre la base et le sommet à l''intérieur de la colonne. Ainsi, à chaque fois qu''un faible souffle de vent passe au travers du sommet du badguir (on ne sent pas la différence à la base de la colonne), la différence de pression aide à remonter l''air chaud vers le sommet et à amener de l''air frais vers le bas de la colonne. L''effet d''accumulation sur une période de 24 heures est notable.\n', 'The Badguir is a traditional Persian architectural tower that has been used for centuries to create natural ventilation in buildings. It is believed that this wind collector works thanks to the slight difference in pressure between the base and the top inside the column. Thus, whenever a slight breeze passes through the top of the badguir (the difference is not felt at the base of the column), the pressure difference helps to draw warm air up to the top and bring cool air down to the bottom of the column. The cumulative effect over a 24-hour period is significant. ', 'Dehghan Kamaragi',
  'Empire Perse', 'Empire Perse', 29.6175265, 52.519699,
  'images/IMG_3574.jpeg', '', '', '2026-02-10', 'published', 1, '2026-02-10 13:37:26', '2026-02-10 13:37:26'
);
INSERT INTO cartel_categories (cartel_id, category_id) VALUES ('1770730646469', 'rafraichir');
INSERT INTO cartel_categories (cartel_id, category_id) VALUES ('1770730646469', 'eolien');
INSERT INTO cartel_categories (cartel_id, category_id) VALUES ('1770730646469', 'h2o');

INSERT INTO cartels (id, titre, titre_en, annee, description, description_en, exhume_par, location, location_en, lat, lng, image_path, image_credit, url_qr, date, status, visible, created_at, updated_at) VALUES (
  '1770730758337', 'LES QANATS', 'Les qanats', 'XX siècle av. J.C.',
  'Les qanats sont des systèmes d’irrigation souterrains développés il y a plus de 2 000 ans en Iran, au Moyen-Orient et en Afrique du Nord. Ce procédé permet d’acheminer l’eau des nappes phréatiques vers les zones habitées et agricoles sans pompage ni perte excessive par évaporation.\n\nCe système repose sur un réseau de galeries souterraines inclinées, creusées à la main, qui collectent l’eau et la guident par gravité sur de longues distances. Il permet d’alimenter les villes et les cultures, même dans des régions arides, en minimisant les pertes et en évitant la surexploitation des ressources.\n\nAujourd’hui, certaines communautés utilisent encore les qanats, et leur principe inspire de nouvelles approches en gestion durable de l’eau. Des projets contemporains s’appuient sur cette technologie pour favoriser une distribution écologique et résiliente des ressources en eau, notamment dans les régions touchées par la sécheresse.', 'Qanats are underground irrigation systems developed over 2,000 years ago in Iran, the Middle East, and North Africa. This process allows water from aquifers to be transported to inhabited and agricultural areas without pumping or excessive evaporation losses.\n\nThe system is based on a network of sloping underground tunnels, dug by hand, which collect water and guide it by gravity over long distances. It supplies cities and crops, even in arid regions, while minimizing losses and avoiding overexploitation of resources.\n\nToday, some communities still use qanats, and their principle inspires new approaches to sustainable water management. Contemporary projects rely on this technology to promote ecological and resilient distribution of water resources, particularly in regions affected by drought.', 'Simona Iliycheva',
  'Iran', 'Iran', 32.6475314, 54.5643516,
  'images/IMG_3511.jpeg', '', 'https://whc.unesco.org/en/list/1506/', '2026-02-10', 'published', 1, '2026-02-10 13:39:18', '2026-02-10 13:39:18'
);
INSERT INTO cartel_categories (cartel_id, category_id) VALUES ('1770730758337', 'agriculture');
INSERT INTO cartel_categories (cartel_id, category_id) VALUES ('1770730758337', 'h2o');

INSERT INTO cartels (id, titre, titre_en, annee, description, description_en, exhume_par, location, location_en, lat, lng, image_path, image_credit, url_qr, date, status, visible, created_at, updated_at) VALUES (
  '1770730830604', 'L''INGÉNIERIE HYDRAULIQUE ROMAINE', 'ROMAN HYDRAULIC ENGINEERING', 'IV Avant JC',
  'L’ingénierie hydraulique romaine constitue l’un des fondements techniques de l’expansion urbaine et agricole de l’Empire. Les Romains ont conçu un réseau complexe d’ouvrages permettant la captation, le transport, le stockage et la distribution de l’eau à grande échelle. \n\nParmi les dispositifs emblématiques figurent les aqueducs gravitaires (certains longs de plus de 100 km) acheminant l’eau depuis les sources jusqu’aux cités. Celles-ci étaient ensuite desservies par un maillage de canalisations, de réservoirs (castella), de fontaines, de thermes, mais aussi de systèmes d’irrigation. \nL’usage du béton romain (opus caementicium) et l’invention du specus voûté ont permis une grande durabilité des structures. L’expertise hydraulique s’étendait également aux égouts, aux barrages (comme celui de Subiaco) et aux roues hydrauliques.\n\nCette ingénierie, à la fois pragmatique et sophistiquée, reposait sur une compréhension fine des topographies et des écoulements. Elle a durablement influencé les infrastructures hydrauliques européennes jusqu’à l’époque moderne.\n', 'Roman hydraulic engineering was one of the technical foundations of the Empire''s urban and agricultural expansion. The Romans designed a complex network of structures for the collection, transport, storage, and distribution of water on a large scale. \n\nAmong the most iconic structures were gravity-fed aqueducts (some over 100 km long) that carried water from its sources to cities. These cities were then served by a network of pipes, reservoirs (castella), fountains, thermal baths, and irrigation systems. \nThe use of Roman concrete (opus caementicium) and the invention of vaulted specus ensured the durability of these structures. Hydraulic expertise also extended to sewers, dams (such as the one at Subiaco), and water wheels.\n\nThis engineering, both pragmatic and sophisticated, was based on a detailed understanding of topography and water flow. It had a lasting influence on European hydraulic infrastructure until modern times. ', 'Cédric Carles',
  'Rome', 'Rome', 41.8933203, 12.4829321,
  'images/IMG_3512.jpeg', '', '', '2026-02-10', 'published', 1, '2026-02-10 13:40:30', '2026-02-10 13:40:30'
);
INSERT INTO cartel_categories (cartel_id, category_id) VALUES ('1770730830604', 'agriculture');
INSERT INTO cartel_categories (cartel_id, category_id) VALUES ('1770730830604', 'h2o');
INSERT INTO cartel_categories (cartel_id, category_id) VALUES ('1770730830604', 'sante');

INSERT INTO cartels (id, titre, titre_en, annee, description, description_en, exhume_par, location, location_en, lat, lng, image_path, image_credit, url_qr, date, status, visible, created_at, updated_at) VALUES (
  '1770730960989', 'LES PAILLIS', 'THE STRAW', 'XVIII siècle',
  'Le paillage, consistant à recouvrir le sol de matériaux organiques tels que paille, foin, les feuilles mortes ou autour de Paris au XVIIIeme siècle, de fumier de cheval.\n\nIl s’agit d’une technique agricole utilisée depuis des siècles offrant de multiples avantages : réduction de l’évaporation de l’eau, suppression des mauvaises herbes, régulation thermique du sol et amélioration de sa structure. En se décomposant, le paillis enrichit le sol en matière organique, favorisant ainsi la biodiversité microbienne et la fertilité. Dans les régions arides, notamment en Afrique, cette méthode traditionnelle s’avère particulièrement efficace pour conserver l’humidité et protéger les cultures des conditions climatiques extrêmes.\n\nAujourd’hui, le paillage est reconnu comme une pratique agroécologique essentielle, combinant savoirs ancestraux et innovations modernes pour une agriculture durable et résiliente.', 'Mulching consists of covering the soil with organic materials such as straw, hay, dead leaves or, around Paris in the 18th century, horse manure.\n\nIt is an agricultural technique that has been used for centuries and offers many advantages: it reduces water evaporation, suppresses weeds, regulates soil temperature, and improves soil structure. As it decomposes, mulch enriches the soil with organic matter, promoting microbial biodiversity and fertility. In arid regions, particularly in Africa, this traditional method is particularly effective in conserving moisture and protecting crops from extreme weather conditions. Today, mulching is recognized as an essential agroecological practice, combining ancestral knowledge and modern innovations for sustainable and resilient agriculture.', 'Raphaël Luciani-Galais',
  'Paris', 'Paris', 48.8588897, 2.320041,
  'images/IMG_3579.jpeg', '', '', '2026-02-10', 'published', 1, '2026-02-10 13:42:40', '2026-02-10 13:42:40'
);
INSERT INTO cartel_categories (cartel_id, category_id) VALUES ('1770730960989', 'agriculture');

INSERT INTO cartels (id, titre, titre_en, annee, description, description_en, exhume_par, location, location_en, lat, lng, image_path, image_credit, url_qr, date, status, visible, created_at, updated_at) VALUES (
  '1770731173413', 'SYSTÈME D’IRRIGATION PAR JARRE : OLLA OU OYA', 'JAR IRRIGATION SYSTEM: OLLA OR OYA', 'XX Siecle av JC',
  'Technique ancestrale, l’origine de ce système d’irrigation remonte à plusieurs milliers d’années. L''agronome Fan Shengzhi fait mention de l''irrigation par jarre il y a 2 000 ans en Chine. D’autres travaux de recherches évoquent l’utilisation de cette technique d’irrigation durant l’Empire romain. \nPar la suite, cette méthode ancestrale va se répandre dans plusieurs continents, dont l’Afrique et l’Asie où elle deviendra une technique traditionnelle d’arrosage des cultures. Elle est largement utilisée aujourd’hui en Amérique latine, où elle prend son appellation « Oya » qui signifie « pot » en français.\n\nCette technique repose sur l''utilisation d''un pot d''argile cuit à basse température que l''on enterre jusqu''au col et rempli d''eau pour irriguer les plantes placées autour. Les parois poreuses vont peu à peu laisser s''échapper l''eau qui sera absorbée par les racines des plantes. L''irrigation par jarre est une technique d''irrigation souterraine stable et économique, particulièrement adaptée dans les zones arides, elle permet de réduire de 60 % l’utilisation d’eau. Aujourd’hui, avec une augmentation des méthodes de création de permaculture et de jardin écologique, ce système attire de plus en plus les intérêts.\n', 'An ancient technique, the origins of this irrigation system date back several thousand years. Agronomist Fan Shengzhi mentions jar irrigation in China 2,000 years ago. Other research refers to the use of this irrigation technique during the Roman Empire. \nThis ancient method subsequently spread to several continents, including Africa and Asia, where it became a traditional technique for watering crops. It is widely used today in Latin America, where it is known as "Oya," which means "pot" in English.\n\nThis technique involves using a low-fired clay pot that is buried up to its neck and filled with water to irrigate the plants placed around it. The porous walls gradually allow the water to escape, which is then absorbed by the plant roots. Jar irrigation is a stable and economical underground irrigation technique, particularly suitable for arid areas, reducing water use by 60%. Today, with the rise of permaculture and ecological gardening methods, this system is attracting increasing interest. ', 'Iswann Ali Benali',
  'Chine', 'China', 35.000074, 104.999927,
  'images/IMG_3580.jpeg', '', 'https://www.poterie-jamet.com/nos-produits/ollas-oyas-irrigation/les-oyas-ollas-comment-ca-marche/#:~:text=L''irrigation%20par%20une%20poterie,irriguer%20les%20plantes%20plac%C3%A9es%20autour.', '2026-02-10', 'published', 1, '2026-02-10 13:46:13', '2026-02-10 13:46:13'
);
INSERT INTO cartel_categories (cartel_id, category_id) VALUES ('1770731173413', 'agriculture');
INSERT INTO cartel_categories (cartel_id, category_id) VALUES ('1770731173413', 'h2o');

INSERT INTO cartels (id, titre, titre_en, annee, description, description_en, exhume_par, location, location_en, lat, lng, image_path, image_credit, url_qr, date, status, visible, created_at, updated_at) VALUES (
  '1770731250077', 'Moulins-Bateaux', 'Mills-Boats', '508',
  'Qui, en France, se souvient que sur nos rivières ont existé des moulins flottants et que la plupart ont disparu au milieu du XIXème siècle ? \n\nLe premier document évoquant les moulins-bateaux remonte en l''an 508, quand Clovis autorise la fondation de l''abbaye de Saint-Mesmin de Micy à établir des moulins-bateaux sur les rivières de Loire et du Loiret.\n\nLe moulin-bateau a l''apparence extérieure d''un bateau, mais il fonctionne comme un moulin à eau fixé sur le bord de la rivière, avec sa roue à aubes et ses machines pour la mouture. L’avantage du moulin à deux nefs est sa stabilité. Ce type de moulin rendait possible l’existence de ventelles servant à réguler l''arrivée d''eau sur la roue à aubes mais aussi de mieux contrôler la vitesse du mécanisme du moulin.\n\nLes avantages du moulin-bateau, par rapport au moulin fixe installé sur le bord des rivières est sa capacité à être déplacé, il suit les fluctuations du niveau des eaux sans dommage pour le moulin-bateau alors que le moulin fixe subit les caprices des rivières, une forte crue peut causer d''importants dégâts, voire emporter toute la cabane et son système de meunerie, ou se trouver inactif par une baisse des eaux. ', 'Who in France remembers that there used to be floating mills on our rivers and that most of them disappeared in the mid-19th century? \n\nThe first document mentioning boat mills dates back to 508, when Clovis authorized the foundation of the Abbey of Saint-Mesmin de Micy to establish boat mills on the Loire and Loiret rivers.\n\nThe floating mill looks like a boat from the outside, but it functions like a water mill fixed to the riverbank, with its paddle wheel and grinding machinery. The advantage of the double-hulled mill is its stability. This type of mill made it possible to use sluice gates to regulate the flow of water to the water wheel and to better control the speed of the mill mechanism. The advantages of the boat mill, compared to the fixed mill installed on the banks of rivers, are its ability to be moved, it can follow fluctuations in water levels without damage to the boat mill, whereas fixed mills are subject to the whims of rivers; heavy flooding can cause significant damage, even sweeping away the entire cabin and its milling system, or rendering it inactive when the water level drops. ', 'Les Bateliers des Vents d''Galerne',
  'Loiret', 'Loiret', 47.9138725, 2.3075036,
  'images/IMG_3513.jpeg', '', 'https://www.bateliersdesventsdgalerne.fr/', '2026-02-10', 'published', 1, '2026-02-10 13:47:30', '2026-02-10 13:47:30'
);
INSERT INTO cartel_categories (cartel_id, category_id) VALUES ('1770731250077', 'h2o');
INSERT INTO cartel_categories (cartel_id, category_id) VALUES ('1770731250077', 'agriculture');

INSERT INTO cartels (id, titre, titre_en, annee, description, description_en, exhume_par, location, location_en, lat, lng, image_path, image_credit, url_qr, date, status, visible, created_at, updated_at) VALUES (
  '1770731336556', 'LES ACEQUIAS', 'THE IRRIGATION DITCHES', 'VIII siècle',
  'Les acequias, anciens canaux d''irrigation médiévaux en Espagne, sont restaurés pour lutter contre la sécheresse due aux changements climatiques.\n\nCreusées par les Maures entre le VIIIe et le Xe siècle, ces infrastructures permettent de ralentir l''écoulement de l''eau et de la stocker dans les nappes phréatiques, aidant ainsi à irriguer les cultures durant les périodes sèches.\n\nEn Andalousie, des bénévoles et des chercheurs travaillent à remettre en état ces systèmes, soulignant leur importance historique et écologique pour la région.', 'Acequias, ancient medieval irrigation channels in Spain, are being restored to combat drought caused by climate change.\n\nDug by the Moors between the 8th and 10th centuries, these infrastructures slow down the flow of water and store it in aquifers, helping to irrigate crops during dry periods. In Andalusia, volunteers and researchers are working to restore these systems, highlighting their historical and ecological importance for the region.', 'Raphael Luciani-Galais',
  'Espagne', 'Spain', 39.3260685, -4.8379791,
  'images/IMG_3514.jpeg', '', 'https://patternenergy.com/fr/les-incroyables-acequias-dalbuquerque/', '2026-02-10', 'published', 1, '2026-02-10 13:48:56', '2026-02-10 13:48:56'
);
INSERT INTO cartel_categories (cartel_id, category_id) VALUES ('1770731336556', 'h2o');
INSERT INTO cartel_categories (cartel_id, category_id) VALUES ('1770731336556', 'agriculture');

INSERT INTO cartels (id, titre, titre_en, annee, description, description_en, exhume_par, location, location_en, lat, lng, image_path, image_credit, url_qr, date, status, visible, created_at, updated_at) VALUES (
  '1770731440080', 'HYDRO POMPE DE SAQIYA DE ISMAIL AL-JAZARI', 'ISMAIL AL-JAZARI''S SAQIYA WATER PUMP', '1206',
  'Al-Jazari est un inventeur prolifique qui a conçu de nombreuses machines pour élever l''eau, dont des moulins à eau et des roues à eau avec des cames sur leur essieu pour faire fonctionner des automates. \n\nOn lui attribue la première utilisation connue d''un vilebrequin dans une pompe à chaîne. Ces mécanismes ont fourni de l’eau à Damas à partir du 13ème siècle jusqu''à l''époque moderne et étaient utilisés dans tout le monde islamique médiéval.', 'Al-Jazari was a prolific inventor who designed numerous machines for raising water, including water mills and water wheels with cams on their axles to operate automata. \n\nHe is credited with the first known use of a crankshaft in a chain pump. These mechanisms supplied water to Damascus from the 13th century until modern times and were used throughout the medieval Islamic world.', 'Cindy Fiorentino',
  'Damas', 'Damas', 33.5130695, 36.3095814,
  'images/IMG_3515.jpeg', '', '', '2026-02-10', 'published', 1, '2026-02-10 13:50:40', '2026-02-10 13:50:40'
);
INSERT INTO cartel_categories (cartel_id, category_id) VALUES ('1770731440080', 'h2o');

INSERT INTO cartels (id, titre, titre_en, annee, description, description_en, exhume_par, location, location_en, lat, lng, image_path, image_credit, url_qr, date, status, visible, created_at, updated_at) VALUES (
  '1770731518215', 'CHINAMPA - LES JARDINS FLOTTANTS', 'CHINAMPA - THE FLOATING GARDENS', 'XIII siècle',
  'La technique du chinampa est d’origine précolombienne, utilisée par les Aztèques dès le XIIIe siècle jusqu’à la conquête (XIIIe–XVIe siècles).\n\nElle consiste à créer des îlots artificiels sur des plans d’eau via un réseau de canaux. La boue, riche en nutriments, extraite de ces canaux, était utilisée pour fertiliser les îlots, qui dépassaient d’un mètre la surface de l’eau. Les semis étaient préparés avec un mélange de boue et de feuillage, et des arbres plantés en bordure limitaient l’érosion.\n\nCe système, combinant sols naturellement enrichis et gestion optimale de l’eau, permettait des récoltes abondantes sur de petites surfaces.\n\nReposant sur des matériaux et processus naturels, sans équipements énergivores, le chinampa valorise efficacement des ressources locales. Aujourd’hui, face à l’urbanisation, il offre une solution low-tech pour aménager des espaces cultivables en ville et soutenir l’approvisionnement alimentaire.', 'The chinampa technique is of pre-Columbian origin, used by the Aztecs from the 13th century until the conquest (13th–16th centuries).\n\nIt involves creating artificial islands on bodies of water via a network of canals. Nutrient-rich mud extracted from these canals was used to fertilize the islands, which rose one meter above the water''s surface. Seedlings were prepared with a mixture of mud and foliage, and trees planted around the edges limited erosion.\n\nThis system, combining naturally enriched soils and optimal water management, allowed for abundant harvests on small areas. Based on natural materials and processes, without energy-intensive equipment, chinampa effectively makes use of local resources. Today, in the face of urbanization, it offers a low-tech solution for developing cultivable spaces in cities and supporting food supply.', 'Loic Rogard',
  'Colombie', 'Colombia', 4.099917, -72.9088133,
  'images/IMG_3516.jpeg', '', '', '2026-02-10', 'published', 1, '2026-02-10 13:51:58', '2026-02-10 13:51:58'
);
INSERT INTO cartel_categories (cartel_id, category_id) VALUES ('1770731518215', 'h2o');
INSERT INTO cartel_categories (cartel_id, category_id) VALUES ('1770731518215', 'agriculture');

INSERT INTO cartels (id, titre, titre_en, annee, description, description_en, exhume_par, location, location_en, lat, lng, image_path, image_credit, url_qr, date, status, visible, created_at, updated_at) VALUES (
  '1770731577994', 'LES SUIKINKUTSU, BASSINS D’INFILTRATION JAPONAIS', 'SUIKINKUTSU, JAPANESE INFILTRATION BASINS', 'XVII siècle',
  'Les Suikinkutsu sont des bassins d’infiltration japonais développés au XVIIe siècle, combinant gestion de l’eau et esthétique sonore dans les jardins traditionnels. Ces systèmes, souvent dissimulés sous des fontaines ou près des lavabos rituels (chōzubachi), sont constitués d’une jarre enterrée contenant une petite ouverture à sa base.\n\nLorsque l’eau s’infiltre goutte à goutte dans cette cavité, elle produit un son délicat et cristallin, amplifié par la résonance de la jarre. Au-delà de leur aspect esthétique, les Suikinkutsu permettent une drainage naturel de l’eau, évitant l’accumulation stagnante et favorisant la régénération des sols.\n\nToujours présents dans certains jardins japonais, ces dispositifs sont aujourd’hui étudiés pour leur approche durable et biomimétique de la gestion de l’eau en milieu urbain, combinant efficacité hydraulique et bien-être sensoriel.', 'Suikinkutsu are Japanese infiltration basins developed in the 17th century, combining water management and sound aesthetics in traditional gardens. These systems, often hidden under fountains or near ritual washbasins (chōzubachi), consist of an underground jar with a small opening at its base.\n\nWhen water drips into this cavity, it produces a delicate, crystalline sound, amplified by the resonance of the jar. Beyond their aesthetic appeal, Suikinkutsu allow for natural water drainage, preventing stagnant accumulation and promoting soil regeneration.\n\nStill found in some Japanese gardens, these devices are now being studied for their sustainable and biomimetic approach to water management in urban environments, combining hydraulic efficiency with sensory well-being.', 'Simona Iliycheva',
  'Japon', 'Japanese', 36.5748441, 139.2394179,
  'images/IMG_3517.jpeg', '', '', '2026-02-10', 'published', 1, '2026-02-10 13:52:57', '2026-02-10 13:52:57'
);
INSERT INTO cartel_categories (cartel_id, category_id) VALUES ('1770731577994', 'h2o');
INSERT INTO cartel_categories (cartel_id, category_id) VALUES ('1770731577994', 'agriculture');

INSERT INTO cartels (id, titre, titre_en, annee, description, description_en, exhume_par, location, location_en, lat, lng, image_path, image_credit, url_qr, date, status, visible, created_at, updated_at) VALUES (
  '1770731727033', 'LE STOOF VOORWERP DANS LES ŒUVRES DE VERMEER', 'THE STOOF VOORWERP IN THE WORKS OF VERMEER', 'XVII siècle',
  'Le célèbre maître hollandais a vécu à Delft au XVIIe siècle. C’est une ville située au niveau de la mer avec un climat très humide et froid. Dans le célèbre tableau la laitière, est représenté en bas à droite un stoof voorwerp. C’est un poêle à pied : une boîte en bois ouverte d''un côté, avec des trous ou une dalle en haut. On y place un bol en poterie ou en métal avec du charbon de bois brûlant. Les pieds sont placés sur le dessus du poêle pour se réchauffer. En plaçant une couverture ou un vêtement sur les pieds, on peut isoler la chaleur et chauffer le bas des jambes. A la mort de Vermeer, l’inventaire de ses biens nous apprend qu’il a possédé deux stoof voorwerp…', 'The famous Dutch master lived in Delft in the 17th century. It is a city located at sea level with a very humid and cold climate. In the famous painting The Milkmaid, a stoof voorwerp is depicted in the lower right corner. It is a foot stove: a wooden box open on one side, with holes or a slab on top. A pottery or metal bowl with burning charcoal is placed inside. The feet are placed on top of the stove to warm up. By placing a blanket or garment over the feet, the heat can be insulated and the lower legs warmed. Upon Vermeer''s death, the inventory of his possessions reveals that he owned two stoof voorwerp...', 'Ludovic Duhem',
  'Pays-Bas', 'Netherlands', 52.2434979, 5.6343227,
  'images/IMG_3583.jpeg', '', '', '2026-02-10', 'published', 1, '2026-02-10 13:55:27', '2026-02-10 13:55:27'
);
INSERT INTO cartel_categories (cartel_id, category_id) VALUES ('1770731727033', 'rechauffer');

INSERT INTO cartels (id, titre, titre_en, annee, description, description_en, exhume_par, location, location_en, lat, lng, image_path, image_credit, url_qr, date, status, visible, created_at, updated_at) VALUES (
  '1770732203380', 'SYSTÈME KABATA DE GESTION DE L’EAU', 'KABATA WATER MANAGEMENT SYSTEM', 'XVII siècle',
  'Le système Kabata repose sur l’utilisation d’eau de source naturellement filtrée par le milieu géologique. À Harie, l’eau circule à travers les habitations via un réseau de canaux et de bassins intégrés. Ce procédé assure un approvisionnement constant en eau pure pour les usages domestiques, tout en créant un microclimat : sa température stable apporte fraîcheur en été et douceur en hiver.\n\nLe système valorise aussi l’écologie locale en régulant la qualité de l’eau grâce à des bassins peuplés de carpes filtrantes.\nIl fonctionne selon des principes naturels, sans technologies énergivores ni maintenance complexe.\n\nEn exploitant les ressources locales (eau de source) et la géothermie passive (température stable de l’eau), il réduit le besoin d’équipements modernes de chauffage ou de rafraîchissement.\n\nEn favorisant une gestion raisonnée de l’eau et en limitant le gaspillage, cette technique offre une solution inspirante pour la transition énergétique et la préservation des ressources naturelles.', 'The Kabata system relies on the use of spring water that is naturally filtered by the geological environment. In Harie, water flows through homes via a network of integrated canals and basins. This process ensures a constant supply of pure water for domestic use, while creating a microclimate: its stable temperature provides coolness in summer and warmth in winter.\n\nThe system also promotes local ecology by regulating water quality through basins populated with filter-feeding carp. It operates according to natural principles, without energy-intensive technologies or complex maintenance.\n\nBy exploiting local resources (spring water) and passive geothermal energy (stable water temperature), it reduces the need for modern heating or cooling equipment. By promoting rational water management and limiting waste, this technique offers an inspiring solution for energy transition and the preservation of natural resources.', 'Thomas Ortiz',
  'Japon', 'Japanese', 36.5748441, 139.2394179,
  'images/IMG_3518.jpeg', '', '', '2026-02-10', 'published', 1, '2026-02-10 14:03:23', '2026-02-10 14:03:23'
);
INSERT INTO cartel_categories (cartel_id, category_id) VALUES ('1770732203380', 'agriculture');
INSERT INTO cartel_categories (cartel_id, category_id) VALUES ('1770732203380', 'h2o');

INSERT INTO cartels (id, titre, titre_en, annee, description, description_en, exhume_par, location, location_en, lat, lng, image_path, image_credit, url_qr, date, status, visible, created_at, updated_at) VALUES (
  '1770732303364', 'LE POTAGER EN CARRÉS', 'THE SQUARE VEGETABLE GARDEN', 'XVII siécle',
  'Issu des traditions monastiques et des jardins de curés, le potager en carrés apparaît comme une méthode d’organisation rationnelle de l’espace de culture. \nChaque carré (souvent de 1,20 m de côté) est subdivisé en parcelles plus petites, facilitant la rotation des cultures, l’association bénéfique des plantes et une gestion précise de l’arrosage et du compost. \n\nCe modèle est utilisé dès le XVIIe siècle dans les jardins aristocratiques, comme à Versailles, pour allier ordre, productivité et esthétisme.\n\nRedécouvert et popularisé dans les années 1980 par l’Américain Mel Bartholomew, il devient une réponse efficace aux besoins contemporains : gain d’espace, faible consommation d’eau, accessibilité urbaine.\nLe potager en carrés s’impose aujourd’hui comme une solution low-tech, modulable et pédagogique, adaptée à la résilience alimentaire des foyers, des écoles ou des microfermes urbaines.\n', 'Stemming from monastic traditions and parish gardens, the square foot garden is a rational method of organizing growing space. Each square (often 1.20 m on each side) is subdivided into smaller plots, facilitating crop rotation, beneficial plant combinations, and precise management of watering and compost. \n\nThis model has been used since the 17th century in aristocratic gardens, such as Versailles, to combine order, productivity, and aesthetics. Rediscovered and popularized in the 1980s by American Mel Bartholomew, it has become an effective response to contemporary needs: space savings, low water consumption, and urban accessibility.\nThe square foot garden is now establishing itself as a low-tech, modular, and educational solution, suited to the food resilience of households, schools, and urban microfarms. ', 'Raphael Luciani-Galais ',
  'France', 'France', 46.603354, 1.8883335,
  'images/IMG_3587.jpeg', '', '', '2026-02-10', 'published', 1, '2026-02-10 14:05:03', '2026-02-10 14:05:03'
);
INSERT INTO cartel_categories (cartel_id, category_id) VALUES ('1770732303364', 'agriculture');

INSERT INTO cartels (id, titre, titre_en, annee, description, description_en, exhume_par, location, location_en, lat, lng, image_path, image_credit, url_qr, date, status, visible, created_at, updated_at) VALUES (
  '1770732419681', 'ORIGINES DU MARAÎCHAGE', 'ORIGINS OF MARKET GARDENING', 'XVIII siècle',
  'Le terme « maraîchage » apparaît au XVIIIe siècle pour désigner l’activité des jardiniers cultivant des potagers situés sur des terrains marécageux autour de Paris.\n\nCes zones humides, progressivement asséchées, ont permis l’implantation de cultures intensives destinées à approvisionner la capitale en légumes frais.\nLes maraîchers parisiens, organisés en communautés structurées, ont développé des techniques culturales avancées, telles que l’utilisation de châssis et de cloches en verre pour protéger les cultures, et l’amendement des sols avec du fumier provenant des voiries urbaines.\n\nCette profession, transmise de génération en génération, a joué un rôle essentiel dans l’alimentation des citadins et a contribué à l’essor de l’agriculture urbaine.', 'The term "maraîchage" appeared in the 18th century to describe the activity of gardeners cultivating vegetable gardens located on marshy land around Paris. These wetlands, which were gradually drained, allowed for the establishment of intensive crops intended to supply the capital with fresh vegetables.\nParisian market gardeners, organized into structured communities, developed advanced cultivation techniques, such as the use of frames and glass cloches to protect crops, and soil improvement with manure from urban roads.\n\nThis profession, passed down from generation to generation, played an essential role in feeding city dwellers and contributed to the rise of urban agriculture.', 'Raphael Luciani-Galais ',
  'Paris', 'Paris', 48.8588897, 2.320041,
  'images/IMG_3586.jpeg', '', '', '2026-02-10', 'published', 1, '2026-02-10 14:06:59', '2026-02-10 14:06:59'
);
INSERT INTO cartel_categories (cartel_id, category_id) VALUES ('1770732419681', 'agriculture');

INSERT INTO cartels (id, titre, titre_en, annee, description, description_en, exhume_par, location, location_en, lat, lng, image_path, image_credit, url_qr, date, status, visible, created_at, updated_at) VALUES (
  '1770732724065', 'LA COUCHE CHAUDE AU FUMIER', 'THE HOT MANURE LAYER', 'XVIII siècle',
  'Avant l’apparition des serres chauffées, les maraîchers utilisaient la fermentation du fumier pour chauffer le sol. \nCette technique, appelée « couche chaude », consiste à enfouir du fumier frais (souvent de cheval) sous une couche de terre, sur laquelle on sème ou repique des plants. \n\nLa décomposition du fumier produit une chaleur constante pendant plusieurs semaines, créant un microclimat propice à la germination et à la croissance des jeunes plantes, même en hiver. \nTrès répandue dans les ceintures maraîchères de Paris ou de Londres, cette méthode low-tech permettait des cultures hors saison sans recours à l’énergie fossile. Elle allie recyclage de déchets organiques, autonomie énergétique et maîtrise fine du vivant. \n\nRedécouverte aujourd’hui par les jardiniers bio et la permaculture, la couche chaude incarne une agriculture sobre, adaptée aux défis énergétiques contemporains.', 'Before heated greenhouses were invented, market gardeners used manure fermentation to heat the soil. This technique, known as "hot bedding," involves burying fresh manure (often horse manure) under a layer of soil, on which seeds are sown or seedlings are transplanted. \n\nThe decomposition of the manure produces constant heat for several weeks, creating a microclimate conducive to germination and the growth of young plants, even in winter. \nWidely used in the market gardens around Paris and London, this low-tech method allowed crops to be grown out of season without the use of fossil fuels. It combines organic waste recycling, energy self-sufficiency, and precise control of living organisms. Rediscovered today by organic gardeners and permaculture practitioners, hotbeds embody a simple form of agriculture that is well-suited to contemporary energy challenges.', 'Raphael Luciani-Galais ',
  'Paris', 'Paris', 48.8588897, 2.320041,
  'images/IMG_3588.jpeg', '', '', '2026-02-10', 'published', 1, '2026-02-10 14:12:04', '2026-02-10 14:12:04'
);
INSERT INTO cartel_categories (cartel_id, category_id) VALUES ('1770732724065', 'agriculture');

INSERT INTO cartels (id, titre, titre_en, annee, description, description_en, exhume_par, location, location_en, lat, lng, image_path, image_credit, url_qr, date, status, visible, created_at, updated_at) VALUES (
  '1770732851344', 'LES CLOCHES DE JARDIN', 'GARDEN BELLS', 'XVIII',
  'Avant l’invention des serres modernes, les jardiniers utilisaient des cloches de jardin (des structures en verre épais, hémisphériques ou coniques) pour créer un microclimat favorable à la croissance des plantes. En captant la chaleur solaire et en la conservant durant la nuit, ces dispositifs passifs protégeaient semis et jeunes plants du froid, tout en accélérant leur développement. \n\nTrès répandues au XVIIIe et XIXe siècle en Europe, notamment dans les potagers royaux ou monastiques, elles permettaient une production maraîchère précoce, sans apport énergétique extérieur. \nFabriquées artisanalement, souvent soufflées à la bouche, les cloches représentaient une solution low-tech efficace pour prolonger la saison agricole, aujourd’hui réhabilitée dans des démarches de permaculture ou de sobriété énergétique. \n\nElles rappellent que la maîtrise fine des cycles naturels et des ressources locales a longtemps permis une agriculture résiliente face aux aléas climatiques.', 'Before the invention of modern greenhouses, gardeners used garden cloches (thick glass structures, hemispherical or conical in shape) to create a microclimate conducive to plant growth. By capturing solar heat and retaining it during the night, these passive devices protected seedlings and young plants from the cold, while accelerating their development. \n\nWidely used in 18th- and 19th-century Europe, particularly in royal and monastic vegetable gardens, they enabled early vegetable production without the need for external energy sources. \nHandcrafted, often mouth-blown, the cloches were an effective low-tech solution for extending the agricultural season, now rehabilitated in permaculture and energy efficiency initiatives. They remind us that a detailed understanding of natural cycles and local resources has long enabled agriculture to remain resilient in the face of climatic hazards.', 'Cédric Carles',
  'Europe', 'Europe', 51, 10,
  'images/IMG_3589.jpeg', '', 'https://potagersdantan.com/2021/09/11/les-cloches-de-jardin/', '2026-02-10', 'published', 1, '2026-02-10 14:14:11', '2026-02-10 14:14:11'
);
INSERT INTO cartel_categories (cartel_id, category_id) VALUES ('1770732851344', 'solaire');

INSERT INTO cartels (id, titre, titre_en, annee, description, description_en, exhume_par, location, location_en, lat, lng, image_path, image_credit, url_qr, date, status, visible, created_at, updated_at) VALUES (
  '1770732907689', 'CULTURE SOUS CHÂSSIS', 'CULTIVATION UNDER FRAME', '1780',
  'Vers 1780, dans les environs de Paris, un maraîcher nommé Fournier introduit l’utilisation des châssis vitrés dans la culture maraîchère, marquant une avancée significative dans les techniques agricoles de l’époque. \nCes châssis, constitués de cadres en bois surmontés de vitres, permettent de créer un microclimat favorable à la croissance des plantes en captant la chaleur solaire et en protégeant les cultures des intempéries. \nCette innovation facilite la culture précoce de légumes tels que les laitues, les radis et les carottes, même en dehors des saisons habituelles.\n\nL’adoption des châssis vitrés se répand rapidement parmi les maraîchers parisiens, contribuant à l’essor d’une agriculture urbaine intensive et ingénieuse. \nCette méthode, détaillée dans le Manuel pratique de la culture maraîchère de Paris publié en 1845 par J.-G. Moreau et J.-J.  Daverne, illustre l’ingéniosité des jardiniers de l’époque qui, sans recours aux engrais chimiques, parviennent à approvisionner la capitale en légumes frais tout au long de l’année.', 'Around 1780, in the Paris area, a market gardener named Fournier introduced the use of glass frames in market gardening, marking a significant advance in the agricultural techniques of the time. \nThese frames, made of wooden frames topped with glass panes, created a microclimate conducive to plant growth by capturing solar heat and protecting crops from the elements. This innovation facilitated the early cultivation of vegetables such as lettuce, radishes, and carrots, even outside the usual seasons.\n\nThe adoption of glass frames spread rapidly among Parisian market gardeners, contributing to the rise of intensive and ingenious urban agriculture. \nThis method, detailed in the Practical Manual of Market Gardening in Paris published in 1845 by J.-G. Moreau and J.-J. Daverne, illustrates the ingenuity of the gardeners of the time who, without the use of chemical fertilizers, managed to supply the capital with fresh vegetables throughout the year.', 'Raphael Luciani-Galais ',
  'Paris', 'Paris', 48.8588897, 2.320041,
  'images/IMG_3590.jpeg', '', '', '2026-02-10', 'published', 1, '2026-02-10 14:15:07', '2026-02-10 14:15:07'
);
INSERT INTO cartel_categories (cartel_id, category_id) VALUES ('1770732907689', 'agriculture');
INSERT INTO cartel_categories (cartel_id, category_id) VALUES ('1770732907689', 'solaire');

INSERT INTO cartels (id, titre, titre_en, annee, description, description_en, exhume_par, location, location_en, lat, lng, image_path, image_credit, url_qr, date, status, visible, created_at, updated_at) VALUES (
  '1770733013715', 'RÉSEAU HYDRAULIQUE TRADITIONNEL DE JAIPUR', 'JAIPUR''S TRADITIONAL WATER NETWORK', '1727',
  'Conçu sous l’impulsion de Jai Singh II, ce système est le fruit d’un travail collectif entre architectes, ingénieurs et urbanistes de l’époque, combinant savoirs hydrauliques, architecturaux et environnementaux. Le réseau hydraulique de Jaipur repose sur une optimisation des ressources naturelles, prenant en compte les contraintes climatiques et les besoins de la population. Il s’articule autour de plusieurs dispositifs complémentaires :\n • Stockage des eaux de pluie : Un système de canaux et de réservoirs interconnectés capte et stocke l’eau des précipitations rares pour une utilisation tout au long de l’année.\n • Lacs artificiels et bassins urbains : Des ouvrages comme le lac Man Sagar, associé au Jal Mahal, permettent de réguler l’humidité locale et de servir de réserves d’eau en période sèche.\n • Baoris et stepwells : Ces puits à degrés (ex. Chand Baori) offrent un accès direct à l’eau, limitent l’évaporation et facilitent la gestion communautaire des ressources.\n • Réseaux souterrains et citernes : L’eau est acheminée via des conduits gravitaires et stockée dans des réservoirs souterrains, garantissant une distribution efficace sans perte importante.\n\nCe modèle a permis à Jaipur de développer une autonomie hydrique malgré des conditions climatiques extrêmes.', 'Designed under the leadership of Jai Singh II, this system is the result of a collective effort between architects, engineers, and urban planners of the time, combining hydraulic, architectural, and environmental expertise. Jaipur''s hydraulic network is based on the optimization of natural resources, taking into account climatic constraints and the needs of the population. It is structured around several complementary systems:\n • Rainwater storage: A system of interconnected canals and reservoirs captures and stores water from rare rainfall for use throughout the year. • Artificial lakes and urban basins: Structures such as Man Sagar Lake, associated with the Jal Mahal, regulate local humidity and serve as water reserves during dry periods.\n • Baoris and stepwells: These stepped wells (e.g., Chand Baori) provide direct access to water, limit evaporation, and facilitate community resource management. • Underground networks and cisterns: Water is conveyed via gravity pipes and stored in underground reservoirs, ensuring efficient distribution without significant loss.\n\nThis model has enabled Jaipur to develop water self-sufficiency despite extreme climatic conditions.', 'Eric Dussert',
  'Jaipur', 'Jaipur', 26.9154576, 75.8189817,
  'images/IMG_3519.jpeg', '', '', '2026-02-10', 'published', 1, '2026-02-10 14:16:53', '2026-02-10 14:16:53'
);
INSERT INTO cartel_categories (cartel_id, category_id) VALUES ('1770733013715', 'h2o');
INSERT INTO cartel_categories (cartel_id, category_id) VALUES ('1770733013715', 'agriculture');

INSERT INTO cartels (id, titre, titre_en, annee, description, description_en, exhume_par, location, location_en, lat, lng, image_path, image_credit, url_qr, date, status, visible, created_at, updated_at) VALUES (
  '1770733137581', 'SEMELLES CHAUFFANTES LAVOISIER', 'LAVOISIER HEATED INSOLES', '1780',
  'Le père de la chimie moderne était-il déjà atteint à l''époque par la précarité énergétique ?\n\nOui, si l’on en croit ces semelles chauffantes retrouvées dans le laboratoire de Lavoisier. A la manière d''une bouillotte, les semelles peuvent se remplir d''eau chaude et tenir des pieds au chaud sous un bureau. Cette invention nous rappelle qu’afin de se sentir chez soi, les individus mettent souvent en place des pratiques énergétiques diverses, celles-ci évoluant et changeant en fonction des personnes. \n\nLes semelles chauffantes sont visibles au deuxième étage du Musée des Arts et Métiers à Paris dans la reconstitution du laboratoire de Lavoisier. ', 'Was the father of modern chemistry already affected by energy poverty at the time? Yes, if we are to believe these heated insoles found in Lavoisier''s laboratory. Like a hot water bottle, the insoles can be filled with hot water and keep feet warm under a desk. This invention reminds us that in order to feel at home, people often implement various energy practices, which evolve and change depending on the individual. The heated insoles are on display on the second floor of the Musée des Arts et Métiers in Paris in the reconstruction of Lavoisier''s laboratory. ', 'Cédric Carles',
  'Musée des arts et métiers, Paris', 'Paris', 48.8660977, 2.3554138,
  'images/IMG_3520.jpeg', '', '', '2026-02-10', 'published', 1, '2026-02-10 14:18:57', '2026-02-10 14:18:57'
);
INSERT INTO cartel_categories (cartel_id, category_id) VALUES ('1770733137581', 'rechauffer');
INSERT INTO cartel_categories (cartel_id, category_id) VALUES ('1770733137581', 'h2o');

INSERT INTO cartels (id, titre, titre_en, annee, description, description_en, exhume_par, location, location_en, lat, lng, image_path, image_credit, url_qr, date, status, visible, created_at, updated_at) VALUES (
  '1770733212020', 'LES DÉBUTS DU FORÇAGE MARAICHER', 'THE BEGINNINGS OF FORCED CULTIVATION', '1792',
  'À la charnière des XVIIIe et XIXe siècles, plusieurs maraîchers parisiens initient des techniques de forçage innovantes, prolongeant la saison de culture des légumes en manipulant chaleur, lumière et microclimat. Vers 1792, Quentin force l’asperge blanche, suivi peu après par l’asperge verte en 1800 avec son beau-frère Marie. Le chou-fleur, quant à lui, est forcé pour la première fois par Besnard en 1811, alors que Dulac introduit la romaine précoce dès 1812.\n\nCes méthodes reposent sur l’usage de couches chaudes à base de fumier frais et de châssis vitrés, qui créent un environnement favorable au développement des plantes en dehors des saisons naturelles. Ces pratiques, précises et exigeantes, marquent l’entrée du maraîchage parisien dans l’agriculture climato-adaptative, sans recours à la chaleur fossile. Elles témoignent d’un savoir-faire empirique, transmis oralement, qui permettait à Paris d’être autonome en légumes frais une grande partie de l’année.', 'At the turn of the 18th and 19th centuries, several Parisian market gardeners pioneered innovative forcing techniques, extending the vegetable growing season by manipulating heat, light, and microclimate. Around 1792, Quentin forced white asparagus, followed shortly thereafter by green asparagus in 1800 with his brother-in-law Marie. Cauliflower was forced for the first time by Besnard in 1811, while Dulac introduced early romaine lettuce in 1812. These methods relied on the use of hotbeds made from fresh manure and glass frames, which created an environment conducive to plant growth outside of the natural seasons. These precise and demanding practices marked the entry of Parisian market gardening into climate-adaptive agriculture, without the use of fossil fuels. They are evidence of empirical know-how, passed down orally, which enabled Paris to be self-sufficient in fresh vegetables for much of the year.', 'Raphael Luciani-Galais',
  'Paris', 'Paris', 48.8588897, 2.320041,
  'images/IMG_3592.jpeg', '', '', '2026-02-10', 'published', 1, '2026-02-10 14:20:12', '2026-02-10 14:20:12'
);
INSERT INTO cartel_categories (cartel_id, category_id) VALUES ('1770733212020', 'agriculture');

INSERT INTO cartels (id, titre, titre_en, annee, description, description_en, exhume_par, location, location_en, lat, lng, image_path, image_credit, url_qr, date, status, visible, created_at, updated_at) VALUES (
  '1770733277290', 'BÉLIER HYDRAULIQUE', 'HYDRAULIC RAM', '1792',
  'Dans les années 1790, dix ans après les impressionnants premiers lancers de montgolfières, Joseph Montgolfier se tourne vers un autre projet. Il souhaite acheminer de l’eau à proximité de la papeterie familiale de Vidalon-lès-Annonay en Ardèche. Constatant la force du choix d’une interruption soudaine du flux d’un liquide, il décide d’utiliser celle-ci pour pomper l’eau et l’emmener vers le haut, sans autre énergie nécessaire que celle du courant de l’eau. Sa machine, le bélier hydraulique, permet donc de pousser de l’eau à partir d’une source basse située au niveau de la pompe et de l’acheminer au-dessus via un tuyau vertical. Les “coups de bélier” sont provoqués par l’augmentation de pression dans la chambre qui va décompresser dans le tuyaux vertical. La gestion de cette mécanique des fluides se fait grâce à des clapets, qui laissent cours ou interrompent successivement le débit de l’eau de façon automatique. Ce système est extrêmement robuste et a pu fonctionner sur des communes pendant des dizaines d’années avec très peu d’entretien. \n\nCette invention ne nécessite pas d’autre apport d’énergie que celle de l’eau que l’on souhaite pomper. Peu coûteuse, elle est particulièrement intéressante pour les régions où les cours d’eau sont nombreux. ', 'In the 1790s, ten years after the impressive first hot air balloon launches, Joseph Montgolfier turned his attention to another project. He wanted to transport water to the family paper mill in Vidalon-lès-Annonay in Ardèche. Noticing the force generated when a liquid flow is suddenly interrupted, he decided to use this to pump water upwards, using only the energy of the water current. His machine, the hydraulic ram, allowed water to be pushed from a low source at the pump and transported upwards via a vertical pipe. The "water hammer" effect was caused by the increase in pressure in the chamber, which would then decompress in the vertical pipe. This fluid mechanics is managed by valves, which automatically allow the water flow to pass or interrupt it in succession. This system is extremely robust and has been able to operate in communities for decades with very little maintenance. \n\nThis invention requires no energy input other than that of the water to be pumped. Inexpensive, it is particularly attractive for regions with numerous waterways. ', 'Joël Tetard',
  'Ardèche', 'Ardèche', 44.815194, 4.3986525,
  'images/IMG_3521.jpeg', '', '', '2026-02-10', 'published', 1, '2026-02-10 14:21:17', '2026-02-10 14:21:17'
);
INSERT INTO cartel_categories (cartel_id, category_id) VALUES ('1770733277290', 'h2o');

INSERT INTO cartels (id, titre, titre_en, annee, description, description_en, exhume_par, location, location_en, lat, lng, image_path, image_credit, url_qr, date, status, visible, created_at, updated_at) VALUES (
  '1770733391687', 'BRISE-VENT MOBILES EN PAILLE DE SEIGLE', 'MOBILE WINDSCREENS MADE OF RYE STRAW', 'XIX',
  'Dans les marais non clos de murs, les maraîchers parisiens ont recours à une solution simple et efficace : des brise-vent mobiles en paille de seigle, hauts d’environ 1,50 mètre.\n\nFixés sur des cadres légers, ils sont déplacés selon les besoins pour protéger les semis, jeunes plants ou cultures sensibles des vents froids, desséchants ou violents. Leur usage permet aussi de créer des microclimats favorables à la croissance, en particulier pour les primeurs.\n\nMoins performants que les murs de pierre pour emmagasiner la chaleur, ces dispositifs présentent l’avantage d’être légers, peu coûteux et adaptables à toute parcelle. On en multiplie parfois les versions plus basses à l’intérieur même des jardins, pour optimiser l’exposition au soleil ou atténuer les effets de l’évaporation. Ces brise-vent témoignent d’une maîtrise fine de l’environnement et d’une conception modulaire de l’espace agricole bien avant l’ère du design climatique.', 'In open marshes, Parisian market gardeners use a simple and effective solution: mobile windbreaks made of rye straw, approximately 1.50 meters high. Attached to lightweight frames, they can be moved as needed to protect seedlings, young plants, or sensitive crops from cold, drying, or strong winds. Their use also helps to create microclimates conducive to growth, particularly for early crops. Although less effective than stone walls at storing heat, these devices have the advantage of being lightweight, inexpensive, and adaptable to any plot of land. Lower versions are sometimes used within gardens to optimize sun exposure or mitigate the effects of evaporation. These windbreaks demonstrate a sophisticated understanding of the environment and a modular approach to agricultural space long before the era of climate design.', 'Raphael Luciani-Galais ',
  'Paris', 'Paris', 48.8588897, 2.320041,
  'images/IMG_3593.jpeg', '', '', '2026-02-10', 'published', 1, '2026-02-10 14:23:11', '2026-02-10 14:23:11'
);
INSERT INTO cartel_categories (cartel_id, category_id) VALUES ('1770733391687', 'agriculture');
INSERT INTO cartel_categories (cartel_id, category_id) VALUES ('1770733391687', 'eolien');

INSERT INTO cartels (id, titre, titre_en, annee, description, description_en, exhume_par, location, location_en, lat, lng, image_path, image_credit, url_qr, date, status, visible, created_at, updated_at) VALUES (
  '1770733532105', 'LES VENTILATEURS', 'FANS', 'XIX',
  'Il existe une limite fondamentale à l''effet de refroidissement des ventilateurs : ils ne peuvent fournir un refroidissement qu''à des températures de l''air inférieures à la température moyenne de la peau, qui est d''environ 35 ° C. Ils ne peuvent pas refroidir les gens au-dessus de ce seuil, car l’air en mouvement ne peut pas réduire la température de la peau en dessous de la température ambiante - quelle que soit la vitesse de l’air. Malgré cette limite, les ventilateurs restent extrêmement utiles à des températures supérieures à 35 °C, car ils peuvent être utilisés en appoint de la climatisation. Lorsqu’ils sont utilisés en tandem, les économies d’énergie pendant les vagues de chaleur seraient d’environ 50% par rapport à l’utilisation de la climatisation.', 'There is a fundamental limit to the cooling effect of fans: they can only provide cooling at air temperatures below the average skin temperature, which is around 35°C. They cannot cool people above this threshold because moving air cannot reduce skin temperature below ambient temperature—regardless of air speed. Despite this limitation, fans remain extremely useful at temperatures above 35°C, as they can be used to supplement air conditioning. When used in tandem, energy savings during heat waves would be around 50% compared to using air conditioning alone.', 'Jean-Michel Durant',
  '', '', NULL, NULL,
  'images/IMG_3594.jpeg', '', '', '2026-02-10', 'published', 1, '2026-02-10 14:25:32', '2026-02-10 14:25:32'
);
INSERT INTO cartel_categories (cartel_id, category_id) VALUES ('1770733532105', 'eolien');
INSERT INTO cartel_categories (cartel_id, category_id) VALUES ('1770733532105', 'rafraichir');

INSERT INTO cartels (id, titre, titre_en, annee, description, description_en, exhume_par, location, location_en, lat, lng, image_path, image_credit, url_qr, date, status, visible, created_at, updated_at) VALUES (
  '1770733614056', 'LES JARDINS OUVRIERS', 'WORKERS'' GARDENS', 'XIX',
  'Nés à la fin du XIXe siècle, les jardins ouvriers apparaissent dans un contexte d’urbanisation rapide, de précarité alimentaire et d’hygiène dégradée dans les banlieues industrielles. \nL’abbé Jules Lemire milite pour la création de ces espaces cultivables à destination des familles populaires, afin de leur offrir un complément alimentaire sain, un contact avec la nature, et une forme de stabilité sociale. \n\nDès 1896, la Ligue du coin de terre et du foyer favorise l’essaimage de ces parcelles individuelles, notamment en Seine-Saint-Denis. Aménagés en bordure des villes, parfois sur des friches ou des terrains en attente d’urbanisation, ces jardins deviennent des lieux d’autoproduction, de transmission horticole et de sociabilité.\n\nDurant les deux guerres mondiales, leur rôle nourricier est crucial. Aujourd’hui, ils constituent un héritage vivant de la résilience populaire, inspirant les démarches d’agriculture urbaine contemporaine.', 'Created at the end of the 19th century, allotment gardens emerged in a context of rapid urbanization, food insecurity, and poor hygiene in industrial suburbs. Father Jules Lemire campaigned for the creation of these cultivable spaces for working-class families, in order to provide them with healthy food, contact with nature, and a form of social stability. \n\nFrom 1896 onwards, the Ligue du coin de terre et du foyer (League for Land and Home) promoted the spread of these individual plots, particularly in Seine-Saint-Denis. Located on the outskirts of towns, sometimes on wasteland or land awaiting urbanization, these gardens became places for self-production, horticultural knowledge transfer, and socializing.\n\nDuring the two world wars, their role in feeding the population was crucial. Today, they are a living legacy of popular resilience, inspiring contemporary urban agriculture initiatives.', 'Raphaël Luciani-Galais',
  'Seine-Saint-Denis', 'Seine-Saint-Denis', 48.9098125, 2.4528635,
  'images/IMG_3522.jpeg', '', 'https://www.tourisme93.com/invention-jardins-ouvriers.html', '2026-02-10', 'published', 1, '2026-02-10 14:26:54', '2026-02-10 14:26:54'
);
INSERT INTO cartel_categories (cartel_id, category_id) VALUES ('1770733614056', 'agriculture');
INSERT INTO cartel_categories (cartel_id, category_id) VALUES ('1770733614056', 'h2o');

INSERT INTO cartels (id, titre, titre_en, annee, description, description_en, exhume_par, location, location_en, lat, lng, image_path, image_credit, url_qr, date, status, visible, created_at, updated_at) VALUES (
  '1770733678753', 'LA GÉOTHERMIE DE FRANÇOIS LARDEREL ', 'FRANÇOIS LARDEREL''S GEOTHERMAL ENERGY ', '1818',
  'Qu’est-ce que la géothermie ? Elle désigne l’énergie issue de la Terre convertie en chaleur. La chaleur circule à travers un fluide (ici de l’eau) qui traverse les profondeurs de la Terre et remonte ainsi l’eau chargée de calories (ou énergie thermique). Cette énergie thermique est alors utilisée directement ou convertie en électricité.\n\nLa première utilisation de la géothermie a lieu en Italie. En 1818, l’industriel François Larderel a l’idée de recouvrir les étangs de Montecerboli d’une cloche en pierre afin d’extraire du bore. Les vapeurs s’en émanant sont captées vers des chaudières en cuivre créant la formation d’un dépôt d’acide borique extrait des boues.\n\nCette extraction fait la fortune du jeune entrepreneur qui utilise à cette occasion, pour la première fois, la géothermie à échelle industrielle.\n\nDe 1832 à 1842, François Larderel effectue des forages afin de récupérer directement les gaz surchauffés des sous-sols et ainsi augmenter le débit pour le chauffage des fours de son industrie, parvenant même à produire de l’électricité.\n\nEn 2012, la géothermie représente 16% de la consommation énergétique en Ile de France et l’année suivante cette énergie alimente l’équivalent de 187 000 logements, soit plus de 240 000 tonnes de CO2 évitées annuellement !', 'What is geothermal energy? It refers to energy from the Earth converted into heat. Heat circulates through a fluid (in this case water) that travels through the depths of the Earth and brings back water loaded with calories (or thermal energy). This thermal energy is then used directly or converted into electricity.\n\nGeothermal energy was first used in Italy. In 1818, industrialist François Larderel had the idea of covering the Montecerboli ponds with a stone dome in order to extract boron. The vapors emanating from the ponds were captured in copper boilers, creating a deposit of boric acid extracted from the sludge.\n\nThis extraction made the young entrepreneur''s fortune, as he was the first to use geothermal energy on an industrial scale. From 1832 to 1842, François Larderel carried out drilling operations to directly recover superheated gases from underground, thereby increasing the flow rate for heating his industry''s furnaces and even managing to produce electricity.\n\nIn 2012, geothermal energy accounted for 16% of energy consumption in the Ile-de-France region, and the following year, this energy supplied the equivalent of 187,000 homes, avoiding more than 240,000 tons of CO2 annually!', 'Frédéric Caille',
  'Italie', 'Italy', 42.6384261, 12.674297,
  'images/IMG_3523.jpeg', '', '', '2026-02-10', 'published', 1, '2026-02-10 14:27:58', '2026-02-10 14:27:58'
);
INSERT INTO cartel_categories (cartel_id, category_id) VALUES ('1770733678753', 'electricite');
INSERT INTO cartel_categories (cartel_id, category_id) VALUES ('1770733678753', 'h2o');

INSERT INTO cartels (id, titre, titre_en, annee, description, description_en, exhume_par, location, location_en, lat, lng, image_path, image_credit, url_qr, date, status, visible, created_at, updated_at) VALUES (
  '1770733787722', 'LES ÎLOTS DE CHALEURS URBAINS (ICU)', 'URBAN HEAT ISLANDS (UHI)', '1818',
  'Depuis l’Antiquité, les hommes de science s’intéressent aux relations entre le climat et la ville, pour l’implantation et la conception architecturale des cités ou, plus tard, en matière de pollution de l’air. Toutefois, la mise en évidence d’un climat spécifiquement urbain n’intervient que lorsque le pharmacien britannique Luke Howard publie entre 1818 et 1820 « Le climat de Londres ». À partir d’une série de relevés météorologiques recueillis durant neuf ans son ouvrage étudie : la température, les précipitations et le fameux « smog » de la capitale anglaise. Il note une différence des températures nocturnes de l’ordre de 3,70 °C entre le centre de Londres et sa campagne, ce que l’on nomme aujourd’hui « îlot de chaleur urbain » (ICU).\n\nCe climat local lié à l’urbanisation entraîne des problèmes en matière de santé et de bien-être, surtout en période de fortes chaleurs. De nombreuses villes ont pris conscience de la problématique de surchauffe urbaine et de ses enjeux. Elles s’interrogent sur la stratégie à mettre en œuvre pour atténuer ce phénomène. Les solutions qui existent pour faire face aux îlots de chaleur urbains doivent être adaptées au contexte et au climat local. Les principales recommandations pour lutter contre les îlots de chaleur urbains sont : de renforcer la présence de la nature et de l’eau au sein des projets d’aménagement, d’optimiser l’organisation spatiale et de favoriser une conception technique adaptée qui intègre les besoins, les usages et les pratiq', 'Since ancient times, scientists have been interested in the relationship between climate and cities, both in terms of urban planning and architectural design and, later, in terms of air pollution. However, it was not until British pharmacist Luke Howard published "The Climate of London" between 1818 and 1820 that a specifically urban climate was identified. Based on a series of meteorological observations collected over nine years, his work studied temperature, precipitation, and the famous "smog" of the English capital. He noted a difference in nighttime temperatures of around 3.70°C between central London and the surrounding countryside, which is now known as the "urban heat island" (UHI). This local climate linked to urbanization causes health and well-being problems, especially during periods of high heat. Many cities have become aware of the issue of urban overheating and its challenges. They are considering strategies to mitigate this phenomenon. Existing solutions to urban heat islands must be adapted to the local context and climate. The main recommendations for combating urban heat islands are: to increase the presence of nature and water in development projects, to optimize spatial organization, and to promote appropriate technical design that integrates needs, uses, and practices.', 'BNP Real Estate',
  'Londres', 'London', 51.5074456, -0.1277653,
  'images/IMG_3595.jpeg', '', '', '2026-02-10', 'published', 1, '2026-02-10 14:29:47', '2026-02-10 14:29:47'
);
INSERT INTO cartel_categories (cartel_id, category_id) VALUES ('1770733787722', 'rafraichir');
INSERT INTO cartel_categories (cartel_id, category_id) VALUES ('1770733787722', 'politique-publique');

INSERT INTO cartels (id, titre, titre_en, annee, description, description_en, exhume_par, location, location_en, lat, lng, image_path, image_credit, url_qr, date, status, visible, created_at, updated_at) VALUES (
  '1770734209046', 'CHÂSSIS CHAUFFÉS PAR THERMOSIPHON ', 'THERMOSIPHON-HEATED CHASSIS ', '1836',
  'En 1836, le maraîcher parisien Gontier introduit pour la première fois l’usage du thermosiphon dans les cultures sous châssis.\n\nCe système repose sur la circulation naturelle de l’eau chauffée dans des tuyaux sans recours à une pompe : l’eau chaude monte, l’eau froide redescend, assurant ainsi une température stable et homogène dans les coffres de culture.\n\nCette innovation marque une rupture, elle réduit la dépendance au fumier animal, jusqu’alors utilisé pour chauffer les couches, et permet un meilleur contrôle des conditions thermiques. Le thermosiphon préfigure les technologies de chauffage passif et les serres à faible impact énergétique. Bien que coûteux à installer, ce dispositif illustre l’ingéniosité des maraîchers parisiens du XIXe siècle, capables d’intégrer des principes thermodynamiques simples à leur pratique quotidienne. Une agriculture urbaine déjà technique, sobre et tournée vers l’efficacité.', 'In 1836, Parisian market gardener Gontier introduced the use of thermosiphons in greenhouse cultivation for the first time.\n\nThis system relies on the natural circulation of heated water in pipes without the use of a pump: hot water rises, cold water descends, ensuring a stable and consistent temperature in the growing boxes. This innovation marked a breakthrough, reducing dependence on animal manure, which had previously been used to heat the beds, and allowing for better control of thermal conditions. The thermosiphon foreshadowed passive heating technologies and low-energy greenhouses. Although costly to install, this device illustrates the ingenuity of 19th-century Parisian market gardeners, who were able to integrate simple thermodynamic principles into their daily practice. Urban agriculture was already technical, sober, and focused on efficiency.', 'Raphael Luciani-Galais',
  'Paris', 'Paris', 48.8588897, 2.320041,
  'images/IMG_3596.jpeg', '', '', '2026-02-10', 'published', 1, '2026-02-10 14:36:49', '2026-02-10 14:36:49'
);
INSERT INTO cartel_categories (cartel_id, category_id) VALUES ('1770734209046', 'agriculture');
INSERT INTO cartel_categories (cartel_id, category_id) VALUES ('1770734209046', 'h2o');

INSERT INTO cartels (id, titre, titre_en, annee, description, description_en, exhume_par, location, location_en, lat, lng, image_path, image_credit, url_qr, date, status, visible, created_at, updated_at) VALUES (
  '1770735650535', 'MANUEL DE LA french method du maraichage', 'MANUAL OF THE FRENCH METHOD OF MARKET GARDENING', '1845',
  'Publié en 1845, le Manuel pratique de la culture maraîchère de Paris constitue le premier témoignage détaillé des pratiques horticoles intensives développées dans la capitale française au XIXe siècle. \nRédigé par deux jardiniers-maraîchers parisiens, J.-G. Moreau et Jean-Jacques Daverne, cet ouvrage répondait à un concours lancé par la Société royale et centrale d’agriculture de la Seine. Il décrit, en 13 chapitres, les techniques culturales, les outils employés et l’organisation sociale des maraîchers, dont le savoir-faire se transmettait de génération en génération.\n\nÀ l’époque, environ 1 800 jardins, couvrant 1 378 hectares, étaient exploités par près de 9 000 personnes, assurant l’approvisionnement en légumes frais d’une population parisienne d’un million d’habitants. Les méthodes décrites, telles que l’utilisation de châssis vitrés et de cloches en verre pour la culture forcée, reposaient sur des pratiques respectueuses de l’environnement, sans recours aux engrais chimiques ni aux pesticides, préfigurant ainsi les principes de l’agriculture biologique. Ce manuel demeure une référence historique précieuse pour comprendre l’évolution des techniques agricoles urbaines et leur impact sur l’alimentation des citadins. ', 'Published in 1845, the Practical Manual of Market Gardening in Paris is the first detailed account of the intensive horticultural practices developed in the French capital in the 19th century. \nWritten by two Parisian market gardeners, J.-G. Moreau and Jean-Jacques Daverne, this work was submitted to a competition launched by the Royal and Central Society of Agriculture of the Seine. In 13 chapters, it describes the cultivation techniques, tools used, and social organization of market gardeners, whose expertise was passed down from generation to generation.\n\nAt the time, around 1,800 gardens, covering 1,378 hectares, were cultivated by nearly 9,000 people, supplying fresh vegetables to Paris''s population of one million. The methods described, such as the use of glass frames and glass cloches for forced cultivation, were based on environmentally friendly practices, without the use of chemical fertilizers or pesticides, thus foreshadowing the principles of organic farming. This manual remains a valuable historical reference for understanding the evolution of urban agricultural techniques and their impact on the food supply of city dwellers. ', '',
  'Paris', 'Paris', 48.8588897, 2.320041,
  'images/IMG_3597.jpeg', '', 'https://www.fermes-locales.fr/wp-content/uploads/sites/5/2017/08/Jean-Guy-Moreau-Manuel-maraichage.pdf', '2026-02-10', 'published', 1, '2026-02-10 15:00:03', '2026-02-10 15:00:03'
);
INSERT INTO cartel_categories (cartel_id, category_id) VALUES ('1770735650535', 'agriculture');

INSERT INTO cartels (id, titre, titre_en, annee, description, description_en, exhume_par, location, location_en, lat, lng, image_path, image_credit, url_qr, date, status, visible, created_at, updated_at) VALUES (
  '1770735861232', 'LES MURS À PÊCHES DE MONTREUIL', 'THE PEACH WALLS OF MONTREUIL', '1850',
  'Les “murs à pêches” apparaissent au XVIIe siècle à Montreuil, près de Paris. Chaque parcelle, étroite et allongée, orientée nord-sud, est protégée par ces murs hauts de 2,70 mètres, faits de moellon, de terre et enduits de plâtre. Cette composition leur donne une bonne inertie thermique, permettant de conserver la chaleur. Ils protègent les cultures des intempéries et emmagasinent la chaleur du soleil le jour pour la restituer la nuit, rendant possible la culture de fruits comme les pêches, habituellement réservés à des climats plus doux.\n\nLes pêchers, plantés près des murs, sont taillés pour s’y plaquer et profiter de la chaleur. Le centre des parcelles est réservé à d’autres fruitiers, comme les pommiers, moins sensibles au froid.\n\nLes pêches de Montreuil deviennent célèbres et atteignent leur apogée au XIXe siècle, exportées jusqu’à Londres, Berlin ou la Russie. Près de 600 km de murs protègent alors 320 hectares, soit un tiers de la ville. De nombreuses variétés cultivées aujourd’hui y sont nées.\n', 'The "peach walls" appeared in the 17th century in Montreuil, near Paris. Each narrow, elongated plot, oriented north-south, is protected by these 2.70-meter-high walls, made of rubble stone, earth, and plaster. This composition gives them good thermal inertia, allowing them to retain heat. They protect crops from bad weather and store the sun''s heat during the day to release it at night, making it possible to grow fruits such as peaches, which are usually reserved for milder climates.\n\nThe peach trees, planted close to the walls, are pruned to grow flat against them and benefit from the heat. The center of the plots is reserved for other fruit trees, such as apple trees, which are less sensitive to the cold.\n\nMontreuil peaches became famous and reached their peak in the 19th century, exported as far afield as London, Berlin, and Russia. Nearly 600 km of walls protected 320 hectares, or one-third of the city. Many varieties grown today originated there. ', 'Gilles Gallo',
  'Montreuil', 'Montreuil', 50.4638918, 1.7631125,
  'images/IMG_3598.jpeg', '', 'https://www.montreuil.fr/la-ville/histoire-de-la-ville/histoire-des-murs-a-peches', '2026-02-10', 'published', 1, CURRENT_TIMESTAMP, CURRENT_TIMESTAMP
);
INSERT INTO cartel_categories (cartel_id, category_id) VALUES ('1770735861232', 'agriculture');

INSERT INTO cartels (id, titre, titre_en, annee, description, description_en, exhume_par, location, location_en, lat, lng, image_path, image_credit, url_qr, date, status, visible, created_at, updated_at) VALUES (
  '1770743857350', 'L’EFFET MAGNUS DE HEINRICH GUSTAV MAGNUS', 'HEINRICH GUSTAV MAGNUS'' MAGNUS EFFECT', '1852',
  'En 1852, le physicien allemand Heinrich Gustav Magnus, fait la découverte d’un effet de pression de l’air sur des objets en rotation. Lorsqu’un objet est soumis à l’effet dit Magnus, sa rotation entraîne une augmentation de la vitesse de l’air (et une diminution de sa pression) d’un côté, et une diminution de cette vitesse (avec une augmentation de la pression) de l’autre côté de l’objet. Cette différenciation de pression dévie la trajectoire de l’objet, ce qui la rend utilisable dans les systèmes de propulsion, pour les transports. L’ingénieur allemand Anton Flettner est le premier à utiliser l’effet Magnus dans la propulsion du navire Buckau, rebaptisé Baden-Baden. Deux cylindres verticaux en rotation permettent de propulser le bateau vers l’avant en cas de vent fort.', 'In 1852, German physicist Heinrich Gustav Magnus discovered an effect of air pressure on rotating objects. When an object is subjected to the Magnus effect, its rotation causes an increase in air speed (and a decrease in pressure) on one side, and a decrease in speed (with an increase in pressure) on the other side of the object. This pressure difference deflects the object''s trajectory, making it useful in propulsion systems for transportation. German engineer Anton Flettner was the first to use the Magnus effect in the propulsion of the ship Buckau, renamed Baden-Baden. Two rotating vertical cylinders propel the boat forward in strong winds.', 'Marcel Robert',
  'Allemagne', 'Germany', 51.1638175, 10.4478313,
  'images/IMG_3599.jpeg', '', '', '2026-02-10', 'published', 1, CURRENT_TIMESTAMP, CURRENT_TIMESTAMP
);
INSERT INTO cartel_categories (cartel_id, category_id) VALUES ('1770743857350', 'eolien');

INSERT INTO cartels (id, titre, titre_en, annee, description, description_en, exhume_par, location, location_en, lat, lng, image_path, image_credit, url_qr, date, status, visible, created_at, updated_at) VALUES (
  '1770828306711', 'DISTILLATION DE L’EAU DE MER POUR LA CUISINE', 'DISTILLATION OF SEA WATER FOR COOKING', '1855',
  'Ce procédé de distillation de l’eau de mer, mis au point par M. Zambeaux et M. Gallé en 1855, marque une avancée cruciale pour l’approvisionnement en eau douce à bord des navires. Dans un contexte où les marins dépendaient de réserves limitées d’eau douce pour les longs voyages, cette invention permettait de transformer l’eau de mer en eau potable, répondant aux besoins quotidiens de l’équipage, notamment pour la cuisine.\n\nLe dispositif utilise la chaleur des chaudières du navire pour évaporer l’eau de mer. La vapeur d’eau ainsi produite est ensuite condensée, ce qui permet de récupérer de l’eau douce débarrassée de son sel et de ses impuretés. Ce procédé simple et efficace tire parti de l''énergie thermique disponible, sans nécessiter de carburant supplémentaire.', 'This process of distilling seawater, developed by Mr. Zambeaux and Mr. Gallé in 1855, marked a crucial advance in the supply of fresh water on board ships. At a time when sailors depended on limited supplies of fresh water for long voyages, this invention made it possible to convert seawater into drinking water, meeting the daily needs of the crew, particularly for cooking.\n\nThe device used heat from the ship''s boilers to evaporate seawater. The resulting steam was then condensed, producing fresh water free of salt and impurities. This simple and effective process made use of available thermal energy without requiring additional fuel.', 'Eric Dussert',
  'Saint-Denis', 'Saint-Denis', 48.9383732, 2.3627508,
  'images/IMG_3524.jpeg', '', '', '2026-02-11', 'published', 1, '2026-02-11 16:45:06', '2026-02-11 16:45:06'
);
INSERT INTO cartel_categories (cartel_id, category_id) VALUES ('1770828306711', 'h2o');

INSERT INTO cartels (id, titre, titre_en, annee, description, description_en, exhume_par, location, location_en, lat, lng, image_path, image_credit, url_qr, date, status, visible, created_at, updated_at) VALUES (
  '1770828419501', 'EUNICE NEWTON FOOTE  DÉCOUVRE L’EFFET DE SERRE', 'ENICE NEWTON FOOTE DISCOVERS THE GREENHOUSE EFFECT', '1856',
  'La découverte du réchauffement climatique s’inscrit dans un long processus de recherche scientifique qui s’étale sur plus de 200 ans. Mais pour ce qui est de la découverte des gaz à effet de serre, la primauté est bien souvent attribuée au physicien irlandais irlandais John Tyndall, considéré comme la première personne à avoir démontré, dès 1859, l''absorption des rayonnements infrarouges par le CO2.\n\nPourtant, trois ans plus tôt, en 1856, une scientifique amatrice, Eunice Newton Foot, avait déjà dressé un constat similaire grâce à une simple expérience : à l’aide d’une pompe à air et de plusieurs thermomètres au mercure, elle avait placé successivement de l’air humide, du CO2 et de l’hydrogène dans deux cylindres de verre avant de les laisser exposés au soleil. Elle dresse la conclusion, dans un article publié en 1856 dans le American Journal of Science and Arts, que le dioxyde de carbone piégé dans le cylindre devient bien plus chaud et met bien plus de temps à refroidir que les autres gaz lorsqu’il cesse d’être exposé au soleil. \n\nEunice Newton Foot devient donc la première à statuer sur l''importance du CO2 dans le cadre du réchauffement de l’atmosphère.', 'The discovery of global warming is part of a long process of scientific research spanning more than 200 years. However, when it comes to the discovery of greenhouse gases, credit is often given to Irish physicist John Tyndall, who is considered to be the first person to have demonstrated, in 1859, the absorption of infrared radiation by CO2.\n\nHowever, three years earlier, in 1856, an amateur scientist, Eunice Newton Foot, had already made a similar observation through a simple experiment: using an air pump and several mercury thermometers, she placed humid air, CO2, and hydrogen in two glass cylinders before exposing them to the sun. In an article published in 1856 in the American Journal of Science and Arts, she concluded that the carbon dioxide trapped in the cylinder became much hotter and took much longer to cool down than the other gases when it was no longer exposed to the sun. \n\nEunice Newton Foot thus became the first person to determine the importance of CO2 in the warming of the atmosphere.', 'Adrien Chaussinand',
  'États Unis', 'United States', 39.7837304, -100.445882,
  'images/IMG_3604.jpeg', '', '', '2026-02-11', 'published', 1, '2026-02-11 16:46:59', '2026-02-11 16:46:59'
);
INSERT INTO cartel_categories (cartel_id, category_id) VALUES ('1770828419501', 'solaire');

INSERT INTO cartels (id, titre, titre_en, annee, description, description_en, exhume_par, location, location_en, lat, lng, image_path, image_credit, url_qr, date, status, visible, created_at, updated_at) VALUES (
  '1770893822475', 'LA TRÉPIGNEUSE', 'THE STOMPING MACHINE', '1859',
  'La trépigneuse est une invention du milieu du XIXe siècle, qu’on attribue à Emeric Lesix. C’est une machine qui permet d’actionner des dispositifs agricoles à partir de la force mécanique de chevaux de trait. Le cheval marche sur un plan incliné relié à une poulie via une roue dentée ; la puissance de l’animal entraîne les machines.\n\nBien que le travail soit épuisant pour l’animal et demande des séquences relativement courtes (20 à 30 minutes), cette technique connut un fort succès en France entre 1860 et 1910, avant de s’effacer progressivement sous le succès de la machine à vapeur. Aujourd’hui, la traction animale semble connaître un regain d’intérêt, du fait de son caractère non-polluant.', 'The horse treadmill was invented in the mid-19th century, attributed to Emeric Lesix. It is a machine that uses the mechanical power of draft horses to drive agricultural equipment. The horse walks on an inclined plane connected to a pulley via a cogwheel; the animal''s power drives the machines.\n\nAlthough the work was exhausting for the animal and required relatively short sequences (20 to 30 minutes), this technique was very successful in France between 1860 and 1910, before gradually fading away with the success of the steam engine. Today, animal traction seems to be enjoying a resurgence of interest due to its non-polluting nature.', 'Marcel Robert',
  'France', 'France', 46.603354, 1.8883335,
  'images/IMG_3605.jpeg', '', 'http://hippotese.free.fr/blog/index.php/post/2008/12/04/413-la-trepigneuse-un-concept-qui-a-plus-d-un-siecle', '2026-02-12', 'published', 1, '2026-02-12 10:57:02', '2026-02-12 10:57:02'
);
INSERT INTO cartel_categories (cartel_id, category_id) VALUES ('1770893822475', 'mecanique');
INSERT INTO cartel_categories (cartel_id, category_id) VALUES ('1770893822475', 'agriculture');

INSERT INTO cartels (id, titre, titre_en, annee, description, description_en, exhume_par, location, location_en, lat, lng, image_path, image_credit, url_qr, date, status, visible, created_at, updated_at) VALUES (
  '1770893896065', 'LE GOÉMONIER', 'THE SEAWEED HARVESTER', '1860',
  'Les goémoniers sont les récoltants d’algues, brunes, rouges ou vertes. En Bretagne, cette activité a longtemps été essentielle : les algues servaient d''engrais, de combustible et de nourriture pour les animaux principalement.\n\nOn distingue trois types de goémon : épave (ramassé sur le rivage), de rive (coupé sur les rochers) et de fond (coupé en mer). L’industrie chimique s’en empare au XVIIIe siècle pour produire iode et soude. \nDans le Léon, la récolte bat son plein de mai à octobre, mobilisant familles et outils adaptés : râteaux, crocs, faucilles, puis guillotine ou skoubidou.\nUne fois ramassées, les algues doivent sécher au soleil – une étape cruciale mais fragile à cause de la pluie .\n\nLa soude produite grâce aux fours à goémon sur les côtes bretonnes a alimenté les usines situées près des villes. Les industries dépendaient donc de savoir-faire et de ressources extérieures que l’agriculture urbaine ne pouvait pas leur fournir.\n\nLe métier décline dans les années 1960 avec l’arrivée des engrais chimiques, mais rebondit grâce à la fabrication d’alginates, des additifs alimentaires et cosmétiques. La profession s’adapte alors en modernisant ses techniques et ses bateaux.', 'Seaweed harvesters gather brown, red, and green seaweed. In Brittany, this activity has long been essential: seaweed was mainly used as fertilizer, fuel, and animal feed. There are three types of seaweed: wreckage (collected on the shore), shore (cut from rocks), and bottom (cut at sea). The chemical industry began using it in the 18th century to produce iodine and soda. In Léon, harvesting is in full swing from May to October, mobilizing families and specialized tools: rakes, hooks, sickles, then guillotines or skoubidous. Once collected, the seaweed must dry in the sun—a crucial but fragile step due to the rain.\n\nThe soda produced by seaweed kilns on the Brittany coast supplied factories located near towns. Industries therefore depended on expertise and external resources that urban agriculture could not provide.\n\nThe trade declined in the 1960s with the arrival of chemical fertilizers, but rebounded thanks to the manufacture of alginates, food additives, and cosmetics. The profession then adapted by modernizing its techniques and boats.', 'Clara Loisel',
  'Bretagne', 'Brittany', 48.2640845, -2.9202408,
  'images/IMG_3606.jpeg', '', 'https://fresques.ina.fr/ouest-en-memoire/fiche-media/Region00411/les-goemoniers.html', '2026-02-12', 'published', 1, '2026-02-12 10:58:16', '2026-02-12 10:58:16'
);
INSERT INTO cartel_categories (cartel_id, category_id) VALUES ('1770893896065', 'agriculture');

INSERT INTO cartels (id, titre, titre_en, annee, description, description_en, exhume_par, location, location_en, lat, lng, image_path, image_credit, url_qr, date, status, visible, created_at, updated_at) VALUES (
  '1770894016574', 'VINGT MILLE LIEUES SOUS LES MERS DE JULES VERNES', 'TWENTY THOUSAND LEAGUES UNDER THE SEA BY JULES VERNES', '1869',
  'Vingt mille lieues sous les mers de Jules Verne est un roman d’aventure et une oeuvre d’anticipation sur la science et la technologie du domaine marin. \n\n“ Il est un agent puissant, obéissant, rapide, facile, qui se plie à tous les usages et qui règne en maître à mon bord. Tout se fait par lui. Il m''éclaire, il m''échauffe, il est l''âme de mes appareils mécaniques. Cet agent, c''est l''électricité. \n\n[ … ] \n\nMais [ … ] j''ai voulu ne demander qu''à la mer elle-même les moyens de produire mon électricité. [ … ] Le sodium seul se consomme, et la mer me le fournit elle-même. Je vous dirai, en outre, que les piles au sodium doivent être considérées comme les plus énergiques, et que leur force électromotrice est double de celle des piles au zinc”.\n', 'Jules Verne''s Twenty Thousand Leagues Under the Sea is an adventure novel and a work of science fiction about marine science and technology. \n\n"It is a powerful, obedient, fast, easy agent that adapts to all uses and reigns supreme on board my ship. Everything is done by it. It lights me, it heats me, it is the soul of my mechanical devices. This agent is electricity. \n\n[...] But [...] I wanted to ask only the sea itself for the means to produce my electricity. [...] Only sodium is consumed, and the sea itself provides it. I will also tell you that sodium batteries must be considered the most powerful, and that their electromotive force is twice that of zinc batteries." ', 'Delphine Pouget',
  'France', 'France', 46.603354, 1.8883335,
  'images/IMG_3607.jpeg', '', '', '2026-02-12', 'published', 1, '2026-02-12 11:00:16', '2026-02-12 11:00:16'
);
INSERT INTO cartel_categories (cartel_id, category_id) VALUES ('1770894016574', 'electricite');
INSERT INTO cartel_categories (cartel_id, category_id) VALUES ('1770894016574', 'imaginaire');

INSERT INTO cartels (id, titre, titre_en, annee, description, description_en, exhume_par, location, location_en, lat, lng, image_path, image_credit, url_qr, date, status, visible, created_at, updated_at) VALUES (
  '1770894127884', 'LE MANÈGE VÉLOCYPÉDIQUE', 'THE VELOCYCLED CAROUSEL', '1869',
  'La fête foraine est aussi un lieu d’innovation énergétique. Avant d’être un élément indispensable pour nos vélos, le pédalier se démocratise au sein d’une attraction : le manège vélocypédique. En 1861, le jeune Ernest Michaux âgé de 19 ans effectue des réparations sur un vélocipède, une « machine à courir » en bois, sans pédales et sans freins, doté de deux roues. Il ne sait pas où mettre ses pieds durant son utilisation et trouve donc son maniement fatiguant. Sur les conseils de son père, Pierre Michaux, il ajoute une manivelle et fixe des pédales à la roue. Le pédalier est né, mais reste encore trop coûteux. Sa diffusion se fait lors d’une fête foraine en 1869 aux Etats-Unis. Une nouvelle attraction, le manège de vélocipèdes, invite les passants à s’installer en nombre sur un siège et à pédaler tous ensemble afin de faire prendre de la vitesse à la structure. En allant jusqu’à 60 km/h, il dépasse alors les moyens de locomotions de l’époque qui atteignent rarement plus de 20 km/h. Il ne reste plus que deux modèles de manège vélocypédique dont un se trouve au musée des Arts Forains à Paris. Il fut fabriqué en 1897 par Caillebaut et Decanck à Gand, en Belgique, à partir d’un brevet anglais de la firme Savage. Cette petite pièce de musée nous rappelle que l’électricité ou un moteur à gaz n’est pas nécessaire pour éprouver des sensations fortes : la force musculaire suffit !\n', 'The fairground is also a place of energy innovation. Before becoming an essential part of our bicycles, the pedal mechanism became popular in an attraction: the velocipede carousel. In 1861, 19-year-old Ernest Michaux was repairing a velocipede, a wooden "running machine" with two wheels, no pedals, and no brakes. He didn''t know where to put his feet while riding it and found it tiring to operate. On the advice of his father, Pierre Michaux, he added a crank and attached pedals to the wheel. The pedal system was born, but it was still too expensive. It was first introduced to the public at a fair in the United States in 1869. A new attraction, the velocipede carousel, invited passersby to sit on a seat and pedal together to make the structure go faster. Reaching speeds of up to 60 km/h, it surpassed the means of transportation of the time, which rarely exceeded 20 km/h. Only two models of the velocipede carousel remain, one of which is in the Musée des Arts Forains in Paris. It was manufactured in 1897 by Caillebaut and Decanck in Ghent, Belgium, based on an English patent from the Savage company. This small museum piece reminds us that electricity or a gas engine is not necessary to experience thrills: muscle power is enough! ', 'Cédric Carles',
  'États unis', 'United States', 39.7837304, -100.445882,
  'images/IMG_3608.jpeg', '', '', '2026-02-12', 'published', 1, '2026-02-12 11:02:07', '2026-02-12 11:02:07'
);
INSERT INTO cartel_categories (cartel_id, category_id) VALUES ('1770894127884', 'mecanique');

INSERT INTO cartels (id, titre, titre_en, annee, description, description_en, exhume_par, location, location_en, lat, lng, image_path, image_credit, url_qr, date, status, visible, created_at, updated_at) VALUES (
  '1770894203868', 'FERME MARAÎCHÈRE URBAINE À PARIS', 'URBAN VEGETABLE FARM IN PARIS', '1870',
  'Dès les années 1870, Paris et sa proche banlieue développent un modèle unique de ferme maraîchère urbaine. Sur de petites parcelles souvent insérées dans les interstices du tissu bâti, des agriculteurs venus chercher du travail dans la capitale inventent un système agricole ultra-efficace.\n\nMalgré des sols peu fertiles, ils atteignent une productivité inégalée grâce à l’introduction d’outils novateurs, au recyclage du fumier des chevaux de la ville et à une maîtrise fine des rotations culturales.\n\nCe système inspirera durablement les pratiques maraîchères en Europe. Aujourd’hui, cet héritage ressurgit sous de nouvelles formes. À Paris, fermes sur les toits, foodlabs, brasseries, fromageries urbaines, jardins partagés ou fermes souterraines témoignent d’un renouveau agricole enraciné dans la ville dense.\n\nPorté par des start-ups, ONG et collectivités, ce mouvement s’intègre à une stratégie municipale d’alimentation durable. Il fait écho aux pratiques du passé tout en inventant des solutions locales pour demain.', 'Starting in the 1870s, Paris and its inner suburbs developed a unique model of urban market gardening. On small plots of land often tucked away between buildings, farmers who had come to the capital in search of work invented a highly efficient agricultural system.\n\nDespite the poor soil, they achieved unparalleled productivity thanks to the introduction of innovative tools, the recycling of horse manure from the city, and a sophisticated understanding of crop rotation. This system would have a lasting influence on market gardening practices throughout Europe. Today, this heritage is reemerging in new forms. In Paris, rooftop farms, food labs, breweries, urban cheese dairies, shared gardens, and underground farms are evidence of an agricultural revival rooted in the dense city. Driven by start-ups, NGOs, and local authorities, this movement is part of a municipal strategy for sustainable food. It echoes the practices of the past while inventing local solutions for tomorrow.', 'Raphaël Luciani-galais',
  'Paris', 'Paris', 48.8534951, 2.3483915,
  'images/IMG_3609.jpeg', '', '', '2026-02-12', 'published', 1, '2026-02-12 11:03:23', '2026-02-12 11:03:23'
);
INSERT INTO cartel_categories (cartel_id, category_id) VALUES ('1770894203868', 'agriculture');

INSERT INTO cartels (id, titre, titre_en, annee, description, description_en, exhume_par, location, location_en, lat, lng, image_path, image_credit, url_qr, date, status, visible, created_at, updated_at) VALUES (
  '1770894366397', 'L’ÎLE MYSTÉRIEUSE DE JULES VERNE', 'JULES VERNE''S MYSTERIOUS ISLAND', '1874',
  'L''Île Mystérieuse de Jules Verne est une robinsonnade qui mêle science et fantastique. Le rapport à la nature, aux ressources et à leur exploitation est l’un des thèmes majeurs du roman.\n\nLes personnages parcourent toute l’histoire technologique de l’humanité, jusqu’à ce que la métallurgie, la chimie et même l’électricité soient maîtrisées !\n\n“ Oui, mes amis, je crois que l’eau sera un jour employée comme combustible, que l’hydrogène et l’oxygène, qui la constituent, utilisés isolément ou simultanément, fourniront une source de chaleur et de lumière inépuisables et d’une intensité que la houille ne saurait avoir.”', 'Jules Verne''s The Mysterious Island is a Robinsonade that blends science and fantasy. The relationship with nature, resources, and their exploitation is one of the novel''s major themes. The characters journey through the entire technological history of humanity, until metallurgy, chemistry, and even electricity are mastered!\n\n"Yes, my friends, I believe that water will one day be used as fuel, that hydrogen and oxygen, which constitute it, used separately or simultaneously, will provide an inexhaustible source of heat and light of an intensity that coal cannot match."', 'Vincent Muller',
  'France', 'France', 46.603354, 1.8883335,
  'images/IMG_3610.jpeg', '', '', '2026-02-12', 'published', 1, '2026-02-12 11:06:06', '2026-02-12 11:06:06'
);
INSERT INTO cartel_categories (cartel_id, category_id) VALUES ('1770894366397', 'h2o');
INSERT INTO cartel_categories (cartel_id, category_id) VALUES ('1770894366397', 'electricite');
INSERT INTO cartel_categories (cartel_id, category_id) VALUES ('1770894366397', 'hydrogene');
INSERT INTO cartel_categories (cartel_id, category_id) VALUES ('1770894366397', 'imaginaire');

INSERT INTO cartels (id, titre, titre_en, annee, description, description_en, exhume_par, location, location_en, lat, lng, image_path, image_credit, url_qr, date, status, visible, created_at, updated_at) VALUES (
  '1770894485841', 'LES 500 MILLIONS DE LA BÉGUM DE JULES VERNE', 'THE 500 MILLION OF JULES VERNE''S BEGUM', '1874',
  'Les œuvres d’art témoignent indirectement de leur époque. Dans Les Cinq Cent Millions de la Bégum (1879), Jules Verne met en scène deux héritiers fondant chacun une cité idéale selon des visions opposées : l’un privilégie une ville militarisée et industrielle, l’autre un projet social et environnemental novateur. Ce dernier imagine des maisons conçues pour l’isolation thermique grâce à des briques percées de conduits d’air, favorisant la circulation naturelle : « […] des briques légères […] transpercées […] de trous cylindriques […] permettant ainsi à l’air de circuler librement. » Il propose aussi de traiter la pollution domestique en filtrant les fumées par des « fourneaux spéciaux » communaux, qui les dépouillent du carbone avant leur rejet à haute altitude. Verne esquisse ainsi une utopie technologique aux préoccupations écologiques étonnamment modernes.', 'Works of art indirectly reflect their era. In The Begum''s Fortune (1879), Jules Verne depicts two heirs, each founding an ideal city based on opposing visions: one favors a militarized and industrial city, the other an innovative social and environmental project. The latter imagines houses designed for thermal insulation using bricks pierced with air ducts, promoting natural circulation: "[...] lightweight bricks [...] pierced [...] with cylindrical holes [...] allowing air to circulate freely. " He also proposed treating domestic pollution by filtering smoke through communal "special furnaces," which would remove carbon before releasing it at high altitude. Verne thus sketched out a technological utopia with surprisingly modern ecological concerns.', 'Nicolas Delaffon',
  'France', 'France', 46.603354, 1.8883335,
  'images/IMG_3611.jpeg', '', '', '2026-02-12', 'published', 1, '2026-02-12 11:08:05', '2026-02-12 11:08:05'
);
INSERT INTO cartel_categories (cartel_id, category_id) VALUES ('1770894485841', 'isolation-thermique');
INSERT INTO cartel_categories (cartel_id, category_id) VALUES ('1770894485841', 'imaginaire');

INSERT INTO cartels (id, titre, titre_en, annee, description, description_en, exhume_par, location, location_en, lat, lng, image_path, image_credit, url_qr, date, status, visible, created_at, updated_at) VALUES (
  '1770894566342', 'DRAINAGE DU PLATEAU DE SACLAY', 'DRAINAGE OF THE SACLAY PLATEAU', '1880',
  'À la fin du XIXe siècle, le plateau de Saclay est profondément transformé par un vaste réseau de rigoles d’irrigation et de drainage, mis en place vers 1880. Ce dispositif vise à évacuer l’eau excédentaire des sols argileux, longtemps marécageux et impropres à l’agriculture intensive. \n\nLe système repose sur un réseau de rigoles collectant les eaux de ruissellement, qui sont ensuite acheminées vers l’étang de Saclay, jouant un rôle de régulateur hydraulique. \nCette infrastructure prolonge un projet plus ancien : celui du XVIIe siècle orchestré par Vauban et La Quintinie pour acheminer l’eau jusqu’aux jardins des Tuileries et de Versailles via le plateau.\n\nLe réseau de rigoles, toujours visible aujourd’hui, témoigne d’une approche territoriale de l’hydraulique, mêlant aménagement agricole, gestion durable de l’eau et ingénierie gravitaire. \n\nIl a permis de rendre fertiles des terres autrefois inexploitables, soutenant la vocation agricole du plateau jusqu’à nos jours.\n', 'At the end of the 19th century, the Saclay plateau underwent a profound transformation with the installation of a vast network of irrigation and drainage channels around 1880. This system was designed to remove excess water from the clay soils, which had long been marshy and unsuitable for intensive agriculture. \n\nThe system was based on a network of channels collecting runoff water, which was then conveyed to the Saclay pond, acting as a hydraulic regulator. This infrastructure was an extension of an older project: the 17th-century project orchestrated by Vauban and La Quintinie to convey water to the Tuileries and Versailles gardens via the plateau.\n\nThe network of channels, still visible today, is evidence of a territorial approach to hydraulics, combining agricultural development, sustainable water management, and gravity engineering. It has made formerly unusable land fertile, supporting the plateau''s agricultural vocation to this day. ', 'Raphaël Luciani-Galais',
  'Saclay', 'Saclay', 48.7305162, 2.172576,
  'images/IMG_3525.jpeg', '', 'https://www.saclay.fr/wp-content/uploads/2022/08/dossier-patrimoine-etangs-rigoles-plateau-saclay.pdf', '2026-02-12', 'published', 1, '2026-02-12 11:09:26', '2026-02-12 11:09:26'
);
INSERT INTO cartel_categories (cartel_id, category_id) VALUES ('1770894566342', 'h2o');
INSERT INTO cartel_categories (cartel_id, category_id) VALUES ('1770894566342', 'agriculture');

INSERT INTO cartels (id, titre, titre_en, annee, description, description_en, exhume_par, location, location_en, lat, lng, image_path, image_credit, url_qr, date, status, visible, created_at, updated_at) VALUES (
  '1770894683422', 'POMPES-ÉOLIENNES EN CAMARGUE', 'WIND PUMPS IN THE CAMARGUE REGION', '1880',
  '« Dieu créa le monde, à l’exception de la Hollande qui fut créée par les Hollandais »… avec l’aide du vent. Huit mille moulins, des digues sans fin bâties contre la mer, des canaux pour évacuer l’eau pompée des terres salines : ainsi les Hollandais ont agrandi leur pays sur la mer.\n\nAu début du XXe siècle, naît l’idée que la Camargue marécageuse et la Crau aride peuvent être rendues fertiles, l’une par assèchement, l’autre par irrigation. Et pourquoi pas avec des turbines éoliennes de pompage ? C’est le projet d’un Français, Louis Constantin, pionnier des éoliennes modernes.\n\nL’immense « polder » français est prêt : l’étang de Vaccarès (23 000 ha) peut être asséché aux 3/4, le reste servant de réceptacle aux eaux salées et douces. Pour la Crau, il s’agit de pomper les eaux souterraines de la Durance, à deux mètres de profondeur.\n\nMais en 1927, l’étang de Vaccarès est finalement protégé par la création de la Réserve zoologique et botanique de Camargue.', '"God created the world, except for Holland, which was created by the Dutch"... with the help of the wind. Eight thousand windmills, endless dykes built against the sea, canals to drain water pumped from saline lands: this is how the Dutch expanded their country over the sea.\n\nAt the beginning of the 20th century, the idea arose that the marshy Camargue and the arid Crau could be made fertile, one by drainage, the other by irrigation. And why not with wind turbine pumps? This was the project of a Frenchman, Louis Constantin, a pioneer of modern wind turbines.\n\nThe huge French "polder" was ready: three-quarters of the Vaccarès lake (23,000 hectares) could be drained, with the rest serving as a reservoir for salt and fresh water. For the Crau, the plan was to pump groundwater from the Durance river, two meters below the surface.\n\nBut in 1927, the Vaccarès lagoon was finally protected by the creation of the Camargue Zoological and Botanical Reserve.', 'Raphaël Luciani-Galais',
  'Camargue', 'Camargue', 44.0495211, -0.0477299,
  'images/IMG_3526.jpeg', '', '', '2026-02-12', 'published', 1, '2026-02-12 11:11:23', '2026-02-12 11:11:23'
);
INSERT INTO cartel_categories (cartel_id, category_id) VALUES ('1770894683422', 'h2o');
INSERT INTO cartel_categories (cartel_id, category_id) VALUES ('1770894683422', 'agriculture');

INSERT INTO cartels (id, titre, titre_en, annee, description, description_en, exhume_par, location, location_en, lat, lng, image_path, image_credit, url_qr, date, status, visible, created_at, updated_at) VALUES (
  '1770894817463', 'CHAUFFAGE ET VENTILATION SOLAIRE', 'SOLAR HEATING AND VENTILATION', '1881',
  'Le naturaliste américain Edward S. Morse imagina en 1881 un système de chauffage et de ventilation alimenté par le soleil. L’invention consiste en l’emploi d’un boîtier fixé sur la paroi extérieure d’un bâtiment et muni d’une surface noircie en métal, en terre cuite, ou tout autre matériau approprié, présentant une surface plane ou ondulée protégée par une vitre, et agencé de façon à permettre aux rayons du soleil de donner aussi directement que possible sur ladite surface noircie. Derrière la surface noircie se trouve un espace d’air, soit fermé soit communicant par des ouvertures au niveau des extrémités supérieures et inférieures avec les ouvertures du logement. L’action des rayons du soleil sur la surface noircie chauffe l’air dans l’espace à l’arrière. En chauffant, l’air monte et peut être dirigé dans la pièce, de manière à la chauffer ou à occasionner une ventilation en attirant l’air à l’intérieur de la pièce. Repris entre 1950-1970 par le professeur Trombe et l’architecte Michel, le concept est ensuite remis au goût du jour par une équipe d’ingénieurs de Centrale Lille sous le nom ENAR en 2015.', 'In 1881, American naturalist Edward S. Morse devised a solar-powered heating and ventilation system. The invention consists of a box attached to the exterior wall of a building and equipped with a blackened surface made of metal, terracotta, or any other suitable material, with a flat or corrugated surface protected by glass, and arranged so as to allow the sun''s rays to shine as directly as possible on the blackened surface. Behind the blackened surface is an air space, either closed or communicating through openings at the upper and lower ends with the openings of the housing. The action of the sun''s rays on the blackened surface heats the air in the space behind it. As it heats up, the air rises and can be directed into the room to heat it or to provide ventilation by drawing air into the room. Revived between 1950 and 1970 by Professor Trombe and architect Michel, the concept was then brought up to date by a team of engineers from Centrale Lille under the name ENAR in 2015.', 'Jérôme Jacqmin',
  'Etats unis', 'United States', 39.7837304, -100.445882,
  'images/IMG_3612.jpeg', '', '', '2026-02-12', 'published', 1, '2026-02-12 11:13:37', '2026-02-12 11:13:37'
);
INSERT INTO cartel_categories (cartel_id, category_id) VALUES ('1770894817463', 'solaire');
INSERT INTO cartel_categories (cartel_id, category_id) VALUES ('1770894817463', 'rechauffer');

INSERT INTO cartels (id, titre, titre_en, annee, description, description_en, exhume_par, location, location_en, lat, lng, image_path, image_credit, url_qr, date, status, visible, created_at, updated_at) VALUES (
  '1770895210808', 'LE ROMAN D’UN RAYON DE SOLEIL', 'THE NOVEL OF A RAY OF SUNSHINE', '1885',
  'Ce roman de Mallat de Bassilan, publié en 1885, suit Samuel, un jeune de dix-huit ans dont les errances parisiennes servent de prétexte à une méditation sur un protagoniste inattendu : le soleil. Fasciné par son rayonnement, Samuel devient le relais d’un discours à la fois poétique et scientifique sur les bienfaits et le potentiel énergétique de l’astre. Le savant M. Brion y prophétise l’usage futur de l’énergie solaire pour faire avancer voitures, navires ou produire de la lumière, anticipant une société post-charbon. Quarante-six ans après la découverte de l’effet photovoltaïque par Becquerel, Mallat de Bassilan imagine déjà les usages de cette énergie. Il faudra attendre 1990 pour voir le premier système photovoltaïque relié au réseau, et 2019 pour espérer une voiture 100 % solaire.', 'This novel by Mallat de Bassilan, published in 1885, follows Samuel, an eighteen-year-old whose wanderings in Paris serve as a pretext for a meditation on an unexpected protagonist: the sun. Fascinated by its radiance, Samuel becomes the conduit for a discourse that is both poetic and scientific on the benefits and energy potential of the sun. The scientist Mr. Brion prophesies the future use of solar energy to power cars and ships and produce light, anticipating a post-coal society. Forty-six years after Becquerel''s discovery of the photovoltaic effect, Mallat de Bassilan was already imagining the uses of this energy. It was not until 1990 that the first photovoltaic system connected to the grid was seen, and 2019 before we could hope for a 100% solar-powered car.', 'Marianne Enckell',
  'Paris', 'Paris', 48.8534951, 2.3483915,
  'images/IMG_3613.jpeg', '', '', '2026-02-12', 'published', 1, '2026-02-12 11:20:10', '2026-02-12 11:20:10'
);
INSERT INTO cartel_categories (cartel_id, category_id) VALUES ('1770895210808', 'solaire');
INSERT INTO cartel_categories (cartel_id, category_id) VALUES ('1770895210808', 'imaginaire');

INSERT INTO cartels (id, titre, titre_en, annee, description, description_en, exhume_par, location, location_en, lat, lng, image_path, image_credit, url_qr, date, status, visible, created_at, updated_at) VALUES (
  '1770896539288', 'LES TOILETTES SÈCHES DANS L’HISTOIRE', 'DRY TOILETS THROUGH HISTORY', '1886',
  'A la fin du XIXe siècle au Canada et dans le Midwest américain on trouve les premières traces des toilettes sèches produites à une échelle industrielle. William Heap, un entrepreneur du Michigan dépose un brevet en 1886 pour une commode de chambre à coucher fournie avec un seau en acier galvanisé. L''idée était de saupoudrer l’intérieur du seau de cendres ou de terre, pour absorber les odeurs, avant utilisation. Un récipient séparé en porcelaine sur la porte du placard recueillait l''urine. \n\nPromue « parfaitement inodore » avec ses unités au prix de 8 $ à 13 $ et “25000 déjà en cours d''utilisation” d’après une annonce placée dans la section « Nécessaires ménagers » de The Cosmopolitan, elle démontre un certain succès au Canada et dans le Midwest américain.', 'At the end of the 19th century in Canada and the American Midwest, the first traces of dry toilets produced on an industrial scale were found. William Heap, an entrepreneur from Michigan, filed a patent in 1886 for a bedroom commode supplied with a galvanized steel bucket. The idea was to sprinkle the inside of the bucket with ashes or soil to absorb odors before use. A separate porcelain container on the closet door collected urine. \n\nPromoted as "completely odorless" with units priced from $8 to $13 and "25,000 already in use" according to an advertisement in the "Household Necessities" section of The Cosmopolitan, it proved somewhat successful in Canada and the American Midwest.', 'Lucile Nivalet',
  'Canada', 'Canada', 61.0666922, -107.991707,
  'images/IMG_3614.jpeg', '', '', '2026-02-12', 'published', 1, '2026-02-12 11:42:19', '2026-02-12 11:42:19'
);
INSERT INTO cartel_categories (cartel_id, category_id) VALUES ('1770896539288', 'sante');

INSERT INTO cartels (id, titre, titre_en, annee, description, description_en, exhume_par, location, location_en, lat, lng, image_path, image_credit, url_qr, date, status, visible, created_at, updated_at) VALUES (
  '1770896634074', 'CLIMAX : EAU CHAUDE SOLAIRE DE CLARENCE KEMP', 'CLIMAX: SOLAR HOT WATER BY CLARENCE KEMP', '1891',
  'Le premier chauffe-eau solaire à but commercial est breveté en 1891 par Clarence Kemp. Il permet d’accumuler de la chaleur grâce à des éléments métalliques disposés au soleil.\n\nL’eau est contenue dans plusieurs tubes de fer de section ellipsoïdale, afin de maximiser la surface irradiée par le soleil. Les tubes sont disposés en parallèle et sont reliés par des petits tuyaux. L’eau froide entre par un côté, et l’eau réchauffée ressort par un autre. L’intérêt de multiplier les tubes est d’accélérer l’échauffement et d’éviter que l’eau froide entre en contact avec l’eau chaude. Le système est recouvert d’une plaque de verre, afin de le protéger de l’eau de pluie et pour améliorer l’échauffement grâce à l’effet de serre.\n\nAyant baptisé ses chauffe-eaux “CLIMAX”, Kemp trouva beaucoup de clients en Californie, plus précisément à Pasadena où près d’un tiers des maisons en étaient équipées en 1897.\n\nMalheureusement, le système ne résistait pas aux gelées d’hiver. A partir du début du XXème siècle, plusieurs brevets furent déposés pour tenter d’améliorer les chauffe-eaux solaires. Le climax devient obsolète suite au brevet déposé par William J. Bailey en 1909.', 'The first commercial solar water heater was patented in 1891 by Clarence Kemp. It allows heat to be stored using metal elements placed in the sun. The water is contained in several iron tubes with an ellipsoidal cross-section in order to maximize the surface area exposed to the sun. The tubes are arranged in parallel and connected by small pipes. Cold water entered on one side and heated water exited on the other. The advantage of using multiple tubes was that it accelerated heating and prevented cold water from coming into contact with hot water. The system was covered with a glass plate to protect it from rainwater and improve heating through the greenhouse effect.\n\nHaving named his water heaters "CLIMAX," Kemp found many customers in California, specifically in Pasadena, where nearly a third of homes were equipped with them in 1897.\n\nUnfortunately, the system could not withstand winter frosts. From the beginning of the 20th century, several patents were filed in an attempt to improve solar water heaters. The Climax became obsolete following the patent filed by William J. Bailey in 1909.', 'Cédric Carles',
  'Californie', 'California', 36.7014631, -118.755997,
  'images/IMG_3615.jpeg', '', '', '2026-02-12', 'published', 1, '2026-02-12 11:43:54', '2026-02-12 11:43:54'
);
INSERT INTO cartel_categories (cartel_id, category_id) VALUES ('1770896634074', 'h2o');
INSERT INTO cartel_categories (cartel_id, category_id) VALUES ('1770896634074', 'solaire');

INSERT INTO cartels (id, titre, titre_en, annee, description, description_en, exhume_par, location, location_en, lat, lng, image_path, image_credit, url_qr, date, status, visible, created_at, updated_at) VALUES (
  '1770896734716', 'LA PREMIÈRE PORSCHE ÉTAIT ÉLECTRIQUE', 'THE FIRST PORSCHE WAS ELECTRIC', '1898',
  'En 1898, Ferdinand Porsche développe la première Porsche, la Egger-Lohner C.2, une voiture 100 % électrique. Le véhicule est doté de deux moteurs électriques placés directement sur les roues avant : Porsche invente ainsi le moteur-roue. L’engin ne pouvant parcourir que 80 km à faible vitesse, Porsche ajoute 2 autres moteurs sur les roues arrière. Il vient ainsi de créer le premier véhicule électrique à 4 roues motrices. Cependant, la machine (qui doit emporter avec elle 1800 kilos de batteries) ne parvient toujours pas à monter les fortes pentes. Au Salon de Paris, en 1901, Lohner et Porsche exposent une version améliorée de leur voiture où un petit moteur thermique a été ajouté (afin de recharger plus rapidement les très nombreuses batteries et aider le véhicule à monter les côtes). C’est ainsi que naît, au début de l’aventure automobile, le premier 4X4 hybride.', 'In 1898, Ferdinand Porsche developed the first Porsche, the Egger-Lohner C.2, a 100% electric car. The vehicle was equipped with two electric motors placed directly on the front wheels: Porsche thus invented the wheel motor. As the vehicle could only travel 80 km at low speed, Porsche added two more motors to the rear wheels. He had thus created the first four-wheel drive electric vehicle. However, the machine (which had to carry 1,800 kg of batteries) was still unable to climb steep slopes. At the Paris Motor Show in 1901, Lohner and Porsche exhibited an improved version of their car, to which a small combustion engine had been added (to recharge the numerous batteries more quickly and help the vehicle climb hills). And so, at the dawn of the automotive adventure, the first hybrid 4x4 was born.', 'Guillaume Attal',
  '', '', NULL, NULL,
  'images/IMG_3616.jpeg', 'Porshe Egger-Lohner C.2, https://www.toutvert.fr/premiere-voiture-electrique/', 'https://en.wikipedia.org/wiki/Egger-Lohner_C.2_Phaeton', '2026-02-12', 'published', 1, '2026-02-12 11:45:34', '2026-02-12 11:45:34'
);
INSERT INTO cartel_categories (cartel_id, category_id) VALUES ('1770896734716', 'electricite');
INSERT INTO cartel_categories (cartel_id, category_id) VALUES ('1770896734716', 'deplacement');

INSERT INTO cartels (id, titre, titre_en, annee, description, description_en, exhume_par, location, location_en, lat, lng, image_path, image_credit, url_qr, date, status, visible, created_at, updated_at) VALUES (
  '1770896826445', 'UNE VOITURE ÉLECTRIQUE DÉPASSANT LES 100  KM/H', 'AN ELECTRIC CAR EXCEEDING 100 KM/H', '1898',
  '“La Jamais contente”, de l’ingénieur belge Camille Jenatzy, dépasse pour la première fois les 100 km/h en atteignant 105,88 km/h, le 29 avril 1899.\n\nEn 1900, sur 4 192 véhicules fabriqués aux États-Unis, 1 575 sont électriques, 936 à essence, et 1 681 à vapeur. L’automobile à essence finit par supplanter la voiture électrique. Dans un article de 1955, John B. Rae propose une explication déterministe à l’échec de l’automobile électrique : celle-ci ne serait victime que de ses défauts intrinsèques en comparaison des avantages de la technologie des voitures à essence. Il explique que le développement de l’automobile électrique est « une excroissance parasite de l’industrie automobile, et que sa disparition ne fut regrettée que par ceux qui avaient eu la malencontreuse idée d’y investir leur argent ».\n\nDepuis 1955, la plupart des historiens ont accepté l’explication de Rae, à l’exception de Rudi Volti qui est le premier à remettre en question la thèse du déterminisme. Au début des années 2000, un ouvrage de David A. Kirsch défend une perspective plus nuancée soutenant que cette technologie aurait pu se développer dans des segments particuliers du marché automobile, si des facteurs contingents et sociaux ne s’y étaient pas opposés. D’autres auteurs expliquent que la voiture électrique a échoué à cause de problèmes culturels plutôt que techniques.\n', 'On April 29, 1899, Belgian engineer Camille Jenatzy''s "La Jamais contente" (The Never Satisfied) exceeded 100 km/h for the first time, reaching 105.88 km/h.\n\nIn 1900, of the 4,192 vehicles manufactured in the United States, 1,575 were electric, 936 were gasoline-powered, and 1,681 were steam-powered. Gasoline-powered cars eventually supplanted electric cars. In a 1955 article, John B. Rae offered a deterministic explanation for the failure of the electric car: it was simply a victim of its intrinsic flaws compared to the advantages of gasoline-powered car technology. He explained that the development of the electric car was "a parasitic growth on the automotive industry, and its disappearance was regretted only by those who had had the unfortunate idea of investing their money in it."\n\nSince 1955, most historians have accepted Rae''s explanation, with the exception of Rudi Volti, who was the first to question the determinism thesis. In the early 2000s, a book by David A. Kirsch defended a more nuanced perspective, arguing that this technology could have developed in specific segments of the automotive market if contingent and social factors had not prevented it. Other authors explain that the electric car failed because of cultural rather than technical problems. ', 'Emmanuel Julien',
  '', '', NULL, NULL,
  'images/IMG_3617.jpeg', 'La "Jamais contente", Brown Middle School, Newton, Massachusetts, https://commons.wikimedia.org/wiki/File:Jamais_contente.jpg', 'https://fr.wikipedia.org/wiki/La_Jamais_contente', '2026-02-12', 'published', 1, '2026-02-12 11:47:06', '2026-02-12 11:47:06'
);
INSERT INTO cartel_categories (cartel_id, category_id) VALUES ('1770896826445', 'deplacement');
INSERT INTO cartel_categories (cartel_id, category_id) VALUES ('1770896826445', 'electricite');

INSERT INTO cartels (id, titre, titre_en, annee, description, description_en, exhume_par, location, location_en, lat, lng, image_path, image_credit, url_qr, date, status, visible, created_at, updated_at) VALUES (
  '1770896982437', 'L’ÉCLAIRAGE BIOLUMINESCENT', 'BIOLUMINESCENT LIGHTING', '1900',
  'Certains êtres vivants produisent de la lumière froide par bioluminescence, grâce à une réaction chimique où une enzyme, la luciférase, transforme l’énergie chimique en lumière. Aristote fut le premier à observer ce phénomène chez des poissons morts, suivi par Pline l’Ancien qui décrit des méduses et des pholades lumineux. Plus tard, des scientifiques comme Boyle, Scheele, Priestley ou Spallanzani constatent que des animalcules émettent de la lumière, sans pouvoir en expliquer le mécanisme.\n\nEn 1897, Raphaël Dubois identifie trois éléments clés : la luciférine (molécule organique), la luciférase (enzyme), et l’oxygène. Il cultive alors des photobactéries capables d’éclairer les sous-sols du palais de l’Optique lors de l’Exposition universelle de 1900.\n\nCette lumière naturelle inspire aujourd’hui la start-up française Glowee, qui cherche à remplacer l’éclairage nocturne par des bulles contenant ces bactéries. Mais ce projet se heurte encore à un obstacle majeur : la durée de vie limitée des organismes lumineux.', 'Some living organisms produce cold light through bioluminescence, thanks to a chemical reaction in which an enzyme called luciferase converts chemical energy into light. Aristotle was the first to observe this phenomenon in dead fish, followed by Pliny the Elder, who described luminous jellyfish and pholadids. Later, scientists such as Boyle, Scheele, Priestley, and Spallanzani noted that tiny animals emitted light, but were unable to explain the mechanism behind it.\n\nIn 1897, Raphaël Dubois identified three key elements: luciferin (an organic molecule), luciferase (an enzyme), and oxygen. He then cultivated photobacteria capable of lighting up the basement of the Palais de l''Optique during the 1900 World''s Fair.\n\nThis natural light has inspired French start-up Glowee, which is seeking to replace night-time lighting with bubbles containing these bacteria. However, the project still faces a major obstacle: the limited lifespan of the luminous organisms.', 'Sandra Rey',
  'France', 'France', 46.603354, 1.8883335,
  'images/IMG_3618.jpeg', '', '', '2026-02-12', 'published', 1, '2026-02-12 11:49:42', '2026-02-12 11:49:42'
);
INSERT INTO cartel_categories (cartel_id, category_id) VALUES ('1770896982437', 'eclairage');
INSERT INTO cartel_categories (cartel_id, category_id) VALUES ('1770896982437', 'biomimetisme');

INSERT INTO cartels (id, titre, titre_en, annee, description, description_en, exhume_par, location, location_en, lat, lng, image_path, image_credit, url_qr, date, status, visible, created_at, updated_at) VALUES (
  '1770897082104', 'L’AMPOULE CENTENAIRE D’ADOLPHE CHAILLET', 'ADOLPHE CHAILLET''S CENTENNIAL LIGHT BULB', '1901',
  'De nos jours, une ampoule a une durée de vie qui tourne autour de 1000 / 2000 heures, soit presque 42 / 50 jours. L’ampoule qui nous intéresse ici a, quant à elle, 117 ans !\n\nEn 1901, une petite ampoule est installée au plafond d’une caserne de pompier située à Livermore, en Californie. C’est une ampoule de 60 watts branchée sur le réseau électrique de l’époque qui était destinée à veiller sur les camions du service d’incendie nuit et jour et qui ne devait donc pas être régulièrement allumée puis éteinte. Cette première donnée peut expliquer sa longévité – car une ampoule se consomme plus rapidement à la suite d’un allumage et d’une extinction trop répétitive – mais qu’en partie. Une autre explication se trouve dans sa composition. Au lieu d’être composé d’un métal conducteur, en l’occurrence le tungstène, le filament porté à incandescence est en carbone. Or contrairement à un métal conducteur, le carbone conduit mieux l’électricité lorsqu’il se réchauffe. Par ailleurs le filament est huit fois plus épais que celui d’une ampoule contemporaine.\n\nCette ampoule, commercialisée par l’industriel français Adolphe Chaillet en 1896, va à l’encontre de toutes logiques commerciales et notamment celle de l’obsolescence programmée … Rappelons tout de même que l’obsolescence programmée est reconnue en France comme un délit depuis la loi sur la transition énergétique de 2015.', 'Nowadays, a light bulb has a lifespan of around 1,000 to 2,000 hours, or almost 42 to 50 days. The light bulb we are interested in here is 117 years old!\n\nIn 1901, a small light bulb was installed in the ceiling of a fire station in Livermore, California. It was a 60-watt bulb connected to the electrical grid of the time, intended to watch over the fire department''s trucks day and night and therefore not meant to be turned on and off regularly. This first piece of information may explain its longevity—because a light bulb wears out more quickly when it is turned on and off too often—but only in part. Another explanation lies in its composition. Instead of being made of a conductive metal, in this case tungsten, the filament that is heated to incandescence is made of carbon. Unlike a conductive metal, carbon conducts electricity better when it heats up. In addition, the filament is eight times thicker than that of a contemporary light bulb.\n\nThis bulb, marketed by French industrialist Adolphe Chaillet in 1896, goes against all commercial logic, particularly that of planned obsolescence... It should be noted that planned obsolescence has been recognized as a crime in France since the 2015 Energy Transition Act.', 'Thomas Ortiz et Cédric Carles',
  'Livermore', 'Livermore', 37.6820583, -121.768053,
  'images/IMG_3619.jpeg', '', '', '2026-02-12', 'published', 1, '2026-02-12 11:51:22', '2026-02-12 11:51:22'
);
INSERT INTO cartel_categories (cartel_id, category_id) VALUES ('1770897082104', 'eclairage');
INSERT INTO cartel_categories (cartel_id, category_id) VALUES ('1770897082104', 'electricite');

INSERT INTO cartels (id, titre, titre_en, annee, description, description_en, exhume_par, location, location_en, lat, lng, image_path, image_credit, url_qr, date, status, visible, created_at, updated_at) VALUES (
  '1770897178577', 'UN CHÂTEAU D’EAU-ÉOLIENNE', 'A WIND-POWERED WATER TOWER', '1901',
  'Cette éolienne de bois fut construite dans une petite commune de l’Aube (France), Pargues. Construite au-dessus d’un château d’eau, elle servait à actionner une pompe pour récupérer l’eau de la nappe au-dessus de laquelle la construction était installée. L’objectif de Pargues était d’alimenter la ville en eau pure, pour approvisionner les fontaines et lavoirs notamment. Réalisé par l’architecte Ludovic Sot en 1902, c’est un dispositif unique, classé aujourd’hui au patrimoine des monuments historiques depuis 2011.', 'This wooden windmill was built in Pargues, a small town in the Aube department of France. Built above a water tower, it was used to power a pump to draw water from the aquifer above which the structure was installed. The aim of Pargues was to supply the town with pure water, particularly for its fountains and wash houses. Designed by architect Ludovic Sot in 1902, it is a unique structure that has been listed as a historic monument since 2011.', 'Thomas Ortiz',
  'Aude', 'Dare', 43.0542733, 2.5124715,
  'images/IMG_3527.jpeg', '', '', '2026-02-12', 'published', 1, '2026-02-12 11:52:58', '2026-02-12 11:52:58'
);
INSERT INTO cartel_categories (cartel_id, category_id) VALUES ('1770897178577', 'h2o');
INSERT INTO cartel_categories (cartel_id, category_id) VALUES ('1770897178577', 'eolien');

INSERT INTO cartels (id, titre, titre_en, annee, description, description_en, exhume_par, location, location_en, lat, lng, image_path, image_credit, url_qr, date, status, visible, created_at, updated_at) VALUES (
  '1770897255323', '“TRAVAIL” LE ROMAN D’EMILE ZOLA', '“WORK” THE NOVEL BY EMILE ZOLA', '1901',
  'En 1901, Émile Zola publie Travail, un roman d’anticipation inspiré des inventions d’Auguste Mouchot. Dès les années 1870, Zola s’intéresse aux innovations techniques, notamment lors de l’Exposition universelle de 1878, où il découvre les capteurs solaires de Mouchot. Dans Travail, le héros fonde une cité utopique où il rêve d’apporter l’électricité gratuitement : « le jour où il aurait donné à la Cité nouvelle l’électricité bienfaisante sans la mesurer ». S’il envisage d’abord les énergies fossiles, « l’épuisement possible du charbon » l’effraie. Il explore alors d’autres solutions, notamment l’énergie hydraulique, mais c’est le solaire qui s’impose comme l’unique voie d’émancipation humaine : « capter la chaleur solaire et la transformer […] en électricité ». Zola reprend ainsi l’utopie technique de Mouchot, voyant dans l’énergie solaire une source illimitée pour bâtir une société meilleure : « la Cité du bonheur et les hommes vivront […] sous le grand soleil bienfaisant, notre père à tous ». Une idée qui résonne aujourd’hui avec les projets de stockage thermique dans des châteaux d’eau.', 'In 1901, Émile Zola published Travail, a science fiction novel inspired by the inventions of Auguste Mouchot. Zola had been interested in technical innovations since the 1870s, particularly after seeing Mouchot''s solar collectors at the 1878 World''s Fair. In Travail, the hero founds a utopian city where he dreams of providing free electricity: "the day when he would give the new city beneficial electricity without measuring it." Although he initially considered fossil fuels, he was frightened by the "possible depletion of coal." He then explored other solutions, notably hydraulic energy, but it was solar energy that emerged as the only path to human emancipation: "capturing solar heat and transforming it [...] into electricity." Zola thus took up Mouchot''s technical utopia, seeing solar energy as an unlimited source for building a better society: "the City of Happiness, and men will live [...] under the great benevolent sun, our father to us all." This idea resonates today with thermal storage projects in water towers.', 'Marcel Robert',
  'France', 'France', 46.603354, 1.8883335,
  'images/IMG_3621.jpeg', '', '', '2026-02-12', 'published', 1, '2026-02-12 11:54:15', '2026-02-12 11:54:15'
);
INSERT INTO cartel_categories (cartel_id, category_id) VALUES ('1770897255323', 'electricite');
INSERT INTO cartel_categories (cartel_id, category_id) VALUES ('1770897255323', 'solaire');
INSERT INTO cartel_categories (cartel_id, category_id) VALUES ('1770897255323', 'imaginaire');

INSERT INTO cartels (id, titre, titre_en, annee, description, description_en, exhume_par, location, location_en, lat, lng, image_path, image_credit, url_qr, date, status, visible, created_at, updated_at) VALUES (
  '1771320250808', 'Le projet de réaménagement du canal Saint-Denis. Noues et jardin d’eau.', 'The Saint-Denis Canal redevelopment project. Floodplains and water gardens.', '2024',
  'A l’occasion des Jeux olympiques de Paris 2024, un projet de réaménagement du canal Saint-Denis est né. Il visait à ouvrir l’accès aux berges, à renforcer l’attractivité du territoire et faire de l’espace un lieu dédié à la mobilité douce. Les rives droite et gauche ont été aménagées et deux passerelles ont été installées tout en favorisant l’accès des personnes à mobilité réduite et la cohabitation de différents types de mobilités douces. Le bilan carbone a été limité par l’utilisation de matériaux biosourcés. Un jardin d’eau et des noues (fossés végétalisés permettant de récolter l’eau de ruissellement) permettent de maintenir le rôle du canal Saint-Denis dans la trame bleue de Plaine Commune, de renforcer l’effet d''îlot de fraîcheur, de limiter le ruissellement et de favoriser la biodiversité. La gestion à ciel ouvert de l’eau permet de la rendre plus visible, et donc plus acceptable, pour les habitants. \n', 'A redevelopment project for the Saint-Denis Canal was launched in preparation for the 2024 Paris Olympic Games. The aim was to open up access to the banks, enhance the area''s appeal, and turn it into a space dedicated to soft mobility. The right and left banks were landscaped and two footbridges were installed, while promoting access for people with reduced mobility and the coexistence of different types of soft mobility. The carbon footprint was limited by the use of bio-based materials. A water garden and swales (vegetated ditches for collecting runoff water) help maintain the role of the Saint-Denis Canal in the Plaine Commune blue network, enhance the cooling effect, limit runoff, and promote biodiversity. Open water management makes it more visible and therefore more acceptable to residents. ', 'Anastasia Guéguen',
  'Aubervilliers et Saint-Denis', 'Aubervilliers and Saint-Denis', 48.9117116, 2.3822612,
  'images/2048px-Passerelle_Lucie_Brard_-_Saint-Denis_FR93_-_2024-07-18_-_1.jpg', 'Passerelle Lucie Bréard, Saint-Denis, 18/07/24, Chabe01, Wikimedia Commons. https://commons.wikimedia.org/wiki/File:Passerelle_Lucie_Br%C3%A9ard_-_Saint-Denis_(FR93)_-_2024-07-18_-_1.jpg', ' https://www.ouvrages-olympiques.fr/canal-saint-denis', '2026-02-17', 'published', 1, '2026-02-17 10:36:11', '2026-02-17 10:36:11'
);
INSERT INTO cartel_categories (cartel_id, category_id) VALUES ('1771320250808', 'h2o');

INSERT INTO cartels (id, titre, titre_en, annee, description, description_en, exhume_par, location, location_en, lat, lng, image_path, image_credit, url_qr, date, status, visible, created_at, updated_at) VALUES (
  '1771335675398', 'Récupération d''eau pluviales dans le mail des Trois rivières', 'Rainwater harvesting in the Trois Rivières mall', '2010',
  'Le quartier des trois rivières tire son nom du Croult, du Rouillon et de la Vieille Mer qui le traversait autrefois. Cet espace a été aménagé de sorte à stocker l’eau de pluie et limiter le ruissellement. Des noues (fossés végétalisés) permettent de diriger les écoulements vers des placettes inondables. L’eau est ensuite stockée dans des réservoirs enterrés de régulation. Le mail des Trois rivières est un exemple de gestion des eaux pluviales à ciel ouvert. ', 'The Trois Rivières neighborhood takes its name from the Croult, Rouillon, and Vieille Mer rivers that once flowed through it. This area has been developed to store rainwater and limit runoff. Swales (vegetated ditches) direct runoff to floodplains. The water is then stored in underground regulation reservoirs. The Trois Rivières mall is an example of open-air stormwater management. ', 'Khadidiatou Sy (d''après son mémoire)',
  'Stains', 'Stains', 48.9565669, 2.3825154,
  'images/Mail_Trois_Rivires_-_Stains_FR93_-_2022-08-15_-_1.jpg', 'Stains, 15/08/22. Chabe01, Wikimedia Commons. https://commons.wikimedia.org/wiki/File:Mail_Trois_Rivi%C3%A8res_-_Stains_(FR93)_-_2022-08-15_-_1.jpg', 'https://www.caue-observatoire.fr/ouvrage/quartier-des-3-rivieres-a-stains-creation-dun-quartier-mixte-dhabitats-et-dequipements/', '2026-02-17', 'published', 1, '2026-02-20 08:32:58', '2026-02-20 08:32:58'
);
INSERT INTO cartel_categories (cartel_id, category_id) VALUES ('1771335675398', 'h2o');
INSERT INTO cartel_categories (cartel_id, category_id) VALUES ('1771335675398', 'rafraichir');

INSERT INTO cartels (id, titre, titre_en, annee, description, description_en, exhume_par, location, location_en, lat, lng, image_path, image_credit, url_qr, date, status, visible, created_at, updated_at) VALUES (
  '1771335694442', 'La régie “Eau publique par Est Ensemble”', 'The “Public Water by Est Ensemble” authority', '2024',
  'Depuis le 1er janvier 2024, la gestion de l’eau sur le territoire de l’intercommunalité Est-Ensemble est réalisée par sa toute nouvelle régie d’eau publique. Auparavant, les neuf communes de l’intercommunalité et leurs 435 000 habitants faisaient partie du syndicat des eaux d’île de France (SEDIF) qui déléguait la gestion de l’eau au groupe privé Veolia. Au cours des années 2020/2022, les élus d’Est-Ensemble ont décidé de quitter le syndicat et de créer leur propre régie d’eau et d’assainissement publique. L’objectif est de proposer une gestion plus solidaire. L’abonnement devient gratuit et les 10 premiers m³ sont gratuits. Par ailleurs, avec un tarif des prix progressifs, l’objectif est d’inciter à moins consommer. ', 'Since January 1, 2024, water management in the Est-Ensemble intermunicipal area has been carried out by its brand-new public water authority. Previously, the nine municipalities of the intermunicipal community and their 435,000 inhabitants were part of the Île-de-France water syndicate (SEDIF), which delegated water management to the private group Veolia. Between 2020 and 2022, Est-Ensemble''s elected officials decided to leave the syndicate and create their own public water and sanitation authority. The aim is to offer a more socially responsible management model. Subscription will be free, and the first 10 cubic meters of water will be free. In addition, with a progressive pricing structure, the goal is to encourage lower consumption. ', 'Eau de Paris',
  'Seine-Saint-Denis', 'Seine-Saint-Denis', 48.9098125, 2.4528635,
  'images/Chteau_Eau_Bel_Air_Montreuil_Seine_St_Denis_4.jpg', 'Montreuil, 24/10/19, Chabe01. https://commons.wikimedia.org/wiki/File: Ch%C3%A2teau_Eau_Bel_Air_Montreuil_Seine_St_Denis_4.jpg', 'https://www.est-ensemble.fr/est-ensemble-cree-une-regie-publique-de-leau', '2026-02-17', 'published', 1, '2026-02-20 08:55:42', '2026-02-20 08:55:42'
);
INSERT INTO cartel_categories (cartel_id, category_id) VALUES ('1771335694442', 'h2o');
INSERT INTO cartel_categories (cartel_id, category_id) VALUES ('1771335694442', 'gouvernance-de-leau');

INSERT INTO cartels (id, titre, titre_en, annee, description, description_en, exhume_par, location, location_en, lat, lng, image_path, image_credit, url_qr, date, status, visible, created_at, updated_at) VALUES (
  '1771335712259', 'Réaménagement de la rue des jardins Dufour', 'Redevelopment of Rue des Jardins Dufour', '2014-2016',
  '\nLa rue des Jardins Dufour a été réaménagée à partir de 2014 à l’occasion de l’ouverture d’un collège. L’objectif était de favoriser la cohabitation de différents types de mobilités (piétons, vélos, voitures). Des places de stationnement à joints enherbés permettent une meilleure infiltration de l’eau. La rue a été végétalisée, avec la plantation d’une dizaine d’arbres. De plus, la mairie s’est attachée à respecter certains des objectifs de sa Charte de Paysage et de Développement durable, par exemple maîtriser l’albédo des revêtements utilisés pour limiter l’effet d’îlot de chaleur urbain. \n', '\nRue des Jardins Dufour was redesigned in 2014 to coincide with the opening of a middle school. The aim was to promote the coexistence of different types of mobility (pedestrians, bicycles, cars). Parking spaces with grass joints allow for better water infiltration. The street has been greened with the planting of a dozen trees. In addition, the town hall has committed to respecting certain objectives of its Landscape and Sustainable Development Charter, such as controlling the albedo of the surfaces used to limit the urban heat island effect. ', 'Khadidiatou Sy (d''après son mémoire)',
  'Montreuil', 'Montreuil', 50.4638918, 1.7631125,
  'images/Rue_Jardins_Dufour_-_Montreuil_FR93_-_2020-10-23_-_1.jpg', 'Montreuil, 23/10/20. Chabe01. Wikimedia Commons. https://commons.wikimedia.org/wiki/File:Rue_Jardins_Dufour_-_Montreuil_(FR93)_-_2020-10-23_-_2.jpg', 'https://www.atelierphilippemadec.fr/amenagement-urbain/espaces-publics/reamenagement-de-la-rue-des-jardins-dufour.html', '2026-02-17', 'published', 1, '2026-02-20 08:36:08', '2026-02-20 08:36:08'
);
INSERT INTO cartel_categories (cartel_id, category_id) VALUES ('1771335712259', 'h2o');

INSERT INTO cartels (id, titre, titre_en, annee, description, description_en, exhume_par, location, location_en, lat, lng, image_path, image_credit, url_qr, date, status, visible, created_at, updated_at) VALUES (
  '1771335977201', 'La première fontaine artésienne absorbante', 'The first absorbing artesian fountain', '1829',
  'Les puits artésiens sont des puits formés par le forage dans une nappe souterraine comprise entre deux couches imperméables et donc naturellement sous pression. C’est cette pression qui permet à l’eau de jaillir directement suite au forage. Au début du XIXe siècle, un premier puits artésien a été réalisé mais le trop-plein d’eau se déversait sur la chaussée et gelait l’hiver, occasionnant des accidents. En 1829, l’ingénieur Mulot est missionné pour réaliser une fontaine artésienne à Saint-Denis, sur la place aux Gueldres. Il associe le principe de cette fontaine à celui du puits absorbant permettant de renvoyer de l’eau dans une nappe perméable. La fontaine ainsi réalisée comprend trois tubes imbriqués. L’un descendait profondément dans une nappe pour récupérer de l’eau de très bonne qualité. Un deuxième permettait de récolter une eau toujours potable, mais de moins bonne qualité en descendant dans une autre nappe. Enfin, le dernier tube descendait dans une couche géologique absorbante et servait à rejeter l’eau non utilisée pour ne pas qu’elle se retrouve sur la chaussée.', 'Artesian wells are wells formed by drilling into an underground aquifer between two impermeable layers, which are therefore naturally pressurized. It is this pressure that allows water to gush out immediately after drilling. At the beginning of the 19th century, the first artesian well was built, but the excess water spilled onto the road and froze in winter, causing accidents. In 1829, engineer Mulot was commissioned to build an artesian fountain in Saint-Denis, on the Place aux Gueldres. He combined the principle of this fountain with that of an absorption well, which allows water to be returned to a permeable aquifer. The fountain thus created consisted of three interlocking pipes. One descended deep into an aquifer to collect very high-quality water. A second pipe collected water that was still drinkable but of lower quality by descending into another aquifer. Finally, the last pipe descended into an absorbent geological layer and was used to discharge unused water so that it would not end up on the road.', 'Anastasia Guéguen',
  'Saint-Denis', 'Saint-Denis', 48.9383732, 2.3627508,
  'images/Nouvelle_distribution_des_eaux_du_puits_artsien_de_la_desse_dans_la_ville_et_la_pleine_Saint_Denis._Plan_gnral_des_travaux_excuts_en_1883_-_btv1b8439436p.jpg', 'Plan de travaux à Saint-Denis, 1883. Wikimedia commons', ' https://www.ouvrages-olympiques.fr/canal-saint-denis', '2026-02-17', 'published', 1, '2026-02-17 14:40:27', '2026-02-17 14:40:27'
);
INSERT INTO cartel_categories (cartel_id, category_id) VALUES ('1771335977201', 'h2o');

INSERT INTO cartels (id, titre, titre_en, annee, description, description_en, exhume_par, location, location_en, lat, lng, image_path, image_credit, url_qr, date, status, visible, created_at, updated_at) VALUES (
  '1771335985310', 'Reconnaissance de la personnalité juridique du fleuve Atrato', 'Recognition of the legal personality of the Atrato River', '2016',
  'Une personnalité juridique a été reconnue au fleuve Atrato après une saisie de la cour constitutionnelle colombienne par les communautés riveraines. Reconnaître une personnalité juridique à une entité naturelle peut permettre aux citoyens et aux associations de défendre ses droits devant la justice et donc de la protéger des dégradations. Ce n’est pas, cependant, la seule raison pour laquelle cette décision peut être prise. Par exemple, la reconnaissance du fleuve néo-zélandais Whanganui s’inscrit dans une longue démarche de revendications des peuples maoris riverains qui remonte au XIXe siècle. L’appropriation par le gouvernement néo-zélandais du fleuve avait été vécu comme un vol de la part des communautés maoris qui envisagent le fleuve comme faisant partie de leur famille. La reconnaissance de l’identité juridique du fleuve en 2017 était donc une sorte de réparation. \nDepuis 2016, d’autres zones humides ont reçu des personnalités juridiques : la rivière Turag (Bangladesh, 2019), la rivière Magpie (Québec, 2021) ou encore la lagune Mar menor (Espagne, 2024). En France, aucune rivière n’a officiellement ce statut bien que des initiatives dans ce sens aient été menées. En Corse, par exemple, un collectif d’association a rédigé une “déclaration des droits” au fleuve Tavignanu, lui accordant le droit de s’écouler ou encore de ne pas être pollué.\n', 'The Atrato River was granted legal personality after a petition was filed with the Colombian Constitutional Court by riverside communities. Granting legal personality to a natural entity allows citizens and associations to defend its rights in court and thus protect it from damage. However, this is not the only reason why such a decision may be taken. For example, the recognition of New Zealand''s Whanganui River is part of a long process of claims by the Maori peoples living along its banks, dating back to the 19th century. The New Zealand government''s appropriation of the river was seen as theft by the Maori communities, who consider the river to be part of their family. The recognition of the river''s legal identity in 2017 was therefore a kind of reparation. Since 2016, other wetlands have been granted legal personality: the Turag River (Bangladesh, 2019), the Magpie River (Quebec, 2021) and the Mar Menor lagoon (Spain, 2024). In France, no river officially has this status, although initiatives have been taken in this direction. In Corsica, for example, a collective of associations has drafted a "declaration of rights" for the Tavignanu River, granting it the right to flow and not to be polluted. ', 'Cédric Carles',
  'Colombie', 'Colombia', 4.099917, -72.9088133,
  'images/Meandros_Del_Ro_Atrato.jpg', 'Río Atrato, 14/04/15, Almajior, Wikimedia Commons. https://commons.wikimedia.org/wiki/File:Meandros_Del_R%C3%ADo_Atrato.jpg', 'https://journals.openedition.org/geocarrefour/24100', '2026-02-17', 'published', 1, '2026-02-17 14:04:46', '2026-02-17 14:04:46'
);
INSERT INTO cartel_categories (cartel_id, category_id) VALUES ('1771335985310', 'h2o');
INSERT INTO cartel_categories (cartel_id, category_id) VALUES ('1771335985310', 'gouvernance-de-leau');
INSERT INTO cartel_categories (cartel_id, category_id) VALUES ('1771335985310', 'politique-publique');

INSERT INTO cartels (id, titre, titre_en, annee, description, description_en, exhume_par, location, location_en, lat, lng, image_path, image_credit, url_qr, date, status, visible, created_at, updated_at) VALUES (
  '1771343808427', 'La vis d''Archimède', 'Archimedes'' screw (Proposition)', 'III siècle avant J.-C. ',
  'La vis d’Archimède tire son nom de son inventeur présumé, le scientifique Archimède de Syracuse. Cette invention permet d’élever une grande quantité d’eau, ou de matières solides sous forme de grains ou de poudre, sur une faible hauteur. Elle se compose d’un cylindre dans lequel se trouve plusieurs spirales. L’eau passe ainsi d’une spirale à l’autre et s’élève quand le dispositif est mis en mouvement. Cette mise en mouvement peut être faite à l’aide d’une manivelle ou encore avec des échelons de bois qui font tourner la vis quand on marche dessus. Son usage est attesté dans le monde méditerranéen à partir du IIIe siècle av. J.-C., bien que certains auteurs suggèrent leur utilisation pour alimenter les jardins suspendus de Babylone, 350 ans plus tôt. En Europe, son usage semble remonter au début du XVe siècle. \nLa vis d’Archimède est encore utilisée aujourd’hui pour de multiples usages. ', 'The Archimedes screw takes its name from its presumed inventor, the scientist Archimedes of Syracuse. This invention allows a large quantity of water, or solid materials in the form of grains or powder, to be lifted to a low height. It consists of a cylinder containing several spirals. The water passes from one spiral to another and rises when the device is set in motion. This movement can be achieved using a crank or wooden steps that turn the screw when walked on. Its use has been documented in the Mediterranean world since the 3rd century BC, although some authors suggest that it was used to supply the Hanging Gardens of Babylon 350 years earlier. In Europe, its use seems to date back to the early 15th century. The Archimedes screw is still used today for a variety of purposes. ', 'Anastasia Guéguen',
  'Méditerannée ', 'Mediterranean ', 36.7523472, 3.7199976,
  'images/Archimedes_screw.jpeg', 'Chambers''s Encyclopædia, 1860', 'https://rome.unicaen.fr/machine/visarchimede/', '2026-02-17', 'published', 1, '2026-02-17 15:57:37', '2026-02-17 15:57:37'
);
INSERT INTO cartel_categories (cartel_id, category_id) VALUES ('1771343808427', 'h2o');
INSERT INTO cartel_categories (cartel_id, category_id) VALUES ('1771343808427', 'agriculture');

INSERT INTO cartels (id, titre, titre_en, annee, description, description_en, exhume_par, location, location_en, lat, lng, image_path, image_credit, url_qr, date, status, visible, created_at, updated_at) VALUES (
  '1771839426764', 'Première cour "oasis" de Seine-Saint-Denis au collège Langevin-Wallon', 'First "oasis" courtyard in Seine-Saint-Denis at Langevin-Wallon Middle School', '2020',
  'Ce projet, porté par le département Seine Saint-Denis, a pour objectif de créer des îlots de fraîcheur dans les cours des établissements scolaires. Pour ce faire sont installés des grands arbres, des fontaines ou encore des jeux d’e	au. La première est inaugurée en 2020 au collège Langevin-Wallon de Rosny-sous-Bois. L’objectif est aussi de sensibiliser les élèves à l’environnement, dans le cas du collège de Rosny-sous-Bois, avec la présence d’une mare et d’un potager. Enfin, le sol perméable et drainant permet également à la cour oasis de retenir les eaux pluviales et de limiter leur apport dans les réseaux d’assainissement. Ce dispositif cours oasis a ensuite été déployé dans une quinzaine d’autres établissements scolaires du département entre 2020 et 2024 comme au collège Oum-Kalthoum de Montreuil, le collège Evariste-Galois de Sevran ou encore au collège Victor-Hugo de Noisy-le-Grand.  \n', 'This project, led by the Seine Saint-Denis department, aims to create cool spots in school playgrounds. To achieve this, large trees, fountains, and water features are being installed. The first was inaugurated in 2020 at the Langevin-Wallon middle school in Rosny-sous-Bois. The aim is also to raise students'' awareness of the environment, in the case of the Rosny-sous-Bois middle school, with the addition of a pond and a vegetable garden. Finally, the permeable and draining soil also allows the oasis courtyard to retain rainwater and limit its flow into the sewerage system. This oasis courtyard initiative was then rolled out in around fifteen other schools in the department between 2020 and 2024, including the Oum-Kalthoum middle school in Montreuil, the Evariste-Galois middle school in Sevran, and the Victor-Hugo middle school in Noisy-le-Grand.   ', 'Atelier étudiants Paris 1',
  'Rosny-sous-Bois', 'Rosny-sous-Bois', 48.8716626, 2.4875193,
  'images/Cour_oasis_Langevin.jpg', 'Rosny-sous-Bois, 06/02/25. Le Parisien. https://www.leparisien.fr/seine-saint-denis-93/des-cours-oasis-pour-eviter-les-coups-de-chaud-dans-les-colleges-de-seine-saint-denis-07-02-2020-8255130.php', 'https://www.leparisien.fr/seine-saint-denis-93/des-cours-oasis-pour-eviter-les-coups-de-chaud-dans-les-colleges-de-seine-saint-denis-07-02-2020-8255130.php', '2026-02-23', 'published', 1, CURRENT_TIMESTAMP, CURRENT_TIMESTAMP
);
INSERT INTO cartel_categories (cartel_id, category_id) VALUES ('1771839426764', 'h2o');
INSERT INTO cartel_categories (cartel_id, category_id) VALUES ('1771839426764', 'rafraichir');

INSERT INTO cartels (id, titre, titre_en, annee, description, description_en, exhume_par, location, location_en, lat, lng, image_path, image_credit, url_qr, date, status, visible, created_at, updated_at) VALUES (
  '1771839456986', 'La scierie hydraulique de Gerasa', 'The Gerasa Water-Powered Sawmill', 'VI siècle',
  'Dans l’actuel Jerash, en Jordanie, les restes d’une ancienne installation hydraulique ont été découverts lors d’une fouille archéologique en 1926. Ce n’est, cependant, qu’en 2002 que ces restes sont identifiés comme ayant appartenu à la plus ancienne scierie hydraulique découverte à ce jour. Une roue de plus de 3 mètres de diamètre était mise en mouvement par l''eau qui tombait depuis le haut. Le mouvement circulaire de cette roue était transformé en mouvement alternatif longitudinal via un système de bielle-manivelle. L’énergie était ensuite utilisée pour actionner deux fois quatre lames de scie droites qui permettaient de découper des plaques de calcaire. L’eau pour actionner la roue provenait du trop-plein d’un réservoir qui servait principalement à alimenter la ville. La scierie pouvait donc fonctionner avec une quantité limitée d’eau. L’infrastructure date de la seconde moitié du VIe siècle, une époque qui vit la construction de nombreuses églises et la restauration de bâtiments publics, nécessitant donc le taillage d’une grande quantité de calcaire. ', 'In present-day Jerash, Jordan, the remains of an ancient hydraulic installation were discovered during an archaeological excavation in 1926. However, it was not until 2002 that these remains were identified as belonging to the oldest hydraulic sawmill discovered to date. A wheel over 3 meters in diameter was set in motion by water falling from above. The circular motion of this wheel was converted into reciprocating longitudinal motion via a crank-connecting rod system. The energy was then used to drive two sets of four straight saw blades that were used to cut slabs of limestone. The water to drive the wheel came from the overflow of a reservoir that was mainly used to supply the city. The sawmill could therefore operate with a limited amount of water. The infrastructure dates from the second half of the 6th century, a period that saw the construction of many churches and the restoration of public buildings, requiring the cutting of large quantities of limestone. ', 'Anastasia Guéguen',
  'Jordanie', 'Jordan', 31.1667049, 36.941628,
  'images/Water-powered_saw_mill_LCCN2004671869.jpg', 'Scierie hydraulique, 1650, Library of Congress. https://www.loc.gov/pictures/item/2004671869/', 'https://books.openedition.org/pcjb/445?dir=next', '2026-02-23', 'published', 1, CURRENT_TIMESTAMP, CURRENT_TIMESTAMP
);
INSERT INTO cartel_categories (cartel_id, category_id) VALUES ('1771839456986', 'h2o');

INSERT INTO cartels (id, titre, titre_en, annee, description, description_en, exhume_par, location, location_en, lat, lng, image_path, image_credit, url_qr, date, status, visible, created_at, updated_at) VALUES (
  '1771860414715', 'Le moulin à marée à roue horizontale de Landounic', 'The horizontal wheel tide mill at Landounic', '585-588',
  'A Saint-Pol-de-Léon, dans le Finistère, ont été découverts les restes du plus ancien moulin à marée à roue horizontale d’Europe de l’ouest, celui de Landounic. Avant cette découverte, c''était le moulin de Nemdrum en Irlande du Nord qui détenait ce titre avec une construction en 619. \nLe site de Landounic a été découvert fortuitement en 2002 puis des fouilles ont été réalisées en 2013. Des pièces en bois et en quartz formant autrefois un moulin, ainsi que les restes d’une digue ont été identifiés. Les pièces de bois ont été datées par dendrochronologie : la date la plus ancienne de mise en service du moulin a été estimée entre 585 et 588. De plus, d’autres datations ont permis de démontrer que le moulin avait suivi une restauration au début du VIIIe siècle, sa durée de fonctionnement a donc été de plus d’un siècle. \nLe moulin de Landounic était situé dans l’estuaire de la Penzé et recevait donc à la fois de l’eau douce et de l’eau de mer. Les moulins à marée sont présents dans toute l’Europe de l’Ouest depuis au moins le Moyen-Age. Ils fonctionnent avec un système de digues qui forment une retenue d’eau. A marée montante, la mer remplit le bassin. A marée descendante, l’eau est retenue dans le bassin par un système de vannes. C’est seulement lorsque la différence de niveau entre le bassin et la mer est assez importante que les vannes sont ouvertes et actionnent alors la roue du moulin, qui sert alors à moudre des céréales. \n', 'In Saint-Pol-de-Léon, in the Finistère department, the remains of the oldest horizontal wheel tide mill in Western Europe, the Landounic mill, have been discovered. Before this discovery, the Nemdrum mill in Northern Ireland held this title, having been built in 619. \nThe Landounic site was discovered by chance in 2002, and excavations were carried out in 2013. Wooden and quartz pieces that once formed a mill, as well as the remains of a dike, were identified. The wooden pieces were dated using dendrochronology: the earliest date of use for the mill was estimated to be between 585 and 588. In addition, other dating methods showed that the mill had been restored in the early 8th century, meaning that it was in operation for over a century. \nThe Landounic mill was located in the Penzé estuary and therefore received both fresh water and sea water. Tidal mills have been present throughout Western Europe since at least the Middle Ages. They operate using a system of dykes that form a water reservoir. At high tide, the sea fills the basin. At low tide, the water is retained in the basin by a system of sluice gates. Only when the difference in level between the basin and the sea is significant enough are the sluice gates opened, turning the mill wheel, which is then used to grind grain. ', 'Marc Guéguen',
  'Saint-Pol-de-Léon', 'Saint-Pol-de-Léon', 48.6849601, -3.9868641,
  'images/IMG_3695.jpeg', 'https://journals.openedition.org/adlfi/docannexe/image/137859/img-1.jpg', 'https://hal.science/hal-03433688/document', '2026-02-23', 'published', 1, CURRENT_TIMESTAMP, CURRENT_TIMESTAMP
);
INSERT INTO cartel_categories (cartel_id, category_id) VALUES ('1771860414715', 'h2o');
INSERT INTO cartel_categories (cartel_id, category_id) VALUES ('1771860414715', 'agriculture');

INSERT INTO cartels (id, titre, titre_en, annee, description, description_en, exhume_par, location, location_en, lat, lng, image_path, image_credit, url_qr, date, status, visible, created_at, updated_at) VALUES (
  '1771860808865', 'LA BATTERIE AUTOMOBILE DE THOMAS EDISON', 'THOMAS EDISON''S AUTOMOBILE BATTERY', '1902',
  'Thomas Edison est connu pour être l’un des inventeurs du XIXe siècle et l’un des pionniers dans le domaine de l''électricité. Mais l’une de ses inventions reste pourtant dans l’ombre. Edison travaille en 1902 avec son collègue Waldemar Jungner autour d’une batterie pour automobile fonctionnant avec le couple Nickel-Fer, les deux métaux étant immergés dans une solution alcaline. Cette batterie résiste bien au temps et aux décharges ; malheureusement, elle peine à dégager une forte énergie en peu de temps. Un avantage néanmoins sur les batteries plomb-acide, courante à cette époque : elle est moins coûteuse. \n\nEdison décide de prouver l’autonomie de sa batterie : en 1910, il participe à une course automobile d’endurance, d’une longueur de 1000 miles, avec la Bailey Electric Phaeton. Cependant, la Bailey ne parvient pas à suivre le rythme des automobiles à essence. En 1915, le constructeur Bailey abandonne la voiture électrique, tandis que Edison se détourne également du projet. \n\nEt pourtant, il semblerait que cette batterie soit remise au goût du jour, grâce aux travaux du chimiste Hongjie Dai, de la Stanford University (Etats-Unis). La batterie Nickel-Fer est améliorée avec l’addition de nanotubes de carbone et du graphène (couche de carbone épaisse). Si la nouvelle batterie reste à expérimenter, elle semble atteindre une densité énergétique mille fois supérieure à celle d’Edison (même si l’un des chercheurs admets que cette batterie n’est toujours pas idéale et suffisante à e', 'Thomas Edison is known as one of the inventors of the 19th century and one of the pioneers in the field of electricity. However, one of his inventions remains in the shadows. In 1902, Edison worked with his colleague Waldemar Jungner on a car battery that ran on nickel-iron, with both metals immersed in an alkaline solution. This battery was resistant to weather and discharge, but unfortunately struggled to release a large amount of energy in a short period of time. However, it did have one advantage over the lead-acid batteries that were common at the time: it was less expensive. \n\nEdison decided to prove the autonomy of his battery: in 1910, he participated in a 1,000-mile endurance car race with the Bailey Electric Phaeton. However, the Bailey was unable to keep up with gasoline-powered cars. In 1915, the manufacturer Bailey abandoned the electric car, while Edison also turned away from the project. \n\nAnd yet, it seems that this battery is making a comeback, thanks to the work of chemist Hongjie Dai at Stanford University (United States). The nickel-iron battery has been improved with the addition of carbon nanotubes and graphene (a thick layer of carbon). Although the new battery is still in the experimental stage, it appears to achieve an energy density a thousand times greater than Edison''s (even if one of the researchers admits that this battery is still not ideal and sufficient for e', 'Gilles Babinet et Marie-Sarah Adenis',
  '', '', NULL, NULL,
  'images/IMG_3708.jpeg', '', '', '2026-02-23', 'published', 1, '2026-02-23 15:33:28', '2026-02-23 15:33:28'
);
INSERT INTO cartel_categories (cartel_id, category_id) VALUES ('1771860808865', 'electricite');
INSERT INTO cartel_categories (cartel_id, category_id) VALUES ('1771860808865', 'conservation-de-lenergie');
INSERT INTO cartel_categories (cartel_id, category_id) VALUES ('1771860808865', 'deplacement');

INSERT INTO cartels (id, titre, titre_en, annee, description, description_en, exhume_par, location, location_en, lat, lng, image_path, image_credit, url_qr, date, status, visible, created_at, updated_at) VALUES (
  '1771860909898', 'CHEMINÉE SOLAIRE DU COLONEL ISIDORO CABANYES', 'SOLAR CHIMNEY BY COLONEL ISIDORO CABANYES', '1903',
  'De l’air est chauffé par effet de serre dans un vaste collecteur situé au niveau d’une plaine et conduit par une cheminée qui débouche en altitude, permettant ainsi de tirer profit de la différence de température et de l’énergie potentielle de convection disponible. À la base de la cheminée se trouvent des turbines entraînant des générateurs électriques permettant de produire de l’électricité.\n\nC’est l’Anglais Alfred Rosling Bennett qui publie le premier un brevet sur cette invention en 1897. Mais de nombreux ingénieurs y travaillent aussi par la suite. Un militaire espagnol, le colonel Isidoro Cabanyes, proposa en 1903 un modèle de tour solaire dans la revue La Energía eléctrica. Un modèle, construit en 1919 par Albert H. Holmes & Son est exposé au Science Museum de Londres.', 'Air is heated by the greenhouse effect in a large collector located on a plain and conducted through a chimney that opens at high altitude, thus taking advantage of the temperature difference and the potential convection energy available. At the base of the chimney are turbines that drive electric generators to produce electricity.\n\nThe Englishman Alfred Rosling Bennett was the first to publish a patent for this invention in 1897. However, many engineers also worked on it subsequently. In 1903, Spanish military officer Colonel Isidoro Cabanyes proposed a model of a solar tower in the journal La Energía eléctrica. A model built in 1919 by Albert H. Holmes & Son is on display at the Science Museum in London.', 'Mathieu Farges',
  'Espagne', 'Spain', 39.3260685, -4.8379791,
  'images/IMG_3709.jpeg', '', '', '2026-02-23', 'published', 1, '2026-02-23 15:35:09', '2026-02-23 15:35:09'
);
INSERT INTO cartel_categories (cartel_id, category_id) VALUES ('1771860909898', 'solaire');
INSERT INTO cartel_categories (cartel_id, category_id) VALUES ('1771860909898', 'electricite');

INSERT INTO cartels (id, titre, titre_en, annee, description, description_en, exhume_par, location, location_en, lat, lng, image_path, image_credit, url_qr, date, status, visible, created_at, updated_at) VALUES (
  '1771860985015', 'LE CHARIOT ÉLECTROMAGNÉTIQUE', 'THE ELECTROMAGNETIC TROLLEY', '1906',
  'En 1889, Jules Verne imaginait que, d’ici 2889, nos voyages se feraient dans des “tubes pneumatiques jetés à travers les océans”, filant à 1500 km/h. Bien mieux que nos TGV !\n\nEn 1906, Franklin Smith inventa un véhicule plus léger que les voitures de l’époque. Il supprima plusieurs pièces, ajouta un système d’électro-aimant sous le chariot, et proposa un moyen de le faire léviter grâce à un courant alternatif. À condition d’ajouter un certain poids, le chariot restait en suspension, sa vitesse dépendant du champ magnétique — constant, donc prévisible.\n\nL’Electric Carrier Co racheta ses brevets avec une idée : faire circuler courrier et colis d’une ville à l’autre grâce à ces chariots suspendus, chacun contrôlé individuellement pour éviter les collisions. Une ligne d’essai de 550 m fut installée à Paterson (New Jersey)… mais l’industrie ne suivit pas.\n\nL’idée, pourtant, persiste. En 2013, Elon Musk relance le rêve avec l’Hyperloop : des capsules supersoniques censées désengorger Los Angeles. Dix ans plus tard, le projet n’a toujours pas vu le jour.\nEt vous, quelles seraient vos idées de transport pour demain ?', 'In 1889, Jules Verne imagined that by 2889, we would be traveling in "pneumatic tubes shot across the oceans" at speeds of 1,500 km/h. Much better than our high-speed trains!\n\nIn 1906, Franklin Smith invented a vehicle that was lighter than the cars of the time. He removed several parts, added an electromagnet system under the carriage, and proposed a way to make it levitate using alternating current. Provided that a certain amount of weight was added, the carriage remained suspended, its speed depending on the magnetic field—which was constant and therefore predictable.\n\nThe Electric Carrier Co. bought his patents with an idea: to transport mail and parcels from one city to another using these suspended carriages, each controlled individually to avoid collisions. A 550-meter test line was installed in Paterson, New Jersey... but the industry did not follow suit.\n\nThe idea, however, persisted. In 2013, Elon Musk revived the dream with the Hyperloop: supersonic capsules designed to relieve traffic congestion in Los Angeles. Ten years later, the project has still not seen the light of day. What would be your ideas for the transport of tomorrow?', 'Vincent Muller',
  'New Jersey', 'New Jersey', 40.0757384, -74.4041622,
  'images/IMG_3710.jpeg', '', '', '2026-02-23', 'published', 1, '2026-02-23 15:36:25', '2026-02-23 15:36:25'
);
INSERT INTO cartel_categories (cartel_id, category_id) VALUES ('1771860985015', 'electricite');
INSERT INTO cartel_categories (cartel_id, category_id) VALUES ('1771860985015', 'deplacement');

INSERT INTO cartels (id, titre, titre_en, annee, description, description_en, exhume_par, location, location_en, lat, lng, image_path, image_credit, url_qr, date, status, visible, created_at, updated_at) VALUES (
  '1771861047777', 'LA PETITE COURONNE MARAÎCHÈRE DE PARIS', 'THE SMALL GREENBELT OF PARIS', '1912',
  'En 1912, la petite couronne parisienne comptait 2 500 maraîchers, formant une ceinture nourricière autour de la capitale. Ces exploitations, souvent installées sur des terrains peu fertiles, utilisaient des techniques innovantes et recyclaient les déchets urbains pour obtenir des rendements exceptionnels. Toutefois, l’urbanisation progressive a entraîné une diminution de ces activités, avec seulement 74 maraîchers recensés en 2010.\n\nAujourd’hui, un regain d’intérêt pour l’agriculture urbaine se manifeste en Île-de-France. Le nombre d’exploitations maraîchères a doublé entre 2010 et 2020, passant de 74 à 139, et les surfaces en maraîchage diversifié ont également augmenté. Des initiatives soutenues par les collectivités locales visent à réintroduire des formes d’agriculture de proximité, adaptées aux besoins contemporains en matière de durabilité et de souveraineté alimentaire.', 'In 1912, the inner suburbs of Paris were home to 2,500 market gardeners, forming a food belt around the capital. These farms, often located on less fertile land, used innovative techniques and recycled urban waste to achieve exceptional yields. However, gradual urbanization led to a decline in these activities, with only 74 market gardeners recorded in 2010. Today, there is a renewed interest in urban agriculture in the Île-de-France region. The number of market gardens doubled between 2010 and 2020, from 74 to 139, and the area devoted to diversified market gardening has also increased. Initiatives supported by local authorities aim to reintroduce forms of local agriculture adapted to contemporary needs in terms of sustainability and food sovereignty.', 'Raphaël Luciani-galais',
  'Paris', 'Paris', 48.8534951, 2.3483915,
  'images/IMG_3711.jpeg', '', 'https://www.inrae.fr/actualites/quand-petite-couronne-paris-etait-maraichere?utm_source=chatgpt.com', '2026-02-23', 'published', 1, '2026-02-23 15:37:27', '2026-02-23 15:37:27'
);
INSERT INTO cartel_categories (cartel_id, category_id) VALUES ('1771861047777', 'agriculture');

INSERT INTO cartels (id, titre, titre_en, annee, description, description_en, exhume_par, location, location_en, lat, lng, image_path, image_credit, url_qr, date, status, visible, created_at, updated_at) VALUES (
  '1771861110085', 'TRANSPORT PAR TRACTEUR ÉLECTRIQUE', 'TRANSPORT BY ELECTRIC TRACTOR', '1920',
  'Depuis quelques années, la Société Les Transports Electriques de Paris a obtenu des services municipaux l’autorisation de mettre en service des chariots à accumulateurs, qui augmentent dans de grandes proportions la rapidité de la manutention.\n\nElle possède une quarantaine de chariots loués sans conducteur soit à des commerçants du quartier, soit à des entrepreneurs qui se chargent des transports à forfait. Ils servent à porter la viande, les pommes de terre (photographie), les primeurs, etc., effectuent des livraisons aux magasins d’alentour, aux voitures, qui stationnent en dehors du périmètre, aux gares. \n\nLa circulation de ces véhicules dans les endroits encombrés est des plus faciles ; pas d’à-coup, pas de bruit, pas d’odeur ni de dégagement gazeux susceptible de polluer les marchandises.', 'In recent years, the Paris Electric Transport Company has obtained authorization from municipal authorities to use battery-powered carts, which greatly increase the speed of handling.\n\nIt has around forty trucks rented without drivers to either local merchants or contractors who handle flat-rate transport. They are used to carry meat, potatoes (photograph), early produce, etc., and make deliveries to nearby stores, cars parked outside the perimeter, and train stations. \n\nThese vehicles are very easy to maneuver in congested areas; there are no jolts, no noise, no odors, and no gas emissions that could contaminate the goods.', 'Gilles Gallo',
  'Paris', 'Paris', 48.8534951, 2.3483915,
  'images/IMG_3712.jpeg', '', '', '2026-02-23', 'published', 1, '2026-02-23 15:38:30', '2026-02-23 15:38:30'
);
INSERT INTO cartel_categories (cartel_id, category_id) VALUES ('1771861110085', 'deplacement');
INSERT INTO cartel_categories (cartel_id, category_id) VALUES ('1771861110085', 'electricite');
INSERT INTO cartel_categories (cartel_id, category_id) VALUES ('1771861110085', 'agriculture');

INSERT INTO cartels (id, titre, titre_en, annee, description, description_en, exhume_par, location, location_en, lat, lng, image_path, image_credit, url_qr, date, status, visible, created_at, updated_at) VALUES (
  '1771861173540', 'CAMIONS ÉLECTRIQUES LAPORTE & FILS & CIE', 'LAPORTE & FILS & CIE ELECTRIC TRUCKS', '1922 - 1925',
  'De 1922 à 1925, l’entreprise Laporte & Fils fut à l’origine des premiers camions électriques en France. Ils fonctionnaient uniquement grâce à des accumulateurs et des moteurs électriques. Il s’agissait de camions électriques lourds d’une capacité de 5 tonnes, mus par deux moteurs de 7 chevaux, montés directement sur l’essieu arrière. L’autonomie de ces véhicules était de 90 km. Ainsi, dans les années 1920, Paris utilisait des véhicules électriques pour ramasser les poubelles, mais aussi comme modes de transport en commun, comme camions de Poste… Cet usage fréquent de l’électricité pour les véhicules urbains décline néanmoins dans la seconde partie du XXe siècle.', 'From 1922 to 1925, the Laporte & Fils company was behind the first electric trucks in France. They ran solely on batteries and electric motors. These were heavy electric trucks with a capacity of 5 tons, powered by two 7-horsepower motors mounted directly on the rear axle. These vehicles had a range of 90 km. In the 1920s, Paris used electric vehicles to collect garbage, but also as public transportation, postal trucks, and more. However, this frequent use of electricity for urban vehicles declined in the second half of the 20th century.', 'Alexandre Barre',
  'France', 'France', 46.603354, 1.8883335,
  'images/IMG_3713.jpeg', '', '', '2026-02-23', 'published', 1, '2026-02-23 15:39:33', '2026-02-23 15:39:33'
);
INSERT INTO cartel_categories (cartel_id, category_id) VALUES ('1771861173540', 'electricite');
INSERT INTO cartel_categories (cartel_id, category_id) VALUES ('1771861173540', 'deplacement');

INSERT INTO cartels (id, titre, titre_en, annee, description, description_en, exhume_par, location, location_en, lat, lng, image_path, image_credit, url_qr, date, status, visible, created_at, updated_at) VALUES (
  '1771861391206', 'LES CENTRALES ÉLECTRIQUES GÉOTHERMIQUES AU JAPON', 'GEOTHERMAL POWER PLANTS IN JAPAN', '1925',
  'Le Japon possède la 3e réserve géothermique mondiale. Les sources chaudes y sont utilisées depuis plus de 3000 ans, notamment à travers les onsen, bains thermaux au cœur de la culture nippone. Les débuts de la géothermie électrique remontent à 1904 en Italie. Au Japon, c’est en 1919 que le directeur de la marine, Mansuji Yamauchi, lance une étude sur le potentiel de Beppu. Un premier générateur expérimental y voit le jour en 1925 (1,12 kW), suivi par la centrale de Matsukawa en 1966 (9,5 MW).\n\nAujourd’hui, le pays compte 18 centrales géothermiques et de nombreuses micro-installations. Pour un potentiel estimé à 23 GW, seules 535 MW sont installés, dont 500 MW depuis 1996. La géothermie représente à peine 0,2 % de l’électricité consommée, mais l’objectif pour 2030 est d’atteindre 1 %, avec 25 % d’énergies renouvelables dans le mix énergétique.\n\nLe développement de cette énergie est freiné par l’industrie du spa, qui occupe de nombreux sites exploitables, ainsi que par la protection des parcs nationaux, où se trouvent souvent les gisements. Pourtant, en 2015, la centrale de Tsuchiyu ouvre dans un parc national, en cohabitation avec un spa. Elle incarne une nouvelle orientation énergétique pour le Japon.', 'Japan has the third largest geothermal reserves in the world. Hot springs have been used there for over 3,000 years, particularly in onsen, thermal baths that are central to Japanese culture. The beginnings of geothermal power date back to 1904 in Italy. In Japan, it was in 1919 that the director of the navy, Mansuji Yamauchi, launched a study on the potential of Beppu. The first experimental generator was built there in 1925 (1.12 kW), followed by the Matsukawa power plant in 1966 (9.5 MW).\n\nToday, the country has 18 geothermal power plants and numerous micro-installations. With an estimated potential of 23 GW, only 535 MW have been installed, including 500 MW since 1996. Geothermal energy accounts for barely 0.2% of electricity consumption, but the target for 2030 is to reach 1%, with 25% of the energy mix coming from renewable sources.\n\nThe development of this energy source is hampered by the spa industry, which occupies many exploitable sites, as well as by the protection of national parks, where deposits are often found. However, in 2015, the Tsuchiyu power plant opened in a national park, coexisting with a spa. It embodies a new energy direction for Japan.', 'Thomas Ortiz',
  'Japon', 'Japanese', 36.5748441, 139.2394179,
  'images/IMG_3714.jpeg', '', '', '2026-02-23', 'published', 1, '2026-02-23 15:43:11', '2026-02-23 15:43:11'
);
INSERT INTO cartel_categories (cartel_id, category_id) VALUES ('1771861391206', 'geothermie');
INSERT INTO cartel_categories (cartel_id, category_id) VALUES ('1771861391206', 'electricite');

INSERT INTO cartels (id, titre, titre_en, annee, description, description_en, exhume_par, location, location_en, lat, lng, image_path, image_credit, url_qr, date, status, visible, created_at, updated_at) VALUES (
  '1771861547672', 'ÉOLIENNE POUR LA PRODUCTION D’ÉLECTRICITÉ', 'WIND TURBINE FOR ELECTRICITY GENERATION', '1928',
  'Le vent est traditionnellement exploité pour broyer le grain et pomper de l’eau, alors pourquoi ne pas l’utiliser pour produire de l’électricité ? Il y a 100 ans deux ingénieurs américains y avaient déjà pensé.\n\nMarcellus et Joe Jacobs développent en 1928 la première éolienne vendue en commerce pour la production d’électricité. Les deux frères ont commencé à s’intéresser aux dispositifs énergétiques décentralisés dès les années 1920, tout d’abord pour leur ferme.\n\nGrâce à leur expérience de fermiers, ils savent que de nombreuses exploitations éloignées ne peuvent pas être électrifiées sans utiliser de générateurs à essence. Or ces derniers étaient trop coûteux et comportaient trop d’inconvénients pour de nombreuses exploitations, car l’essence devait être constamment transportée en vrac sur de grandes distances.\n\nEn 1928, Jacobs Wind Electric Company est créée et la première usine voit le jour à Minneapolis en 1932. Entre 1928 et 1957, la société vendit plus de 30 000 unités. Le paysage agricole américain change : un nouveau type d’arbre y pousse.', 'Wind has traditionally been used to grind grain and pump water, so why not use it to generate electricity? Two American engineers had already thought of this 100 years ago.\n\nIn 1928, Marcellus and Joe Jacobs developed the first commercially available wind turbine for electricity generation. The two brothers became interested in decentralized energy systems in the 1920s, initially for their own farm.\n\nThanks to their experience as farmers, they knew that many remote farms could not be electrified without using gasoline generators. However, these were too expensive and had too many drawbacks for many farms, as gasoline had to be constantly transported in bulk over long distances.\n\nIn 1928, Jacobs Wind Electric Company was founded, and the first factory was established in Minneapolis in 1932. Between 1928 and 1957, the company sold more than 30,000 units. The American agricultural landscape was changing: a new type of tree was growing there.', 'Loïc Rogard',
  'Minneapolis', 'Minneapolis', 44.9772995, -93.2654692,
  'images/IMG_3715.jpeg', '', '', '2026-02-23', 'published', 1, '2026-02-23 15:45:47', '2026-02-23 15:45:47'
);
INSERT INTO cartel_categories (cartel_id, category_id) VALUES ('1771861547672', 'eolien');
INSERT INTO cartel_categories (cartel_id, category_id) VALUES ('1771861547672', 'electricite');

INSERT INTO cartels (id, titre, titre_en, annee, description, description_en, exhume_par, location, location_en, lat, lng, image_path, image_credit, url_qr, date, status, visible, created_at, updated_at) VALUES (
  '1771861621848', 'CELLULES SOLAIRES PHOTOVOLTAÏQUES', 'PHOTOVOLTAIC SOLAR CELLS', '1928',
  'En 1928, Hassan Kamel Al-Sabbah déclare “j’utiliserai le sable du désert pour produire des cellules solaires afin de générer une énorme quantité d’électricité et transformer ainsi le désert en paradis”.\n\n27 brevets lui sont délivrés entre 1928 et 1935 qui trouveront des applications dans les projets spatiaux. La cellule solaire d''origine qui a été inventée et testée par Al-Sabbah a été ensuite développée par Bell Telephone Laboratories en 1955. Un examen attentif des aéronefs et des satellites révèle que de nombreux instruments et équipements électroniques tels que les intégrateurs, les régulateurs, les onduleurs, les minuteries, les émetteurs et les capteurs ont été développés à partir de ses inventions originales de redresseurs et de convertisseurs.', 'In 1928, Hassan Kamel Al-Sabbah declared, "I will use desert sand to produce solar cells to generate a huge amount of electricity and thus transform the desert into a paradise."\n\nBetween 1928 and 1935, he was granted 27 patents that would find applications in space projects. The original solar cell invented and tested by Al-Sabbah was subsequently developed by Bell Telephone Laboratories in 1955. A careful examination of aircraft and satellites reveals that many electronic instruments and equipment such as integrators, regulators, inverters, timers, transmitters, and sensors were developed from his original inventions of rectifiers and converters.', 'Cédric Carles',
  '', '', NULL, NULL,
  'images/IMG_3717.jpeg', '', '', '2026-02-23', 'published', 1, '2026-02-23 15:47:01', '2026-02-23 15:47:01'
);
INSERT INTO cartel_categories (cartel_id, category_id) VALUES ('1771861621848', 'electricite');
INSERT INTO cartel_categories (cartel_id, category_id) VALUES ('1771861621848', 'solaire');

INSERT INTO cartels (id, titre, titre_en, annee, description, description_en, exhume_par, location, location_en, lat, lng, image_path, image_credit, url_qr, date, status, visible, created_at, updated_at) VALUES (
  '1771861725604', 'LE BÉLIER-SIPHON DE BIARRITZ DE PAUL GRASSET', 'THE BIARRITZ SIPHON BY PAUL GRASSET', '1930',
  'Au cap Saint-Martin, aux pieds du phare de Biarritz, un étrange cylindre de béton affronte les assauts de l’océan. Il abrita, dans les années 30, un « bélier-siphon maritime à chambre barométrique » conçu par l’ingénieur civil Paul Grasset pour produire de l’électricité à partir de l’énergie des vagues. Voici comment l’ingénieur décrit son procédé destiné à fournir « une énergie illimitée, nuit et jour, sans emploi de combustible » : « Cet appareil tient à la fois du Bélier hydraulique de Montgolfier, du Siphon et du baromètre à colonne liquide, équilibrée par la pression atmosphérique. Le réservoir barométrique sert à la fois d’accumulateur de l’énergie, de régulateur de la hauteur de chute et de distributeur permanent d’eau dans les turbines. Les deux colonnes, la première munie d’un clapet, la seconde comportant des turbines, sont en équilibre entre elles. Réunies par l’eau du réservoir, elles constituent un siphon à branches égales. Toutes les 10 secondes environ, l’impulsion venant de la mer soulève la colonne d’eau de la branche ascendante, rompant ainsi l’équilibre et permettant l’écoulement à travers les turbines de la branche descendante. Toutes les impulsions fortes ou faibles déséquilibrent le siphon et sont donc efficaces !”', 'At Cap Saint-Martin, at the foot of the Biarritz lighthouse, a strange concrete cylinder braves the onslaught of the ocean. In the 1930s, it housed a "maritime siphon ram with a barometric chamber" designed by civil engineer Paul Grasset to generate electricity from wave energy. Here is how the engineer described his process, designed to provide "unlimited energy, night and day, without the use of fuel": "This device is a combination of Montgolfier''s hydraulic ram, a siphon, and a liquid column barometer, balanced by atmospheric pressure. The barometric reservoir serves as an energy accumulator, a regulator of the height of fall, and a permanent distributor of water to the turbines. The two columns, the first equipped with a valve and the second containing turbines, are in equilibrium with each other. Connected by the water in the reservoir, they form a siphon with equal branches. Approximately every 10 seconds, the impulse from the sea lifts the water column in the ascending branch, breaking the balance and allowing the water to flow through the turbines in the descending branch. All impulses, whether strong or weak, unbalance the siphon and are therefore effective!', 'Guillaume Tixier',
  'Biarritz', 'Biarritz', 43.4711438, -1.5527266,
  'images/IMG_3716.jpeg', '', '', '2026-02-23', 'published', 1, '2026-02-23 15:48:45', '2026-02-23 15:48:45'
);
INSERT INTO cartel_categories (cartel_id, category_id) VALUES ('1771861725604', 'electricite');
INSERT INTO cartel_categories (cartel_id, category_id) VALUES ('1771861725604', 'h2o');

INSERT INTO cartels (id, titre, titre_en, annee, description, description_en, exhume_par, location, location_en, lat, lng, image_path, image_credit, url_qr, date, status, visible, created_at, updated_at) VALUES (
  '1771861824327', 'LE TRAVAIL DE RECHERCHE APPLIQUÉE DE MARIA TELKES', 'MARIA TELKES'' APPLIED RESEARCH WORK', '1937',
  'Mária Telkes, chimiste et biophysicienne américaine d’origine hongroise, est connue pour avoir inventé le distillateur solaire et conçu le premier système de chauffage solaire pour habitations. En 1937, elle rejoint Westinghouse Electric où elle développe des instruments convertissant la chaleur en électricité. En 1939, au MIT, elle débute ses recherches sur l’énergie solaire à travers des dispositifs thermoélectriques alimentés par la lumière du soleil.\n\nPendant la Seconde Guerre mondiale, au sein de l’US Office of Scientific Research and Development, elle met au point un distillateur solaire capable de transformer l’eau de mer en eau potable. En 1948, avec l’architecte Eleanor Raymond, elle conçoit la première maison moderne chauffée à l’énergie solaire, à Douvres (Massachusetts). Des capteurs solaires y réchauffent de l’air transmis à des sels de Glauber (sulfate de sodium) pour emmagasiner la chaleur.\n\nElle perfectionne aussi les échangeurs thermiques pour créer poêles et chauffages solaires. En 1980, elle participe à la construction de la première maison solaire-électrique, à Carlisle. Jusqu’à la fin de sa carrière, elle développe des technologies solaires innovantes, obtenant plusieurs brevets. Son parcours incarne l’ingéniosité appliquée aux énergies renouvelables.', 'Mária Telkes, an American chemist and biophysicist of Hungarian origin, is known for inventing the solar distiller and designing the first solar heating system for homes. In 1937, she joined Westinghouse Electric, where she developed instruments that converted heat into electricity. In 1939, at MIT, she began her research on solar energy using thermoelectric devices powered by sunlight. During World War II, while working for the US Office of Scientific Research and Development, she developed a solar distiller capable of converting seawater into drinking water. In 1948, with architect Eleanor Raymond, she designed the first modern solar-heated house in Dover, Massachusetts. Solar collectors heated air that was transferred to Glauber''s salt (sodium sulfate) to store the heat.\n\nShe also perfected heat exchangers to create solar stoves and heaters. In 1980, she participated in the construction of the first solar-electric house in Carlisle. Until the end of her career, she developed innovative solar technologies, obtaining several patents. Her career embodies ingenuity applied to renewable energy.', 'Sylvain Roche',
  'Etats-unis', 'United States', 39.7837304, -100.445882,
  'images/IMG_3718.jpeg', '', '', '2026-02-23', 'published', 1, '2026-02-23 15:50:24', '2026-02-23 15:50:24'
);
INSERT INTO cartel_categories (cartel_id, category_id) VALUES ('1771861824327', 'rechauffer');
INSERT INTO cartel_categories (cartel_id, category_id) VALUES ('1771861824327', 'solaire');
INSERT INTO cartel_categories (cartel_id, category_id) VALUES ('1771861824327', 'electricite');

INSERT INTO cartels (id, titre, titre_en, annee, description, description_en, exhume_par, location, location_en, lat, lng, image_path, image_credit, url_qr, date, status, visible, created_at, updated_at) VALUES (
  '1771861916146', 'LA VOITURE LÉGÈRE DE VILLE PEUGEOT', 'THE PEUGEOT CITY CAR', '1941',
  'Face à une pénurie de carburant due à l’occupation allemande, Peugeot présente son VLV électrique en 1941. Cette petite voiture légère de ville a une autonomie maximale pour un coût minimal par kilomètre : “rayon d’action : 75 kilomètres, dépense pour la charge des batteries : 5 francs. Soit le kilomètre à 6 centimes 6”, note l’Argus de mai 1942. \n\nCe coupé décapotable deux places est réservé aux petits conducteurs - les grands gabarits doivent impérativement rouler capote ouverte - atteint une pointe à 36 km/h ! \n\nCe véhicule est très léger et minimaliste : 160 kilos des 4 batteries de 12V reliées en séries sous le capot avant, 180 kilos pour la structure en aluminium. Conçue pour un usage urbain, cette voiture sera utilisée en priorité par les postiers et les médecins. \n\nProduites à 377 exemplaires de 1941 à 1945 - on en connaît aujourd’hui une demi-douzaine-, elle fut construite non pas à Sochaux, occupé par les Allemands, mais en région parisienne. Petite, légère, maniable, économique et propre… Une parfaite citadine pour affronter la pénurie de carburant pétrole. ', 'Faced with a fuel shortage due to the German occupation, Peugeot unveiled its electric VLV in 1941. This small, lightweight city car offered maximum range at minimum cost per kilometer: "range: 75 kilometers, battery charging cost: 5 francs. That''s 6.6 cents per kilometer," noted L''Argus in May 1942. \n\nThis two-seater convertible coupe was designed for small drivers—taller drivers had to drive with the top down—and reached a top speed of 36 km/h! \n\nThis vehicle was very light and minimalist: 160 kilos for the four 12V batteries connected in series under the front hood, 180 kilos for the aluminum structure. Designed for urban use, this car was primarily used by postal workers and doctors. \n\nA total of 377 were produced between 1941 and 1945—half a dozen are known to exist today—and it was built not in Sochaux, which was occupied by the Germans, but in the Paris region. Small, light, maneuverable, economical, and clean... A perfect city car to cope with the fuel shortage. ', 'Alan Danglades',
  'Paris', 'Paris', 48.8534951, 2.3483915,
  'images/IMG_3719.jpeg', '', '', '2026-02-23', 'published', 1, '2026-02-23 15:51:56', '2026-02-23 15:51:56'
);
INSERT INTO cartel_categories (cartel_id, category_id) VALUES ('1771861916146', 'deplacement');
INSERT INTO cartel_categories (cartel_id, category_id) VALUES ('1771861916146', 'electricite');

INSERT INTO cartels (id, titre, titre_en, annee, description, description_en, exhume_par, location, location_en, lat, lng, image_path, image_credit, url_qr, date, status, visible, created_at, updated_at) VALUES (
  '1771861997855', 'LA VOITURE ÉLECTRIQUE CGE-TUBOR', 'THE CGE-TUBOR ELECTRIC CAR', '1942',
  'Jean-Albert Grégoire, ingénieur automobile français, est un pionnier de la traction avant et des carrosseries en alliages d’aluminium, allégeant ainsi les véhicules. Durant la Seconde Guerre mondiale, face à la pénurie d’essence, la Compagnie Générale d’Électricité (CGE) lui commande une voiture électrique. Produite à 200 exemplaires en 1941, la CGE-Tudor est vendue à un prix équivalent à 35 000 euros. Sans les batteries, elle ne pèse que 510 kg. Son moteur et ses 400 kg de batteries Tudor lui permettent d’atteindre 55 km/h, avec une autonomie record de 300 km. Elle dispose aussi d’un système de récupération d’énergie au freinage. Malgré ses innovations, la production s’arrête après la guerre. Jugées peu compétitives, la majorité des voitures sont envoyées à la casse. Ce véhicule oublié montre pourtant qu’en période de pénurie, l’innovation explore d’autres voies énergétiques. Fruit d’une collaboration entre acteurs publics et privés, il est regrettable qu’aucun effort n’ait été fait pour poursuivre sa production à moindre coût. À la fin des années 1960, Grégoire conçoit un nouveau modèle électrique : la Grégoire-Charbonneaux.', 'Jean-Albert Grégoire, a French automotive engineer, was a pioneer in front-wheel drive and aluminum alloy bodywork, which made vehicles lighter. During World War II, faced with a fuel shortage, the Compagnie Générale d''Électricité (CGE) commissioned him to design an electric car. Produced in 200 units in 1941, the CGE-Tudor was sold at a price equivalent to €35,000. Without the batteries, it weighed only 510 kg. Its engine and 400 kg of Tudor batteries enabled it to reach 55 km/h, with a record range of 300 km. It also had a braking energy recovery system. Despite its innovations, production ceased after the war. Deemed uncompetitive, most of the cars were sent to the scrapyard. However, this forgotten vehicle shows that in times of scarcity, innovation explores other energy sources. The result of collaboration between public and private actors, it is regrettable that no effort was made to continue its production at a lower cost. At the end of the 1960s, Grégoire designed a new electric model: the Grégoire-Charbonneaux.', 'Pierre-Antoine Gombeaud',
  'France', 'France', 46.603354, 1.8883335,
  'images/IMG_3721.jpeg', '', '', '2026-02-23', 'published', 1, '2026-02-23 15:53:17', '2026-02-23 15:53:17'
);
INSERT INTO cartel_categories (cartel_id, category_id) VALUES ('1771861997855', 'electricite');
INSERT INTO cartel_categories (cartel_id, category_id) VALUES ('1771861997855', 'deplacement');

INSERT INTO cartels (id, titre, titre_en, annee, description, description_en, exhume_par, location, location_en, lat, lng, image_path, image_credit, url_qr, date, status, visible, created_at, updated_at) VALUES (
  '1771862071905', '1ÈRE CAMPAGNE TÉLÉVISUELLE D’ÉCONOMIE', 'FIRST TELEVISION CAMPAIGN ON SAVING MONEY', '1943',
  'A l’occasion de la mise en service d’une centrale à charbon de 200 000 kilowatts, une campagne d’économie d’énergie est diffusée en France. Le speaker propose de “ne pas gaspiller cette énergie vitale” et insiste : “cependant n’oubliez pas que toute consommation d’électricité est une consommation de charbon”. On y apprend aussi des mesures d’équivalences énergétiques.', 'To mark the commissioning of a 200,000-kilowatt coal-fired power plant, an energy-saving campaign is being launched in France. The speaker urges people "not to waste this vital energy" and insists: "However, don''t forget that all electricity consumption is coal consumption." The campaign also teaches people about energy equivalence measures.', 'Cédric Carles',
  'France', 'France', 46.603354, 1.8883335,
  'images/IMG_3722.jpeg', '', '', '2026-02-23', 'published', 1, '2026-02-23 15:54:31', '2026-02-23 15:54:31'
);
INSERT INTO cartel_categories (cartel_id, category_id) VALUES ('1771862071905', 'electricite');
INSERT INTO cartel_categories (cartel_id, category_id) VALUES ('1771862071905', 'politique-publique');

INSERT INTO cartels (id, titre, titre_en, annee, description, description_en, exhume_par, location, location_en, lat, lng, image_path, image_credit, url_qr, date, status, visible, created_at, updated_at) VALUES (
  '1771862207536', 'CAMION À L’HYDROGÈNE', 'HYDROGEN-POWERED TRUCK', '1945',
  'M. Louis Hubault et M.G. Dubled ont mis au point un camion Saurer 1929 roulant à l’hydrogène. Ils produisaient eux-mêmes l’hydrogène avec un moulin à eau, une turbine de 35cv, un électrolyseur, deux dynamos, une installation de distillation pour obtenir de l’eau très pure, deux gazomètres (un pour l‘oxygène et un pour l’hydrogène) et un compresseur. L’hydrogène était alors compressé à 350 atmosphères dans des réservoirs fixes pour ensuite alimenter les bouteilles du camion à 200 atmosphères. En 1950, avec un professeur du lycée technique de Narcet, M. Maxence de Feyter, ils ont construit un arbre à cames pour entraîner les soupapes amenant l’hydrogène. En 6 ans ils ont parcouru plusieurs milliers de kilomètres sans incident (sans que le corps des Mines ne soit jamais au courant).', 'Mr. Louis Hubault and Mr. G. Dubled developed a 1929 Saurer truck that ran on hydrogen. They produced the hydrogen themselves using a water mill, a 35 hp turbine, an electrolyzer, two dynamos, a distillation system to obtain very pure water, two gasometers (one for oxygen and one for hydrogen) and a compressor. The hydrogen was then compressed to 350 atmospheres in fixed tanks and used to fill the truck''s cylinders at 200 atmospheres. In 1950, with a teacher from the technical high school in Narcet, Mr. Maxence de Feyter, they built a camshaft to drive the valves supplying the hydrogen. In six years, they traveled several thousand kilometers without incident (without the Corps des Mines ever knowing).', 'Marcel Robert',
  '', '', NULL, NULL,
  'images/IMG_3723.jpeg', '', '', '2026-02-23', 'published', 1, '2026-02-23 15:56:47', '2026-02-23 15:56:47'
);
INSERT INTO cartel_categories (cartel_id, category_id) VALUES ('1771862207536', 'hydrogene');
INSERT INTO cartel_categories (cartel_id, category_id) VALUES ('1771862207536', 'deplacement');
INSERT INTO cartel_categories (cartel_id, category_id) VALUES ('1771862207536', 'h2o');

INSERT INTO cartels (id, titre, titre_en, annee, description, description_en, exhume_par, location, location_en, lat, lng, image_path, image_credit, url_qr, date, status, visible, created_at, updated_at) VALUES (
  '1771862293265', 'LA VOITURE ÉLECTRIQUE TAMA', 'THE TAMA ELECTRIC CAR', '1947',
  'Les 1ères importations d’automobiles, dont une électrique, débutent à la fin du XIXe siècle au Japon. À partir de 1910, les prototypes de véhicules électriques japonais sont créées. En 1930, une collaboration entre une société de production électrique, une de batteries et un équipementier conçoit des bus électriques pour le transport urbain. Ils sont expérimentés dans la ville de Nagoya, leurs batteries sont rechargées avec les surplus de production des heures creuses nocturnes. Avec un système ingénieux de glissières, on peut remplacer les batteries en 10 minutes. En 1938, on en compte 27 dans tout le pays. Après la 2nd guerre mondiale, l’essence est rationnée au Japon. Le pays est détruit, mais des centrales électriques continuent de tourner. \n\nEn 1947, la société Tachikawa arrête la production d’avions militaires pour des véhicules électriques, elle devient la Tokyo Electric Car Company. Elle conçoit la 1ère voiture électrique, fabriquée en série, au Japon : la Tama. Elle peut rouler à une vitesse maximum de 35 km/h et dispose d’une autonomie de 65 km. En 1949, un nouveau modèle peut atteindre une vitesse de 55 km/h pour une autonomie de 200 km. Toutefois, en 1950, les conséquences géopolitiques de la guerre de Corée provoquent la flambée du cours du plomb… Le prix des batteries monte en flèche tandis que celui du pétrole dégringole. La mobilité électrique n’est plus compétitive par rapport aux voitures thermiques.', 'The first imports of automobiles, including an electric car, began in Japan at the end of the 19th century. From 1910 onwards, Japanese electric vehicle prototypes were created. In 1930, a collaboration between an electricity production company, a battery manufacturer, and an equipment supplier led to the design of electric buses for urban transport. They were tested in the city of Nagoya, with their batteries recharged using surplus production during off-peak night-time hours. Thanks to an ingenious slide system, the batteries could be replaced in 10 minutes. By 1938, there were 27 of them in operation across the country. After World War II, gasoline was rationed in Japan. The country was destroyed, but the power plants continued to operate. \n\nIn 1947, the Tachikawa company stopped producing military aircraft in favor of electric vehicles and became the Tokyo Electric Car Company. It designed the first mass-produced electric car in Japan: the Tama. It could reach a maximum speed of 35 km/h and had a range of 65 km. In 1949, a new model was able to reach a speed of 55 km/h with a range of 200 km. However, in 1950, the geopolitical consequences of the Korean War caused the price of lead to skyrocket. The price of batteries rose sharply while the price of oil plummeted. Electric mobility was no longer competitive with combustion engine cars.', 'Thomas Ortiz',
  'Japon', 'Japanese', 36.5748441, 139.2394179,
  'images/IMG_3724.jpeg', '', '', '2026-02-23', 'published', 1, '2026-02-23 15:58:13', '2026-02-23 15:58:13'
);
INSERT INTO cartel_categories (cartel_id, category_id) VALUES ('1771862293265', 'electricite');
INSERT INTO cartel_categories (cartel_id, category_id) VALUES ('1771862293265', 'deplacement');

INSERT INTO cartels (id, titre, titre_en, annee, description, description_en, exhume_par, location, location_en, lat, lng, image_path, image_credit, url_qr, date, status, visible, created_at, updated_at) VALUES (
  '1771862540359', 'LE GYROBUS : UN TRANSPORT A VOLANT D’INERTIE', 'THE GYROBUS: TRANSPORTATION USING A FLYWHEEL', '1950',
  'Développés par la société suisse Oerlikon dans les années 50, les gyrobus ont été utilisés pendant environ 7 ans à Yverdon et Grandson en Suisse, Léopoldville au Congo Belge, et Gand en Belgique. Ils fonctionnent avec un moteur électrique alimenté par un grand volant en acier pesant 1500 kg (un volant d’inertie). Une fois que le volant est lancé, son énergie cinétique est convertie en énergie électrique et alimente le moteur de propulsion. Lors de la montée et descente des passagers, le volant est rechargé, il est remis en rotation. Ce système permettait d’atteindre une vitesse de 50-60 km/h pour une autonomie de 6 km environ.\n\nLe gyrobus présentait plusieurs avantages : il était peu polluant (hormis la production d’électricité) et peu bruyant. Contrairement aux trolleybus il n’avait pas besoin de lignes de contact sur tout le parcours, se rechargeant uniquement durant les arrêts. Cependant le temps de recharge du volant relativement long, trois à quatres minutes, ainsi que le danger causé par celui-ci, pesant plus d’une tonne et lancé à 3000 tours/minutes furent la cause de l’abandon de ce type de véhicule à la fin des années 60.\n\nAujourd’hui les volants d’inertie sont de plus en plus développés pour le stockage d’énergie. A Rennes par exemple, l’énergie créée par le freinage des rames de métro est stockée dans un volant d’inertie, pour être ensuite réinjectée sous forme d’électricité.', 'Developed by the Swiss company Oerlikon in the 1950s, gyrobus vehicles were used for around seven years in Yverdon and Grandson in Switzerland, Leopoldville in the Belgian Congo, and Ghent in Belgium. They operate using an electric motor powered by a large steel wheel weighing 1,500 kg (a flywheel). Once the flywheel is started, its kinetic energy is converted into electrical energy and powers the propulsion motor. When passengers get on and off, the flywheel is recharged and starts spinning again. This system allowed the gyrobus to reach speeds of 50-60 km/h with a range of about 6 km.\n\nThe gyrobus had several advantages: it was low-polluting (except for electricity production) and quiet. Unlike trolleybuses, it did not need overhead lines along the entire route, recharging only during stops. However, the relatively long recharge time for the flywheel, three to four minutes, as well as the danger posed by the flywheel, weighing over a ton and spinning at 3,000 rpm, led to this type of vehicle being abandoned in the late 1960s.\n\nToday, flywheels are increasingly being developed for energy storage. In Rennes, for example, the energy created by the braking of metro trains is stored in a flywheel, to be then fed back into the grid in the form of electricity.', 'André Rosselet',
  'Congo', 'Congo', -2.9814344, 23.8222636,
  'images/IMG_3725.jpeg', '', '', '2026-02-23', 'published', 1, '2026-02-23 16:02:20', '2026-02-23 16:02:20'
);
INSERT INTO cartel_categories (cartel_id, category_id) VALUES ('1771862540359', 'electricite');
INSERT INTO cartel_categories (cartel_id, category_id) VALUES ('1771862540359', 'mecanique');

INSERT INTO cartels (id, titre, titre_en, annee, description, description_en, exhume_par, location, location_en, lat, lng, image_path, image_credit, url_qr, date, status, visible, created_at, updated_at) VALUES (
  '1771862619327', 'LE MUR TROMBE-MICHEL DE FÉLIX TROMBE', 'THE TROMBE-MICHEL WALL BY FÉLIX TROMBE', '1950 - 1970',
  'Le mur Trombe-Michel est un système de chauffage ou de climatisation solaire passif par circulation d’air. Devant le mur se trouve un vitrage qui piège la chaleur du soleil et se propage pour s’accumuler dans la maçonnerie. Mis en œuvre et expérimenté par le professeur Félix Trombe et l’architecte Jacques Michel, ce dispositif tire parti, par effet de serre, de l’énergie gratuite du soleil. Basé sur une idée originale du naturaliste américain Edward Sylvester Morse de 1881, le concept est aujourd’hui repris par une équipe de jeunes ingénieurs de centrale Lille sous le nom Enar. Le mur fait de canettes récupérées, découpées, puis assemblées, recrée l’action sur l’air décrite par Morse, Trombe et Michel, et ce à moindres frais.', 'The Trombe-Michel wall is a passive solar heating or cooling system that uses air circulation. In front of the wall is a glass panel that traps the sun''s heat and spreads it to accumulate in the masonry. Developed and tested by Professor Félix Trombe and architect Jacques Michel, this device uses the greenhouse effect to harness the sun''s free energy. Based on an original idea by American naturalist Edward Sylvester Morse in 1881, the concept has now been taken up by a team of young engineers from Centrale Lille under the name Enar. The wall, made from recycled cans that have been cut and assembled, recreates the action on the air described by Morse, Trombe, and Michel, at a lower cost.', 'Thomas Ortiz',
  '', '', NULL, NULL,
  'images/IMG_3726.jpeg', '', '', '2026-02-23', 'published', 1, '2026-02-23 16:03:39', '2026-02-23 16:03:39'
);
INSERT INTO cartel_categories (cartel_id, category_id) VALUES ('1771862619327', 'rechauffer');
INSERT INTO cartel_categories (cartel_id, category_id) VALUES ('1771862619327', 'rafraichir');
INSERT INTO cartel_categories (cartel_id, category_id) VALUES ('1771862619327', 'isolation-thermique');

INSERT INTO cartels (id, titre, titre_en, annee, description, description_en, exhume_par, location, location_en, lat, lng, image_path, image_credit, url_qr, date, status, visible, created_at, updated_at) VALUES (
  '1771862711836', 'LA MÉTHODE KEYLINE', 'THE KEYLINE METHOD', '1950',
  'La méthode Keyline, développée par P.A. Yeomans, est une approche de gestion de l''eau et du sol en agriculture régénérative. Elle vise à maximiser l''efficacité de l''utilisation de l''eau sur les terres agricoles en favorisant une infiltration et une distribution uniformes de l''eau. \n\nCela est réalisé par le design de paysages avec des barrages, des canaux et des fossés qui suivent les contours naturels du terrain. La méthode met également l''accent sur l''amélioration de la structure du sol et la création de microclimats favorables à la croissance des plantes.', 'The Keyline method, developed by P.A. Yeomans, is an approach to water and soil management in regenerative agriculture. It aims to maximize the efficiency of water use on agricultural land by promoting uniform water infiltration and distribution. \n\nThis is achieved by designing landscapes with dams, channels, and ditches that follow the natural contours of the land. The method also emphasizes improving soil structure and creating microclimates conducive to plant growth.', 'Cédric CARLES',
  '', '', NULL, NULL,
  'images/IMG_3727.jpeg', '', 'https://wiki.tripleperformance.fr/wiki/Keyline_design#:~:text=Le%20keyline%20design%20est%20une,''%C3%A9coulement%20de%20l''eau.', '2026-02-23', 'published', 1, '2026-02-23 16:05:11', '2026-02-23 16:05:11'
);
INSERT INTO cartel_categories (cartel_id, category_id) VALUES ('1771862711836', 'agriculture');
INSERT INTO cartel_categories (cartel_id, category_id) VALUES ('1771862711836', 'h2o');

INSERT INTO cartels (id, titre, titre_en, annee, description, description_en, exhume_par, location, location_en, lat, lng, image_path, image_credit, url_qr, date, status, visible, created_at, updated_at) VALUES (
  '1771862801863', 'DES POMPES SOLAIRES AU SÉNÉGAL', 'SOLAR PUMPS IN SENEGAL', '1950',
  'En pompant de l’eau pour le Sahel sans électricité, le Sénégal s’est imposé il y a plus de cinquante ans comme précurseur de l’énergie solaire – alors thermodynamique, non photovoltaïque. Henri Masson, premier directeur de l’École polytechnique de Dakar, s’y intéresse dès les années 1950. Dans les années 1970, Dakar devient un centre mondial de recherche solaire. C’est dans ce contexte que Jean-Pierre Girardier fonde en 1973 la Sofretes, spécialisée dans le pompage solaire thermodynamique. L’objectif : des pompes solaires villageoises de 1 kW, simples et réparables. Le soleil chauffe une surface noire, créant une différence de température avec l’eau froide du puits. Un fluide intermédiaire en circuit fermé, compressé et détendu, actionne un moteur entraînant la pompe, quasi sans entretien. Près de 70 pompes sont construites, surtout en Afrique et au Mexique. La Sofretes bâtit aussi deux grandes centrales : San Luis (1975) et Diré (1980). Sa première pompe entre au musée des Arts et Métiers en 2018.', 'By pumping water for the Sahel without electricity, Senegal established itself more than fifty years ago as a pioneer in solar energy—at that time thermodynamic, not photovoltaic. Henri Masson, the first director of the École Polytechnique de Dakar, became interested in it in the 1950s. In the 1970s, Dakar became a global center for solar research. It was in this context that Jean-Pierre Girardier founded Sofretes in 1973, specializing in thermodynamic solar pumping. The goal was to develop simple, repairable 1 kW solar pumps for villages. The sun heats a black surface, creating a temperature difference with the cold water in the well. An intermediate fluid in a closed circuit, compressed and expanded, drives a motor that powers the pump, requiring virtually no maintenance. Nearly 70 pumps were built, mainly in Africa and Mexico. Sofretes also built two large power plants: San Luis (1975) and Diré (1980). Its first pump entered the Musée des Arts et Métiers in 2018.', 'Frédéric Caille',
  'Sénégal', 'Senegal', 14.4750607, -14.4529612,
  'images/IMG_3728.jpeg', '', '', '2026-02-23', 'published', 1, '2026-02-23 16:06:41', '2026-02-23 16:06:41'
);
INSERT INTO cartel_categories (cartel_id, category_id) VALUES ('1771862801863', 'h2o');
INSERT INTO cartel_categories (cartel_id, category_id) VALUES ('1771862801863', 'solaire');

INSERT INTO cartels (id, titre, titre_en, annee, description, description_en, exhume_par, location, location_en, lat, lng, image_path, image_credit, url_qr, date, status, visible, created_at, updated_at) VALUES (
  '1771862967161', 'LE PEGASO ÉLECTRIQUE', 'THE ELECTRIC PEGASO', '1952',
  'Le Pegaso est un prototype de camion électrique du constructeur Pegaso.\n\nIl dispose d’une charge utile de 6 tonnes. Le camion pèse 9170 kg et est alimenté par 48 batteries plomb de fabrication française. Malgré cette énorme capacité de stockage de 600Ah, son autonomie n’est que de 75 km, sa vitesse maximale lorsqu’il est rempli atteint 28 km/h.\n\nAu même moment, son homologue roulant au Diesel a une autonomie de 555 km pour un plein de carburant et sa vitesse maximale est de 70 km/h. Incapable de rivaliser avec la version utilisant du carburant, le Pegaso électrique n’a pas été fabriqué en série.', 'The Pegaso is a prototype electric truck from the manufacturer Pegaso. It has a payload capacity of 6 tons. The truck weighs 9,170 kg and is powered by 48 French-made lead batteries. Despite this enormous storage capacity of 600Ah, its range is only 75 km, and its maximum speed when fully loaded is 28 km/h.\n\nAt the same time, its diesel-powered counterpart has a range of 555 km on a full tank of fuel and a top speed of 70 km/h. Unable to compete with the fuel-powered version, the electric Pegaso was not mass-produced.', 'Pierre-Antoine Gombeaud',
  '', '', NULL, NULL,
  'images/IMG_3729.jpeg', '', '', '2026-02-23', 'published', 1, '2026-02-23 16:09:27', '2026-02-23 16:09:27'
);
INSERT INTO cartel_categories (cartel_id, category_id) VALUES ('1771862967161', 'electricite');
INSERT INTO cartel_categories (cartel_id, category_id) VALUES ('1771862967161', 'deplacement');

INSERT INTO cartels (id, titre, titre_en, annee, description, description_en, exhume_par, location, location_en, lat, lng, image_path, image_credit, url_qr, date, status, visible, created_at, updated_at) VALUES (
  '1771926026584', 'L’HISTOIRE DES CELLULES PHOTOVOLTAÏQUES', 'THE HISTORY OF PHOTOVOLTAIC CELLS', '1954',
  'L’histoire de la cellule photovoltaïque est marquée par différents chercheurs qui découvrent et étudient le phénomène photovoltaïque, mais aussi par des contextes historiques qui encouragent son développement.\n\nElle débute en 1839, lorsque le physicien français Antoine Becquerel découvre cet effet qui consiste à transformer une partie du rayonnement solaire en courant électrique par le biais d’une cellule électrolytique exposée au soleil. Elle se poursuit en 1921, par le biais de la remise du prix Nobel de Einstein pour ses travaux sur l’effet photovoltaïque. Et son intérêt se développe considérablement dans les années 1950 en parallèle avec celui de l’industrie spatiale.\n\nLa crise énergétique de 1970 marque, quant à elle, le début d’un réel intérêt pour l’utilisation de l’énergie solaire dans les entreprises et les foyers. La deuxième moitié du XXe siècle est marquée par les premières constructions et véhicules alimentés par des cellules photovoltaïques. Une prise de conscience du caractère épuisable des énergies fossiles qui a accentué l’envie de trouver une énergie alternative … et quoi de mieux qu’une source d’énergie illimitée et inépuisable ?', 'The history of the photovoltaic cell is marked by various researchers who discovered and studied the photovoltaic phenomenon, but also by historical contexts that encouraged its development. It began in 1839, when French physicist Antoine Becquerel discovered this effect, which consists of converting part of the sun''s radiation into electrical current using an electrolytic cell exposed to the sun. It continued in 1921, when Einstein was awarded the Nobel Prize for his work on the photovoltaic effect. Interest in the phenomenon grew considerably in the 1950s, in parallel with the growth of the space industry.\n\nThe energy crisis of 1970 marked the beginning of a real interest in the use of solar energy in businesses and homes. The second half of the 20th century saw the first buildings and vehicles powered by photovoltaic cells. Awareness of the finite nature of fossil fuels heightened the desire to find an alternative energy source... and what could be better than an unlimited and inexhaustible source of energy?', 'Pierre-Antoine Gombeaud',
  'France', 'France', 46.603354, 1.8883335,
  'images/IMG_3731.jpeg', '', '', '2026-02-24', 'published', 1, '2026-02-24 09:40:26', '2026-02-24 09:40:26'
);
INSERT INTO cartel_categories (cartel_id, category_id) VALUES ('1771926026584', 'solaire');
INSERT INTO cartel_categories (cartel_id, category_id) VALUES ('1771926026584', 'electricite');

INSERT INTO cartels (id, titre, titre_en, annee, description, description_en, exhume_par, location, location_en, lat, lng, image_path, image_credit, url_qr, date, status, visible, created_at, updated_at) VALUES (
  '1771926115994', 'L’INVENTION DE LA BATTERIE SOLAIRE PAR BELL LABS', 'THE INVENTION OF THE SOLAR BATTERY BY BELL LABS', '1956',
  'La première conception de cellules solaires, du laboratoire États-Uniens Bell , est testée en 1955. Le système Bell utilise 3 600 cellules solaires pour alimenter le satellite Telstar en 1962, et depuis lors, il est un standard dans la conception pour l''espace. Cependant, il a fallu des décennies pour que le coût des cellules solaires permette de rivaliser avec d''autres formes d''énergie. Elles sont encore lentement adoptées dans les régions où l’ensoleillement est fort. L''efficacité de la technologie solaire s''est également considérablement améliorée ces dernières années.', 'The first solar cell design, from the US Bell Laboratories, was tested in 1955. The Bell system used 3,600 solar cells to power the Telstar satellite in 1962, and since then it has been a standard in space design. However, it took decades for the cost of solar cells to become competitive with other forms of energy. They are still being adopted slowly in regions with high levels of sunshine. The efficiency of solar technology has also improved considerably in recent years.', 'Nicolas Doubet  et David Stauffacher',
  'Etats-unis', 'United States', 39.7837304, -100.445882,
  'images/IMG_3732.jpeg', '', '', '2026-02-24', 'published', 1, '2026-02-24 09:41:55', '2026-02-24 09:41:55'
);
INSERT INTO cartel_categories (cartel_id, category_id) VALUES ('1771926115994', 'solaire');
INSERT INTO cartel_categories (cartel_id, category_id) VALUES ('1771926115994', 'electricite');

INSERT INTO cartels (id, titre, titre_en, annee, description, description_en, exhume_par, location, location_en, lat, lng, image_path, image_credit, url_qr, date, status, visible, created_at, updated_at) VALUES (
  '1771926269691', 'LA VOITURE PORCO-TRACTÉE', 'THE PIG-PULLED CAR', '1963',
  'Voici Harold Bate, inventeur d’une voiture au biogaz, alimentée par ses cochons.\n\nEn 1963, un journaliste titre ainsi son article, non sans ironie : “la voiture porco-tractée d’Harold donne le feu vert à ceux qui conduisent comme des cochons ! ”\n\nS’ensuit un article admirable où l’on présente les différentes vertus de cette voiture miracle, qui “va plus vite, ne s''abîme pas… et ne relâche qu’un peu de vapeur d’eau et de monoxyde de carbone.”\n\nSelon l’inventeur, son véhicule fonctionne parfaitement après 10 ans d’utilisation. Il a développé et breveté ce qu’il appelle un “convertisseur automatique ” qui peut être installé sur n’importe quel moteur pour lui permettre de rouler grâce au fameux gaz inodore.\n\nUne partie des plans sont désormais dans le domaine public.', 'Meet Harold Bate, inventor of a biogas car powered by his pigs. In 1963, a journalist wrote an article with the ironic headline: "Harold''s pig-powered car gives the green light to those who drive like pigs!"\n\nWhat follows is an admirable article presenting the various virtues of this miracle car, which "goes faster, doesn''t break down... and emits only a little water vapor and carbon monoxide."\n\nAccording to the inventor, his vehicle is still running perfectly after 10 years of use. He has developed and patented what he calls an "automatic converter" that can be installed on any engine to enable it to run on the famous odorless gas. Some of the plans are now in the public domain.', 'Loïc Rogard',
  '', '', NULL, NULL,
  'images/IMG_3733.jpeg', '', '', '2026-02-24', 'published', 1, '2026-02-24 09:44:29', '2026-02-24 09:44:29'
);
INSERT INTO cartel_categories (cartel_id, category_id) VALUES ('1771926269691', 'deplacement');
INSERT INTO cartel_categories (cartel_id, category_id) VALUES ('1771926269691', 'biogaz');

INSERT INTO cartels (id, titre, titre_en, annee, description, description_en, exhume_par, location, location_en, lat, lng, image_path, image_credit, url_qr, date, status, visible, created_at, updated_at) VALUES (
  '1771926373459', 'LE COMPOST DE JEAN PAIN', 'JEAN PAIN''S COMPOST', '1969',
  'La méthode Jean Pain consiste à utiliser l’énergie de la biomasse contenue dans un compost. En 1969, alors qu’il s’établit en Haute Provence comme garde forestier, Jean Pain décide d’engranger la broussaille contenue sur les terres dont il a la charge, afin de l’exploiter sous forme de compost. \nIl se sert de celui-ci comme engrais biologique pour un potager d’essai aménagé par ses soins. \n\nLa méthode est très efficace : Jean Pain n’a pas besoin d’arroser le potager, qui donne pourtant des résultats spectaculaires. Mais ce n’est pas tout : Jean Pain utilise son compost pour produire de la chaleur, grâce à l’énergie thermique générée par la biomasse. \n\nCette méthode lui permet d’être autonome en énergie thermique, et de réchauffer de l’eau jusqu’à 45° pendant au moins trois mois de l’année.', 'The Jean Pain method involves using the energy from the biomass contained in compost. In 1969, when he settled in Haute Provence as a forest ranger, Jean Pain decided to collect the brushwood from the land under his care in order to use it as compost. \nHe used it as organic fertilizer for a test vegetable garden he had set up himself. The method was very effective: Jean Pain did not need to water the vegetable garden, which nevertheless produced spectacular results. But that''s not all: Jean Pain used his compost to produce heat, thanks to the thermal energy generated by the biomass. \n\nThis method allows him to be self-sufficient in thermal energy and to heat water to 45°C for at least three months of the year.', 'Cédric CARLES',
  'Haute Provence', 'Upper Provence', 46.8905093, 6.7257208,
  'images/IMG_3734.jpeg', '', 'https://www.consoglobe.com/methode-jean-pain-compost-broussailles-cg', '2026-02-24', 'published', 1, '2026-02-24 09:46:13', '2026-02-24 09:46:13'
);
INSERT INTO cartel_categories (cartel_id, category_id) VALUES ('1771926373459', 'agriculture');
INSERT INTO cartel_categories (cartel_id, category_id) VALUES ('1771926373459', 'rechauffer');

INSERT INTO cartels (id, titre, titre_en, annee, description, description_en, exhume_par, location, location_en, lat, lng, image_path, image_credit, url_qr, date, status, visible, created_at, updated_at) VALUES (
  '1771926482418', 'QUAND PIGANIOL ANTICIPAIT LE VÉLIB’', 'WHEN PIGANIOL ANTICIPATED THE VÉLIB’', '1970',
  'En 1958, sous De Gaulle, Pierre Piganiol (1915-2007) fonde une ambitieuse politique de recherche scientifique, à l’origine notamment du centre d’études spatiales (CNES) et du développement de la biologie moléculaire. Convaincu que la science est un facteur de progrès, il imagine en 1970 le futur des transports, et anticipe même le velib''.\n\nPierre Piganiol disait lui-même : “Peut-on dès aujourd’hui imaginer d’autres solutions que la voiture individuelle ? Nous brûlons en gros en un jour ce que la nature a accumulé en 1 000 ans. Bon ça ne pourra pas durer c’est évident. Donc nous allons nous trouver devant l’obligation de choisir d’autres moyens de transport qui, si possible, n’utilisent plus les formes fossiles de l’énergie. On peut imaginer un jour, une généralisation de la solution que vous rencontrez aux halles de Rungis. Vous louez une clé, moyennant quoi, vous enfourchez un vélo que vous laisserez où vous aurez envie de le laisser et vous trouverez tout le long du trajet les moyens de locomotion dont vous aurez besoin, tout en empruntant quand le besoin en est les moyens collectifs.”', 'In 1958, under De Gaulle, Pierre Piganiol (1915-2007) established an ambitious scientific research policy, which led to the creation of the French National Center for Space Studies (CNES) and the development of molecular biology. Convinced that science was a factor in progress, in 1970 he imagined the future of transport and even anticipated the Velib'' bike-sharing scheme. Pierre Piganiol himself said: "Can we already imagine alternatives to the private car? We burn in a single day what nature has accumulated in 1,000 years. Obviously, this cannot continue. So we will be forced to choose other means of transport that, if possible, no longer use fossil fuels. One day, we may see widespread adoption of the solution you see at the Rungis market. You rent a key, which allows you to hop on a bike that you can leave wherever you want, and you''ll find all the means of transportation you need along the way, while using public transportation when necessary."', 'Cédric Carles',
  'France', 'France', 46.603354, 1.8883335,
  'images/IMG_3735.jpeg', '', '', '2026-02-24', 'published', 1, '2026-02-24 09:48:02', '2026-02-24 09:48:02'
);
INSERT INTO cartel_categories (cartel_id, category_id) VALUES ('1771926482418', 'deplacement');
INSERT INTO cartel_categories (cartel_id, category_id) VALUES ('1771926482418', 'politique-publique');

INSERT INTO cartels (id, titre, titre_en, annee, description, description_en, exhume_par, location, location_en, lat, lng, image_path, image_credit, url_qr, date, status, visible, created_at, updated_at) VALUES (
  '1771926699213', 'MONTPELLIER ADOPTE LA VOITURE EN LIBRE SERVICE', 'Montpellier Embraces Car Sharing', '1971',
  'Il s’agit d’un nouveau mode de location de voiture pour l’époque : une voiture en autopartage. Dans la ville, 150 voitures seront réparties pour 300 places de stationnement réservées. Elles s’ouvrent toutes avec le même type de clé. \n\nPour posséder une clé, il suffit de souscrire un abonnement. Pour mettre la voiture en marche, il faut la clé, mais également un jeton. Il faut placer ce dernier dans le boîtier électronique prévue à cet effet. Une fois le jeton totalement utilisé, il faudra s’en procurer un autre dans un distributeur automatique. Le prix de revient est de 50 centimes par kilomètre. \n\nEn cas de panne, il suffit de changer de véhicule, un signal électronique sera envoyé à une permanence centrale, indiquant l’incident et le lieu du véhicule. ', 'This is a new type of car rental for the time: a car-sharing scheme. In the city, 150 cars will be distributed across 300 reserved parking spaces. They can all be opened with the same type of key. To obtain a key, you simply need to take out a subscription. To start the car, you need the key, but also a token. The token must be placed in the electronic box provided for this purpose. Once the token has been used up, another one must be obtained from a vending machine. The cost is 50 cents per kilometer. In the event of a breakdown, simply change vehicles, and an electronic signal will be sent to a central office, indicating the incident and the location of the vehicle. ', 'Eric Dussert',
  'Montpellier', 'Montpellier', 43.6112422, 3.8767337,
  'images/IMG_3736.jpeg', '', '', '2026-02-24', 'published', 1, '2026-02-24 09:51:39', '2026-02-24 09:51:39'
);
INSERT INTO cartel_categories (cartel_id, category_id) VALUES ('1771926699213', 'deplacement');

INSERT INTO cartels (id, titre, titre_en, annee, description, description_en, exhume_par, location, location_en, lat, lng, image_path, image_credit, url_qr, date, status, visible, created_at, updated_at) VALUES (
  '1771926785152', 'WITKAR : UN SYSTÈME DE VOITURE PARTAGÉE', 'WITKAR: A CAR SHARING SYSTEM', '1974',
  'Avec dix stations, une centaine de véhicules et 4000 utilisateurs enregistrés, le projet Witkar constitue la première expérience de voiture électrique en autopartage du monde. Porté par l’inventeur et politicien Luud Schimmelpennink, membre du mouvement anarcho-écologiste Provo, l’expérience Witkar visait à réduire le trafic dans le centre d’Amsterdam, mais prit fin au bout de douze ans, faute de soutien municipal. Trop longs à recharger, les véhicules (des tricycles à deux places) avaient également tendance à être tous utilisés dans la même direction. Schimmelpennink était un précurseur : aujourd’hui, la capitale hollandaise a décidé de relancer le projet, en mettant à disposition des habitants de la ville 120 stations d’échanges et un millier de voitures en autopartage.\n', 'With ten stations, around 100 vehicles, and 4,000 registered users, the Witkar project is the world''s first electric car sharing experiment. Led by inventor and politician Luud Schimmelpennink, a member of the anarcho-ecological Provo movement, the Witkar experiment aimed to reduce traffic in central Amsterdam, but ended after twelve years due to a lack of municipal support. The vehicles (two-seater tricycles) took too long to recharge and tended to all be used in the same direction. Schimmelpennink was a pioneer: today, the Dutch capital has decided to relaunch the project, providing city residents with 120 exchange stations and a thousand car-sharing vehicles. ', 'Côme Bastin',
  'Amsterdam', 'Amsterdam', 52.3730796, 4.8924534,
  'images/IMG_3737.jpeg', '', '', '2026-02-24', 'published', 1, '2026-02-24 09:53:05', '2026-02-24 09:53:05'
);
INSERT INTO cartel_categories (cartel_id, category_id) VALUES ('1771926785152', 'deplacement');
INSERT INTO cartel_categories (cartel_id, category_id) VALUES ('1771926785152', 'electricite');

INSERT INTO cartels (id, titre, titre_en, annee, description, description_en, exhume_par, location, location_en, lat, lng, image_path, image_credit, url_qr, date, status, visible, created_at, updated_at) VALUES (
  '1771926878338', 'CITICAR : PRODUCTION EN SÉRIE DE VOITURE ELECTRIQUE', 'CITICAR: SERIES PRODUCTION OF ELECTRIC CARS', '1974',
  'La voiture électrique CitiCar de Sebring – Vanguard a été produite à plus de 4000 exemplaires entre 1974 et 1979. Compacte et au design plutôt angulaire, la CitiCar avait une autonomie de 50 à 60 miles. Jusqu’aux voitures électriques Tesla, elle restera la voiture électrique la plus fabriquée aux Etats-unis.', 'More than 4,000 Sebring-Vanguard CitiCar electric cars were produced between 1974 and 1979. Compact and with a rather angular design, the CitiCar had a range of 50 to 60 miles. Until the advent of Tesla electric cars, it remained the most widely manufactured electric car in the United States.', 'Thomas Ortiz',
  'États-Unis', 'United States', 39.7837304, -100.445882,
  'images/IMG_3738.jpeg', '', '', '2026-02-24', 'published', 1, '2026-02-24 09:54:38', '2026-02-24 09:54:38'
);
INSERT INTO cartel_categories (cartel_id, category_id) VALUES ('1771926878338', 'deplacement');
INSERT INTO cartel_categories (cartel_id, category_id) VALUES ('1771926878338', 'electricite');

INSERT INTO cartels (id, titre, titre_en, annee, description, description_en, exhume_par, location, location_en, lat, lng, image_path, image_credit, url_qr, date, status, visible, created_at, updated_at) VALUES (
  '1771927036037', 'LES MINIBUS À HYDROGÈNE DE L’UNION SOVIÉTIQUE', 'HYDROGEN MINIBUSES IN THE SOVIET UNION', '1975',
  'Dans les années 70, divers organismes liés à l’industrie automobile de l’URSS ont créé et testé des véhicules fonctionnant à l’hydrogène comme par exemple des Jigoulis, des Moskvitch, des GAZ-24 Volga, des GAZ-69, des minibus RAF ou UAZ ainsi que des camions ZiL-130. En 1976, les spécialistes de l’Institut de génie mécanique de l’URSS de Kharkov ont ainsi réalisé un prototype de Moskvitch-412 avec un moteur fonctionnant à l’hydrogène. \n\nOutre le réservoir à essence habituel, ils avaient monté sur la berline soviétique un mini-réacteur rempli d’un catalyseur basé essentiellement sur des oxydes de métaux divers. En passant à travers ce réacteur, l’eau était subdivisée en hydrogène et oxygène brûlés ensuite dans les cylindres du moteur. Il faut noter que le système d’alimentation en hydrogène était monté en parallèle du système d’alimentation de carburant standard. La quantité d’eau et du mélange catalyseur était injectée dans le réacteur en fonction de la puissance nécessaire. La vitesse de la réaction chimique était contrôlée par le conducteur tout simplement en pressant la pédale d’accélérateur.', 'In the 1970s, various organizations linked to the USSR''s automotive industry created and tested hydrogen-powered vehicles such as Zhigulis, Moskvichs, GAZ-24 Volgas, GAZ-69s, RAF or UAZ minibuses, and ZiL-130 trucks. In 1976, specialists at the USSR Institute of Mechanical Engineering in Kharkov built a prototype Moskvitch-412 with a hydrogen-powered engine. \n\nIn addition to the usual gasoline tank, they installed a mini-reactor filled with a catalyst based mainly on various metal oxides in the Soviet sedan. Passing through this reactor, water was split into hydrogen and oxygen, which were then burned in the engine cylinders. It should be noted that the hydrogen supply system was installed in parallel with the standard fuel supply system. The amount of water and catalyst mixture injected into the reactor depended on the power required. The speed of the chemical reaction was controlled by the driver simply by pressing the accelerator pedal.', 'Thomas Ortiz',
  'URSS', 'Soviet Union', 43.4439715, 39.9400928,
  'images/IMG_3740.jpeg', '', 'http://sovietauto.over-blog.com/2015/10/quand-moskvitch-experimentait-la-voiture-a-hydrogene.html', '2026-02-24', 'published', 1, '2026-02-24 09:57:16', '2026-02-24 09:57:16'
);
INSERT INTO cartel_categories (cartel_id, category_id) VALUES ('1771927036037', 'deplacement');
INSERT INTO cartel_categories (cartel_id, category_id) VALUES ('1771927036037', 'hydrogene');

INSERT INTO cartels (id, titre, titre_en, annee, description, description_en, exhume_par, location, location_en, lat, lng, image_path, image_credit, url_qr, date, status, visible, created_at, updated_at) VALUES (
  '1771927095588', 'VÉLO EN AUTOPARTAGE À LA ROCHELLE', 'BIKE SHARING IN LA ROCHELLE', '1976',
  'La municipalité de la Rochelle a mis en place en 1976 un parc de bicyclettes gratuites comptant pas moins de 250 vélos en libre-service. \n\nCe projet est inspiré de la mise à disposition de cadis dans les aéroports ou les magasins, afin d’accéder rapidement aux zones piétonnières. \n\nLe but était de réhabiliter le centre ancien et commerçant en le débarrassant des méfaits de la circulation automobile : pollution, bruit, engorgement... Il s’agissait aussi de générer une prise de conscience collective des biens communs de la municipalité et changer ainsi les mentalités. ', 'In 1976, the municipality of La Rochelle set up a free bicycle park with no fewer than 250 self-service bikes. This project was inspired by the provision of shopping carts in airports and stores, allowing quick access to pedestrian areas. \n\nThe aim was to revitalize the old town and shopping district by ridding it of the negative effects of car traffic: pollution, noise, congestion, etc. It was also about raising collective awareness of the municipality''s common goods and thus changing attitudes. ', 'Eric Dussert',
  'La Rochelle', 'La Rochelle', 46.159732, -1.1515951,
  'images/IMG_3741.jpeg', '', '', '2026-02-24', 'published', 1, '2026-02-24 09:58:15', '2026-02-24 09:58:15'
);
INSERT INTO cartel_categories (cartel_id, category_id) VALUES ('1771927095588', 'politique-publique');
INSERT INTO cartel_categories (cartel_id, category_id) VALUES ('1771927095588', 'deplacement');

INSERT INTO cartels (id, titre, titre_en, annee, description, description_en, exhume_par, location, location_en, lat, lng, image_path, image_credit, url_qr, date, status, visible, created_at, updated_at) VALUES (
  '1771927165427', 'L’AUTOSOLAR DE ARIEL CIRO RIETTI', 'ARIEL CIRO RIETTI''S AUTOSOLAR', '1977',
  'Cette voiturette solaire est l’oeuvre d’Ariel Ciro Rietti, ou M. Soleil comme certains aimaient le surnommer.\n\nTout droit sortie de son laboratoire de recherche sur les énergies renouvelables, cet engin lui permettait d’arpenter les rues de Buenos Aires les jours de grand soleil.\n\nCet enseignant, pilote de planeur, précurseur des énergies propres a travaillé sur de nombreux projets tels qu’un ascenseur solaire et des prototypes d’hélicoptères.\n\nLa fondation Universelle Solar Rietti, créée en 1991, continue de diffuser son travail et de promouvoir l’utilisation de l’énergie solaire en Argentine.', 'This solar-powered car is the brainchild of Ariel Ciro Rietti, or Mr. Sun as some liked to call him. Straight out of his renewable energy research lab, this vehicle allowed him to cruise the streets of Buenos Aires on sunny days.\n\nThis teacher, glider pilot, and pioneer of clean energy worked on numerous projects, such as a solar elevator and helicopter prototypes. The Universal Solar Rietti Foundation, created in 1991, continues to disseminate his work and promote the use of solar energy in Argentina.', 'Joaquin Ezcurra',
  'Argentine', 'Argentina', -34.9964963, -64.9672817,
  'images/IMG_3742.jpeg', '', '', '2026-02-24', 'published', 1, '2026-02-24 09:59:25', '2026-02-24 09:59:25'
);
INSERT INTO cartel_categories (cartel_id, category_id) VALUES ('1771927165427', 'solaire');
INSERT INTO cartel_categories (cartel_id, category_id) VALUES ('1771927165427', 'deplacement');

INSERT INTO cartels (id, titre, titre_en, annee, description, description_en, exhume_par, location, location_en, lat, lng, image_path, image_credit, url_qr, date, status, visible, created_at, updated_at) VALUES (
  '1771927239348', 'CAMPAGNE D’ÉCONOMIE D’ÉNERGIE', 'ENERGY SAVING CAMPAIGN', '1979',
  'En France, le rationnement du fuel vient d’entrer en vigueur. Afin de sensibiliser la population française, une campagne d’information, incarnée par un personnage de bande dessinée, Gaspi, est lancée. Elle contient notamment une description des techniques pour économiser l’essence.', 'In France, fuel rationing has just come into effect. In order to raise awareness among the French population, an information campaign featuring a comic book character named Gaspi has been launched. It includes a description of techniques for saving fuel.', 'Bertrand Lapostolet',
  '', '', NULL, NULL,
  'images/IMG_3743.jpeg', '', '', '2026-02-24', 'published', 1, '2026-02-24 10:00:39', '2026-02-24 10:00:39'
);
INSERT INTO cartel_categories (cartel_id, category_id) VALUES ('1771927239348', 'politique-publique');

INSERT INTO cartels (id, titre, titre_en, annee, description, description_en, exhume_par, location, location_en, lat, lng, image_path, image_credit, url_qr, date, status, visible, created_at, updated_at) VALUES (
  '1771927305329', 'PANNEAUX SOLAIRES SUR LA MAISON BLANCHE', 'SOLAR PANELS ON THE WHITE HOUSE', '1979',
  'En 1979, Jimmy Carter, dans un geste visionnaire, a installé des panneaux solaires thermiques sur le toit de la Maison Blanche. Cette installation symbolique a été démontée en 1986 dès la présidence Reagan. En 1991, UNITY COLLEGE, un centre d’apprentissage soucieux de l''environnement dans le Maine récupère les panneaux et les installe sur le toit de leur cafétéria. \n\nEn 2010, nos deux paléo-héros zurichois Roman Keller et Cristina Hemauer exhument l''histoire oubliée de ces panneaux solaires définitivement entrés dans l''histoire américaine. Ce projet d''art donnera suite à une campagne populaire "put solar on it" pour la ré-installation de panneaux solaires sur la Maison Blanche. \n', 'In 1979, Jimmy Carter, in a visionary move, installed solar thermal panels on the roof of the White House. This symbolic installation was dismantled in 1986 at the start of Reagan''s presidency. In 1991, UNITY COLLEGE, an environmentally conscious learning center in Maine, recovered the panels and installed them on the roof of their cafeteria. \n\nIn 2010, our two Zurich paleo-heroes Roman Keller and Cristina Hemauer unearthed the forgotten history of these solar panels, which had become part of American history. This art project led to a popular campaign called "put solar on it" to reinstall solar panels on the White House. ', 'Roman Keller et Christina Hemaeur',
  'Washington', 'Washington', 38.8950368, -77.0365427,
  'images/IMG_3744.jpeg', '', '', '2026-02-24', 'published', 1, '2026-02-24 10:01:45', '2026-02-24 10:01:45'
);
INSERT INTO cartel_categories (cartel_id, category_id) VALUES ('1771927305329', 'solaire');
INSERT INTO cartel_categories (cartel_id, category_id) VALUES ('1771927305329', 'electricite');
INSERT INTO cartel_categories (cartel_id, category_id) VALUES ('1771927305329', 'politique-publique');

INSERT INTO cartels (id, titre, titre_en, annee, description, description_en, exhume_par, location, location_en, lat, lng, image_path, image_credit, url_qr, date, status, visible, created_at, updated_at) VALUES (
  '1771927454026', 'LES PILES ALCALINES SONT RECHARGABLE', 'ALKALINE BATTERIES ARE RECHARGEABLE', '1979',
  'Les piles alcalines dites « jetables », si présentes dans notre quotidien, ne sont pas réellement à usage unique. Karl Kordesch, l’un des inventeurs de la pile alcaline, l’avait démontré au début des années 1980 et voulait qu’elles soient réutilisables grâce à un régénérateur prévu pour cela. Si on l’avait suivi, on aurait pu réduire le gaspillage énergétique actuel et les impacts environnementaux des piles tout en faisant de grandes économies. Cependant, le régénérateur ne reste que très peu de temps sur le marché, et est très vite oublié.\n\nAvec une nouvelle loi sur l’obsolescence programmée, c’est donc le moment pour l’équipe Paléo-énergétique de se pencher à nouveau sur ces piles alcalines si peu efficaces (une pile alcaline demande à peu près 50 fois plus d’énergie pour sa fabrication qu’elle n’en délivrera lors de son utilisation), et de reprendre l’histoire de la pile alcaline régénérable. C’est le premier brevet exhumé par paléo-énergétique qui a été développé sous forme de projet avec Regenbox.', 'Alkaline batteries, commonly referred to as "disposable," are not truly single-use items. Karl Kordesch, one of the inventors of the alkaline battery, demonstrated this in the early 1980s and wanted them to be reusable with a special regenerator. If his idea had been followed, we could have reduced current energy waste and the environmental impact of batteries, while making significant savings. However, the regenerator remained on the market for only a very short time and was quickly forgotten.\n\nWith a new law on planned obsolescence, it is now time for the Paleo-Energy team to take another look at these inefficient alkaline batteries (an alkaline battery requires about 50 times more energy to manufacture than it will deliver during use) and revisit the history of the regenerable alkaline battery. This is the first patent unearthed by Paleo-Energy that has been developed as a project with Regenbox.', 'Edouard Bertrand',
  'États-Unis', 'United States', 39.7837304, -100.445882,
  'images/IMG_3745.jpeg', '', '', '2026-02-24', 'published', 1, '2026-02-24 10:04:14', '2026-02-24 10:04:14'
);
INSERT INTO cartel_categories (cartel_id, category_id) VALUES ('1771927454026', 'electricite');
INSERT INTO cartel_categories (cartel_id, category_id) VALUES ('1771927454026', 'conservation-de-lenergie');

INSERT INTO cartels (id, titre, titre_en, annee, description, description_en, exhume_par, location, location_en, lat, lng, image_path, image_credit, url_qr, date, status, visible, created_at, updated_at) VALUES (
  '1771927506439', 'VOITURE À HYDROGÈNE PAR JEAN-LUC PERRIER', 'HYDROGEN CAR BY JEAN-LUC PERRIER', '1979',
  'Le concentrateur solaire de Jean-Luc Perrier (50 kw) pouvait transformer l’énergie solaire en hydrogène par électrolyse de l’eau. Le concentrateur chauffait de l’eau en son foyer central et la vapeur sous pression produite faisait tourner une génératrice électrique nécessaire au processus. Son véhicule pouvait ainsi tourner en ne rejetant que de la vapeur d’eau. Perrier publiait en 1979 un ouvrage de référence intitulé “Énergie solaire : état actuel des applications” aux Editions Techniques et Scientifiques Françaises.', 'Jean-Luc Perrier''s solar concentrator (50 kW) could convert solar energy into hydrogen through water electrolysis. The concentrator heated water in its central chamber and the pressurized steam produced turned an electric generator needed for the process. His vehicle could thus run on steam alone. In 1979, Perrier published a reference work entitled "Solar Energy: Current Status of Applications" with Editions Techniques et Scientifiques Françaises.', 'Marcel Robert et Thomas Ortiz',
  'France', 'France', 46.603354, 1.8883335,
  'images/IMG_3746.jpeg', '', '', '2026-02-24', 'published', 1, '2026-02-24 10:05:06', '2026-02-24 10:05:06'
);
INSERT INTO cartel_categories (cartel_id, category_id) VALUES ('1771927506439', 'solaire');
INSERT INTO cartel_categories (cartel_id, category_id) VALUES ('1771927506439', 'hydrogene');
INSERT INTO cartel_categories (cartel_id, category_id) VALUES ('1771927506439', 'deplacement');

INSERT INTO cartels (id, titre, titre_en, annee, description, description_en, exhume_par, location, location_en, lat, lng, image_path, image_credit, url_qr, date, status, visible, created_at, updated_at) VALUES (
  '1771927695310', 'LES CHAMPIGNONS DE MORI KISAKU', 'MORI KISAKU''S MUSHROOMS', '1980',
  'Apprécié pour son arôme unique et ses nombreuses propriétés, le shiitaké aurait été cultivé en Chine dès le XIIe siècle avant d’être importé au Japon au XVIe. On lacérait alors l’écorce de bûches pour que les spores s’y développent.\n\nEn 1932, lors d’un séjour à Oita, Mori Kisaku, étudiant agronome à Kyoto, fut marqué par un agriculteur priant devant une bûche pour y voir pousser des shiitakés. Il décida de se consacrer à l’étude de cette manne. Dix ans plus tard, il développa une méthode innovante : cultiver le mycélium – l’appareil végétatif du champignon – sur de petits taquets de bois insérés dans les bûches. Cette technique permettait des récoltes rapides et une sélection génétique optimale.\n\nIl commercialisa ses “semences de champignons” et créa un centre de recherche pionnier sur les bienfaits des champignons pour la santé, faisant du shiitaké un pilier de l’alimentation japonaise. Sa méthode est aujourd’hui un fondement de la culture champignonnière mondiale.', 'Prized for its unique aroma and numerous properties, shiitake mushrooms are believed to have been cultivated in China as early as the 12th century before being imported to Japan in the 16th century. At that time, the bark of logs was slashed so that spores could grow on them.\n\nIn 1932, during a stay in Oita, Mori Kisaku, an agricultural student in Kyoto, was struck by a farmer praying in front of a log to see shiitake mushrooms grow. He decided to devote himself to studying this manna. Ten years later, he developed an innovative method: growing mycelium—the vegetative part of the mushroom—on small pieces of wood inserted into logs. This technique allowed for rapid harvesting and optimal genetic selection.\n\nHe marketed his "mushroom seeds" and created a pioneering research center on the health benefits of mushrooms, making shiitake a staple of the Japanese diet. His method is now a cornerstone of mushroom cultivation worldwide.', 'Cedric Carles',
  'Oita', 'Go', 33.2393864, 131.6096524,
  'images/IMG_3747.jpeg', '', 'kinokologie.com', '2026-02-24', 'published', 1, '2026-02-24 10:08:15', '2026-02-24 10:08:15'
);
INSERT INTO cartel_categories (cartel_id, category_id) VALUES ('1771927695310', 'agriculture');

INSERT INTO cartels (id, titre, titre_en, annee, description, description_en, exhume_par, location, location_en, lat, lng, image_path, image_credit, url_qr, date, status, visible, created_at, updated_at) VALUES (
  '1771928457017', 'LE VILLAGE DE N’GUELAKH, MODÈLE DE RÉSILIENCE', 'THE VILLAGE OF N’GUELAKH, A MODEL OF RESILIENCE', '1980',
  'Situé à 19 km de Saint-Louis, le village de N’Guelakh, frappé par les sécheresses des années 1970, a amorcé une transformation radicale grâce à l’initiative de deux cousins revenus sur leurs terres. \n\nLe projet, lancé dans les années 1980, a combiné agroécologie, formation, artisanat et autonomie énergétique. Aujourd’hui, le village cultive légumes et céréales, élève bétail et poissons, produit du biogaz, et forme des jeunes à l’agroélevage durable. \nLes femmes, via un atelier textile et des activités de transformation, ont créé une mutuelle de santé et une banque de microcrédit. \n\nN’Guelakh est devenu un modèle de développement intégré, reproduit dans plus de 20 autres localités.', 'Located 19 km from Saint-Louis, the village of N''Guelakh, hit by droughts in the 1970s, has undergone a radical transformation thanks to the initiative of two cousins who returned to their land. The project, launched in the 1980s, combined agroecology, training, crafts, and energy independence. Today, the village grows vegetables and cereals, raises livestock and fish, produces biogas, and trains young people in sustainable agriculture and livestock farming. The women, through a textile workshop and processing activities, have created a health mutual and a microcredit bank. N''Guelakh has become a model of integrated development, replicated in more than 20 other localities.', 'Raphaël Luciani-Galais',
  'Saint-Louis', 'Saint Louis', 38.6254063, -90.190009,
  'images/IMG_3748.jpeg', '', 'http://www.lestissusdeguelack.com/topic/index.html', '2026-02-24', 'published', 1, '2026-02-24 10:20:57', '2026-02-24 10:20:57'
);
INSERT INTO cartel_categories (cartel_id, category_id) VALUES ('1771928457017', 'agriculture');
INSERT INTO cartel_categories (cartel_id, category_id) VALUES ('1771928457017', 'electricite');
INSERT INTO cartel_categories (cartel_id, category_id) VALUES ('1771928457017', 'biogaz');

INSERT INTO cartels (id, titre, titre_en, annee, description, description_en, exhume_par, location, location_en, lat, lng, image_path, image_credit, url_qr, date, status, visible, created_at, updated_at) VALUES (
  '1771928634604', 'LE PUIT CANADIEN / PROVENÇAL', 'THE CANADIAN/PROVENCAL WELL', '1981',
  'Le puit canadien diminue la consommation de chauffage l''hiver, tout en procurant un surcroît de confort en été.\n\nEn hiver le système permet d''avoir un air insufflé dans les pièces d''environ + 5° C par rapport à la température externe. (à associer avec une vmc double flux pour encore plus d''efficacité).\n\nEn été le puit canadien permet d''abaisser la température d''environ 2 à 5° C. L''efficacité est plus grande par forte chaleur, c''est à dire au moment où l''on en a le plus besoin (à associer avec une vmc double flux pour encore plus d''efficacité).\n\nPlus de moisissures . Lorsque l''air circule dans la conduite du puits, il se condense à mesure qu’il se réchauffe ou qu’il se refroidit, et dépose de fines gouttelettes d’eau. L’été, le phénomène peut engendrer un litre d’eau par jour. Pour éviter la stagnation des condensats, qui peuvent développer des bactéries et des moisissures et ralentir le flux de l’air, il est important que la gaine possède une pente de 2 à 3 %. Un syphon permettra de récupérer ces condensats au bout du tuyau dans le sous-sol. Si la maison est dépourvue de cave, on pourra utiliser un regard ou un puits perdu au point le plus bas', 'The Canadian well reduces heating consumption in winter, while providing additional comfort in summer. In winter, the system allows air to be blown into rooms at a temperature approximately +5°C higher than the outside temperature. (Combine with a dual-flow CMV for even greater efficiency).\n\nIn summer, the Canadian well lowers the temperature by around 2 to 5°C. It is most effective in very hot weather, i.e. when it is most needed (combine with a dual-flow CMV system for even greater efficiency).\n\nNo more mold. As air circulates through the well duct, it condenses as it warms or cools, depositing fine water droplets. In summer, this phenomenon can generate up to one liter of water per day. To prevent condensation from stagnating, which can lead to the growth of bacteria and mold and slow down the flow of air, it is important that the duct has a slope of 2 to 3%. A siphon will collect this condensation at the end of the pipe in the basement. If the house does not have a basement, a manhole or a drain well at the lowest point can be used.', 'Jean Dard',
  '', '', NULL, NULL,
  'images/IMG_3749.jpeg', '', '', '2026-02-24', 'published', 1, '2026-02-24 10:23:54', '2026-02-24 10:23:54'
);
INSERT INTO cartel_categories (cartel_id, category_id) VALUES ('1771928634604', 'h2o');
INSERT INTO cartel_categories (cartel_id, category_id) VALUES ('1771928634604', 'rafraichir');
INSERT INTO cartel_categories (cartel_id, category_id) VALUES ('1771928634604', 'rechauffer');

INSERT INTO cartels (id, titre, titre_en, annee, description, description_en, exhume_par, location, location_en, lat, lng, image_path, image_credit, url_qr, date, status, visible, created_at, updated_at) VALUES (
  '1771928686758', 'UN CHAUFFAGE SOLAIRE À BOGOTÀ', 'SOLAR HEATING IN BOGOTÁ', '1983',
  'De par sa géographie et sa diversité climatique, la Colombie est le pays d’Amérique du sud avec le plus haut potentiel énergétique. L’énergie solaire ne fait pas exception.\n\nVoici le chauffage de la cafétéria de l''ancienne Bogotá Energy Company (EEB). Construit en 1983 par le Centre Las Gaviotas, il est constitué de 140 m2 de collecteurs et d’un réservoir de 12 000 litres.\n\nLes études de conception et les calculs d''efficacité ont été réalisés par l''Université nationale de Colombie. Cette installation est toujours en exploitation.', 'Due to its geography and climatic diversity, Colombia is the South American country with the highest energy potential. Solar energy is no exception. Here is the heating system for the cafeteria of the former Bogotá Energy Company (EEB). Built in 1983 by the Las Gaviotas Center, it consists of 140 m² of collectors and a 12,000-liter tank. The design studies and efficiency calculations were carried out by the National University of Colombia. This facility is still in operation.', 'Marcelo Roberto',
  'Bogota', 'Bogotá', 4.6533817, -74.0836331,
  'images/IMG_3750.jpeg', '', '', '2026-02-24', 'published', 1, '2026-02-24 10:24:46', '2026-02-24 10:24:46'
);
INSERT INTO cartel_categories (cartel_id, category_id) VALUES ('1771928686758', 'rechauffer');
INSERT INTO cartel_categories (cartel_id, category_id) VALUES ('1771928686758', 'solaire');

INSERT INTO cartels (id, titre, titre_en, annee, description, description_en, exhume_par, location, location_en, lat, lng, image_path, image_credit, url_qr, date, status, visible, created_at, updated_at) VALUES (
  '1771928827958', 'L’EXPÉRIENCE DE NDEM DANS LE SAHEL SÉNÉGALAIS', 'NDEM''s experience in the Senegalese Sahel', '1985',
  'Au cœur du Sahel sénégalais, le village de Ndem s’est transformé en un écovillage exemplaire, alliant traditions locales et solutions durables. Fondée en 1985, l’Association des Villageois de Ndem (AVND) a fédéré une vingtaine de villages autour d’un projet global : restaurer les sols par le compostage, assurer l’accès à l’eau potable via des forages solaires, et produire de l’énergie renouvelable pour les besoins domestiques et artisanaux. \n\nL’artisanat est devenu un pilier économique, notamment à travers les ateliers Maam Samba, qui emploient plus de 300 artisans, majoritairement des femmes, dans des filières textiles, cuir, métal ou vannerie. Les produits, certifiés commerce équitable, sont exportés à l’international. \n\nL’ONG a également investi dans l’éducation, la santé, l’agroécologie et la reforestation, créant un modèle intégré de développement endogène. Aujourd’hui, Ndem est reconnu comme un laboratoire vivant de transition écologique et sociale.', 'In the heart of Senegal''s Sahel region, the village of Ndem has been transformed into an exemplary ecovillage, combining local traditions with sustainable solutions. Founded in 1985, the Association des Villageois de Ndem (AVND) has brought together some 20 villages around a global project: restoring soil through composting, ensuring access to drinking water via solar boreholes, and producing renewable energy for domestic and artisanal needs. \n\nCraftsmanship has become an economic pillar, particularly through the Maam Samba workshops, which employ more than 300 artisans, mostly women, in the textile, leather, metal, and basketry sectors. The products, which are certified fair trade, are exported internationally. \n\nThe NGO has also invested in education, health, agroecology, and reforestation, creating an integrated model of endogenous development. Today, Ndem is recognized as a living laboratory for ecological and social transition.', 'Raphaël Luciani-Galais',
  'Sénégal', 'Senegal', 14.4750607, -14.4529612,
  'images/IMG_3751.jpeg', '', 'https://ong-ndem.solidarite-ndem-france.fr/agroecologie-rapport-dactivite-2022/', '2026-02-24', 'published', 1, '2026-02-24 10:27:07', '2026-02-24 10:27:07'
);
INSERT INTO cartel_categories (cartel_id, category_id) VALUES ('1771928827958', 'politique-publique');
INSERT INTO cartel_categories (cartel_id, category_id) VALUES ('1771928827958', 'agriculture');

INSERT INTO cartels (id, titre, titre_en, annee, description, description_en, exhume_par, location, location_en, lat, lng, image_path, image_credit, url_qr, date, status, visible, created_at, updated_at) VALUES (
  '1771928913225', 'RETOUR AU « TASSA » POUR RESTAURER LA FERTILITÉ', 'RETURN TO THE "TASSA" TO RESTORE FERTILITY', '1989',
  'La technique ancestrale du tassa consiste à creuser des trous de 10 à 40 cm de diamètre et de 10 à 25 cm de profondeur, disposés en quinconce à intervalles réguliers d’environ 80 cm. Ces poches captent l’eau de pluie, réduisent le ruissellement et l’érosion, et conservent l’humidité. En y ajoutant du compost ou du fumier, on stimule l’activité des termites, qui améliorent la structure et la fertilité du sol. Vulgarisée dans les années 1990 par des projets de développement agricole, cette méthode a multiplié par plus de deux les rendements. Peu coûteuse, adaptée aux conditions locales et reproductible, elle donne de bonne perspectives à des terre réputé comme peu fertile..', 'The ancestral technique of tassa involves digging holes 10 to 40 cm in diameter and 10 to 25 cm deep, arranged in a staggered pattern at regular intervals of about 80 cm. These pockets capture rainwater, reduce runoff and erosion, and conserve moisture. Adding compost or manure stimulates termite activity, which improves soil structure and fertility. Popularized in the 1990s by agricultural development projects, this method has more than doubled yields. Inexpensive, adapted to local conditions, and reproducible, it offers good prospects for land considered to be infertile.', 'Raphaël Luciani-Galais',
  '', '', NULL, NULL,
  'images/IMG_3752.jpeg', '', 'https://sciences2d.wordpress.com/2013/06/10/le-tassa-fait-le-bonheur-des-paysans-au-niger/', '2026-02-24', 'published', 1, '2026-02-24 10:28:33', '2026-02-24 10:28:33'
);
INSERT INTO cartel_categories (cartel_id, category_id) VALUES ('1771928913225', 'agriculture');
INSERT INTO cartel_categories (cartel_id, category_id) VALUES ('1771928913225', 'h2o');

INSERT INTO cartels (id, titre, titre_en, annee, description, description_en, exhume_par, location, location_en, lat, lng, image_path, image_credit, url_qr, date, status, visible, created_at, updated_at) VALUES (
  '1771928972661', 'PREMIERS EXCÈS DE VITESSE SOLAIRE DE L’HISTOIRE', 'FIRST SOLAR SPEED EXCESSES IN HISTORY', '1989',
  'Lors d’une course d’essai, la voiture de l’Ecole d’ingénieurs de Bienne (Suisse), a été interpellée par la maréchaussée pour excès de vitesse.\n\nCette voiture solaire était destinée au championnat du monde des voitures solaires, organisé la même année. La sortie du prototype s’est soldée par une amende de 20 francs, conclut le journaliste.', 'During a test run, the car from the Biel School of Engineering (Switzerland) was stopped by the police for speeding. This solar car was intended for the world solar car championship, held that same year. The prototype''s outing resulted in a fine of 20 francs, the journalist concludes.', 'Raphaël Domjan et Louis Palmer',
  'Bienne', 'Bienne', 47.1402077, 7.2439029,
  'images/IMG_3753.jpeg', '', '', '2026-02-24', 'published', 1, '2026-02-24 10:29:32', '2026-02-24 10:29:32'
);
INSERT INTO cartel_categories (cartel_id, category_id) VALUES ('1771928972661', 'electricite');
INSERT INTO cartel_categories (cartel_id, category_id) VALUES ('1771928972661', 'deplacement');

INSERT INTO cartels (id, titre, titre_en, annee, description, description_en, exhume_par, location, location_en, lat, lng, image_path, image_credit, url_qr, date, status, visible, created_at, updated_at) VALUES (
  '1771929029984', 'IRRIGATION PAR LES RACINES', 'ROOT IRRIGATION', '1990',
  'L’irrigation par les racines est un système de culture surélevée combinant un réservoir d’eau souterrain et un substrat de culture. L’eau remonte par capillarité jusqu’aux racines des plantes, ce qui permet une irrigation passive et maîtrisée. \n\nCette méthode réduit l’évaporation et l’utilisation d’eau, tout en assurant une alimentation hydrique constante. Elle a été conçue à l’origine pour les zones arides, et peut être construite à partir de matériaux simples (graviers, géotextile, compost). \n\nCe procédé est utilisé en agriculture urbaine, en permaculture et dans des contextes à ressources hydriques limitées', 'Root irrigation is a raised growing system that combines an underground water reservoir with a growing medium. Water rises through capillary action to the plant roots, providing passive and controlled irrigation. \n\nThis method reduces evaporation and water use, while ensuring a constant water supply. It was originally designed for arid areas and can be constructed from simple materials (gravel, geotextile, compost). This process is used in urban agriculture, permaculture, and in contexts with limited water resources.', 'Cedric Carles ',
  '', '', NULL, NULL,
  'images/IMG_3754.jpeg', '', '', '2026-02-24', 'published', 1, '2026-02-24 10:30:29', '2026-02-24 10:30:29'
);
INSERT INTO cartel_categories (cartel_id, category_id) VALUES ('1771929029984', 'h2o');
INSERT INTO cartel_categories (cartel_id, category_id) VALUES ('1771929029984', 'agriculture');

INSERT INTO cartels (id, titre, titre_en, annee, description, description_en, exhume_par, location, location_en, lat, lng, image_path, image_credit, url_qr, date, status, visible, created_at, updated_at) VALUES (
  '1772189723023', 'Le projet de redécouverte de la Vielle-Mer', 'The Vielle-Mer Rediscovery Project', '2025',
  'La Vieille Mer est un petit cours d’eau d’une longueur de 6,5 km de Seine-Saint-Denis qui se jette dans la Seine au niveau du canal Saint-Denis. À cause de l’activité industrielle et de l’urbanisation cause une forte pollution au cours du XXe siècle. En 1957, la Vieille Mer est canalisée, busée puis recouverte. Elle sert aujourd’hui d’écoulement pour les eaux pluviales. \nDès 1998, le Syndicat interdépartemental d’Assainissement de l’Agglomération parisienne étudie la faisabilité de la redécouverte de la rivière. \nCette redécouverte répondrait à des enjeux patrimoniaux, environnementaux ou encore paysagers. Ce projet était présent dans le plan d’investissement bassin 2018-2024 du Département Seine-Saint-Denis, avec l’étude de la possibilité de découvrir une portion de 3 km au sein du parc Georges-Valbon à La Courneuve.', 'The Vieille Mer is a small 6.5 km long watercourse in Seine-Saint-Denis that flows into the Seine at the Saint-Denis canal. Industrial activity and urbanization caused severe pollution during the 20th century. In 1957, the Vieille Mer was channeled, culverted, and then covered over. Today, it serves as a drainage system for rainwater. Since 1998, the Interdepartmental Sanitation Syndicate of the Paris Agglomeration has been studying the feasibility of rediscovering the river. \nThis rediscovery would address heritage, environmental, and landscape issues. The project was included in the Seine-Saint-Denis Department''s 2018-2024 basin investment plan, with a study of the possibility of uncovering a 3 km section within the Georges-Valbon park in La Courneuve.', 'Khadidiatou Sy (d''après son mémoire)',
  'Seine-Saint-Denis', 'Seine-Saint-Denis', 48.9098125, 2.4528635,
  'images/Confluence_du_Croult_du_Canal_St_Denis_et_de_la_Seine.jpg', 'Confluence de la Vieille Mer (au niveau du pont jaune), du canal Saint-Denis et de la Seine, 25/11/06, Claude Shoshany, Wikimedia Commons. https://commons. wikimedia.org/wiki/File:Confluence_du_Croult,_du_Canal_St_ Denis_et _de_la_Seine.JPG', 'https://www.gpmetropole-infos.fr/la-vieille-mer-redecouverte-en-2024%E2%80%89/', '2026-02-26', 'published', 1, '2026-02-26 15:44:20', '2026-02-26 15:44:20'
);
INSERT INTO cartel_categories (cartel_id, category_id) VALUES ('1772189723023', 'h2o');

INSERT INTO cartels (id, titre, titre_en, annee, description, description_en, exhume_par, location, location_en, lat, lng, image_path, image_credit, url_qr, date, status, visible, created_at, updated_at) VALUES (
  '1772525640528', 'FILTRE À EAU EN CÉRAMIQUE (CWF)', 'CERAMIC WATER FILTER (CWF)', '1990',
  'L’idée d’utiliser la céramique pour filtrer l’eau remonte à des pratiques ancestrales. La version moderne des filtres à eau en céramique, adaptée à la purification de l’eau dans des contextes de développement et de randonnée, a été popularisée dans les années 1990.\n\nLes filtres à eau en céramique (CWF) reposent sur l’utilisation d’un matériau céramique poreux dont la petite taille des pores permet de retenir la saleté, les débris et même les bactéries présentes dans l’eau.\nL’eau passe à travers le filtre, où les impuretés sont bloquées par les pores microscopiques du matériau céramique, offrant ainsi une eau plus propre et plus sûre pour la consommation.\n\nCe dispositif est particulièrement adapté aux pays en développement, où il offre une solution peu coûteuse et accessible pour la purification de l’eau. Il est également décliné en version portable, largement utilisé lors de randonnées ou en situations d’urgence. La fabrication des filtres repose sur des procédés artisanaux utilisant des matériaux locaux, ce qui les rend accessibles et faciles à produire sans besoin d’énergie sophistiquée. Leur fonctionnement ne nécessite pas d’électricité et demande peu d’entretien, ce qui en fait une solution résiliente et écologique pour garantir l’accès à une eau potable.\n\nQue ce soit dans un contexte rural de pays en développement ou dans des activités de plein air comme la randonnée, ces filtres illustrent parfaitement comment une technologie low-tech peut répondre efficacement à un bes', 'The idea of using ceramics to filter water dates back to ancient practices. The modern version of ceramic water filters, adapted for water purification in development and hiking contexts, was popularized in the 1990s.\n\nCeramic water filters (CWFs) rely on the use of a porous ceramic material whose small pore size traps dirt, debris, and even bacteria present in the water.\nWater passes through the filter, where impurities are blocked by the microscopic pores of the ceramic material, providing cleaner and safer water for consumption. This device is particularly suitable for developing countries, where it offers an inexpensive and accessible solution for water purification. It is also available in a portable version, widely used during hiking or in emergency situations. The filters are manufactured using traditional methods and local materials, making them accessible and easy to produce without the need for sophisticated energy sources. They do not require electricity to operate and need little maintenance, making them a resilient and environmentally friendly solution for ensuring access to safe drinking water.\n\nWhether in rural areas of developing countries or in outdoor activities such as hiking, these filters perfectly illustrate how low-tech technology can effectively meet a need.', 'Lola Baron',
  '', '', NULL, NULL,
  'images/IMG_3787.jpeg', '', '', '2026-03-03', 'published', 1, '2026-03-03 08:14:00', '2026-03-03 08:14:00'
);
INSERT INTO cartel_categories (cartel_id, category_id) VALUES ('1772525640528', 'h2o');

INSERT INTO cartels (id, titre, titre_en, annee, description, description_en, exhume_par, location, location_en, lat, lng, image_path, image_credit, url_qr, date, status, visible, created_at, updated_at) VALUES (
  '1772525746291', 'BATIMENT TERMITE DE AU ZIMBABWE DE MIKE PEARCE', 'MIKE PEARCE''S TERMITE BUILDING IN ZIMBABWE', '1991',
  'Mike Pearce, en 1991, s''est retrouvé face à un challenge : devoir construire un immeuble de 7 étages sans utiliser l''air-conditionné ! Situé au Zimbabwe, le Eastgate Center est inspiré des grandes termitières pour faire des économies d''énergie et d''argent.\n\nUne termitière atteint jusqu''à 9 mètres de haut et dispose d’un système ingénieux : elle est couverte de petits trous qui permettent à l''air de passer, stocker l''air frais pour le redistribuer et évacuer la chaleur à l''extérieur.\n\nLe Eastgate Center est en béton et en briques. Comme le sol des termitières, ces matériaux ont une forte masse thermique, c''est-à-dire qu''ils absorbent beaucoup de chaleur.\n\nL’architecte a muni l''extérieur du building de surfaces supplémentaires en forme de petites cloisons ouvertes pour contrôler la température.\n\nAvec de nombreux systèmes souterrains de ventilations, l''air frais est redistribué sur l''ensemble des 7 étages de l''immeuble. Quant à l''air chaud, il est évacué à travers des cheminées. La température avoisine les 27°C à l''intérieur lorsqu''il fait 40°C à l''extérieur.', 'In 1991, Mike Pearce faced a challenge: to build a seven-story building without using air conditioning! Located in Zimbabwe, the Eastgate Center was inspired by large termite mounds to save energy and money.\n\nA termite mound can reach up to 9 meters high and has an ingenious system: it is covered with small holes that allow air to pass through, store cool air for redistribution, and evacuate heat to the outside.\n\nThe Eastgate Center is made of concrete and brick. Like the ground of termite mounds, these materials have a high thermal mass, meaning they absorb a lot of heat. The architect equipped the exterior of the building with additional surfaces in the form of small open partitions to control the temperature.\n\nWith numerous underground ventilation systems, cool air is redistributed throughout the building''s seven floors. Hot air is evacuated through chimneys. The temperature inside is around 27°C when it is 40°C outside.', 'Fabien Lyraud',
  'Zimbabwe', 'Zimbabwe', -18.4554963, 29.7468414,
  'images/IMG_3788.jpeg', '', '', '2026-03-03', 'published', 1, '2026-03-03 08:15:46', '2026-03-03 08:15:46'
);
INSERT INTO cartel_categories (cartel_id, category_id) VALUES ('1772525746291', 'eolien');
INSERT INTO cartel_categories (cartel_id, category_id) VALUES ('1772525746291', 'rafraichir');

INSERT INTO cartels (id, titre, titre_en, annee, description, description_en, exhume_par, location, location_en, lat, lng, image_path, image_credit, url_qr, date, status, visible, created_at, updated_at) VALUES (
  '1772525889988', 'SÉCHOIRS SOLAIRES DU GRET', 'SOLAR DRYERS FROM GRET', '1996',
  'Le GRET accompagne depuis plusieurs années l’implantation de séchoirs solaires auprès d’acteurs agroalimentaires artisanaux, notamment au Togo, au Burkina Faso, en Guinée et au Sénégal. Ces dispositifs, conçus pour améliorer la conservation post-récolte de produits agricoles (mangues, tomates, oignons, poissons), s’inscrivent dans une logique d’autonomisation énergétique et de valorisation des productions locales.\n\nEn remplaçant les séchages à l’air libre (soumis aux intempéries et à la contamination) ou au feu de bois (gourmand en ressources), les séchoirs solaires permettent un séchage hygiénique, plus rapide et constant. Cela améliore non seulement la qualité des produits mais également leur valeur marchande, favorisant la structuration de filières économiques locales.', 'For several years, GRET has been supporting the installation of solar dryers for small-scale food producers, particularly in Togo, Burkina Faso, Guinea, and Senegal. These devices, designed to improve post-harvest preservation of agricultural products (mangoes, tomatoes, onions, fish), are part of a strategy to promote energy independence and add value to local production.\n\nBy replacing open-air drying (subject to weather conditions and contamination) or wood-fired drying (resource-intensive), solar dryers enable hygienic, faster, and more consistent drying. This not only improves product quality but also their market value, promoting the structuring of local economic sectors.', 'Raphaël Luciani-Galais',
  'Togo', 'Go to', 8.7800265, 1.0199765,
  'images/IMG_3789.jpeg', '', 'https://sciences2d.wordpress.com/2013/06/10/le-tassa-fait-le-bonheur-des-paysans-au-niger/', '2026-03-03', 'published', 1, '2026-03-03 08:18:09', '2026-03-03 08:18:09'
);
INSERT INTO cartel_categories (cartel_id, category_id) VALUES ('1772525889988', 'solaire');
INSERT INTO cartel_categories (cartel_id, category_id) VALUES ('1772525889988', 'agriculture');
INSERT INTO cartel_categories (cartel_id, category_id) VALUES ('1772525889988', 'conservation-alimentaire');

INSERT INTO cartels (id, titre, titre_en, annee, description, description_en, exhume_par, location, location_en, lat, lng, image_path, image_credit, url_qr, date, status, visible, created_at, updated_at) VALUES (
  '1772526010895', 'S’INSPIRER DU VIVANT POUR ADAPTER L’ARCHITECTURE', 'TAKING INSPIRATION FROM LIFE TO ADAPT ARCHITECTURE', '1996',
  'Le pôle d''excellence en biomimétisme marin est un projet qui a été lancé par la Communauté d''agglomération du Pays Basque qui demandait une construction biomimétique. Le projet est inspiré d''Epleuctella aspergillum, une éponge de verre. Les éponges de verre génèrent un squelette adapté aux conditions environnementales. Ce squelette permet de filtrer, absorber, oxygéner l''eau et d''apporter des nutriments.\n\nInspiré du même principe, une brique de terre crue est utilisée et assemblée sous forme de voûtes maçonnées. La forme de ces voûtes permet la circulation de l''eau, sa filtration, sa rétention, son traitement pour la rendre propre à l''océan, et permettre d''avoir une régulation de la température, de l''hygrométrie, de l''ensoleillement.', 'The marine biomimicry center of excellence is a project launched by the Basque Country Urban Community, which requested a biomimetic construction. The project is inspired by Epleuctella aspergillum, a glass sponge. Glass sponges generate a skeleton adapted to environmental conditions. This skeleton filters, absorbs, oxygenates the water, and provides nutrients.\n\nInspired by the same principle, raw earth bricks are used and assembled in the form of masonry vaults. The shape of these vaults allows water to circulate, be filtered, retained, and treated to make it suitable for the ocean, and allows for the regulation of temperature, humidity, and sunlight.', 'Cédric Carles',
  'Pays basque', 'Basque Country', 42.9911816, -2.5543023,
  'images/IMG_3790.jpeg', '', '', '2026-03-03', 'published', 1, '2026-03-03 08:20:10', '2026-03-03 08:20:10'
);
INSERT INTO cartel_categories (cartel_id, category_id) VALUES ('1772526010895', 'solaire');
INSERT INTO cartel_categories (cartel_id, category_id) VALUES ('1772526010895', 'biomimetisme');
INSERT INTO cartel_categories (cartel_id, category_id) VALUES ('1772526010895', 'h2o');

INSERT INTO cartels (id, titre, titre_en, annee, description, description_en, exhume_par, location, location_en, lat, lng, image_path, image_credit, url_qr, date, status, visible, created_at, updated_at) VALUES (
  '1772526074240', ' CITERNE HIPPO WATER ROLLER', ' HIPPO WATER ROLLER TANK', '1997',
  'Dans de très nombreux pays d''Afrique et en Inde, près de 750 millions de personnes n''ont pas accès à l''eau potable. Sur des distances plus ou moins grandes, il est nécessaire de transporter l''eau.\n\nPettie Petzer et Johan Jonker mettent au point un outil qui facilite cette tâche éreintante souvent exécutée par les femmes.\n\nFabriqué en Afrique, ce tonneau de 90L en Polyéthylène protecteur d''UV est conçu pour pouvoir rouler facilement sur des surfaces difficiles.\n\nAujourd''hui c''est plus de 65 000 Hippo Roller distribués dans 56 pays.', 'In many countries in Africa and India, nearly 750 million people do not have access to drinking water. Water must be transported over varying distances. Pettie Petzer and Johan Jonker are developing a tool to facilitate this exhausting task, which is often performed by women.\n\nManufactured in Africa, this 90-liter barrel made of UV-protective polyethylene is designed to roll easily over rough surfaces. Today, more than 65,000 Hippo Rollers have been distributed in 56 countries.', 'Simon Bouchaudy',
  'Afrique', 'Africa', 11.5024338, 17.7578122,
  'images/IMG_3791.jpeg', '', '', '2026-03-03', 'published', 1, '2026-03-03 08:21:14', '2026-03-03 08:21:14'
);
INSERT INTO cartel_categories (cartel_id, category_id) VALUES ('1772526074240', 'h2o');

INSERT INTO cartels (id, titre, titre_en, annee, description, description_en, exhume_par, location, location_en, lat, lng, image_path, image_credit, url_qr, date, status, visible, created_at, updated_at) VALUES (
  '1772526168957', 'RÉENSAUVAGEMENT HYDRIQUE', 'WATER REWILDING', 'XXI siècle',
  'Cette méthode de réensauvagement hydrique s’inspire des castors pour restaurer les écosystèmes aquatiques et réhydrater les prairies. Sur une ferme, les pratiques de construction de barrages de castors ont été imitées pour ralentir l’écoulement de l’eau d’une rivière asséchée, permettant à celle-ci de retrouver son lit naturel et de revitaliser les sols adjacents. Ces "barrages artificiels" recréent des zones humides en piégeant l’eau et en l’infiltrant lentement dans les terres, favorisant ainsi une biodiversité riche et résiliente.\n\nLes barrages ralentissent le débit de l’eau et créent des retenues naturelles, imitant l’habitat du castor et recréant des micro environnements humides. Cela aide à restaurer les nappes phréatiques, régénère les prairies et renforce la résilience des écosystèmes en période de sécheresse. ', 'This method of water rewilding takes inspiration from beavers to restore aquatic ecosystems and rehydrate grasslands. On a farm, beaver dam construction practices were imitated to slow the flow of water from a dried-up river, allowing it to return to its natural bed and revitalize the adjacent soils. These "artificial dams" recreate wetlands by trapping water and slowly infiltrating it into the land, promoting rich and resilient biodiversity.\n\nThe dams slow the flow of water and create natural reservoirs, mimicking the beaver''s habitat and recreating micro-wetland environments. This helps restore groundwater levels, regenerates grasslands, and strengthens the resilience of ecosystems during periods of drought. ', 'Cédric Carles',
  '', '', NULL, NULL,
  'images/IMG_3792.jpeg', '', '', '2026-03-03', 'published', 1, '2026-03-03 08:22:48', '2026-03-03 08:22:48'
);
INSERT INTO cartel_categories (cartel_id, category_id) VALUES ('1772526168957', 'biomimetisme');
INSERT INTO cartel_categories (cartel_id, category_id) VALUES ('1772526168957', 'h2o');
INSERT INTO cartel_categories (cartel_id, category_id) VALUES ('1772526168957', 'agriculture');

INSERT INTO cartels (id, titre, titre_en, annee, description, description_en, exhume_par, location, location_en, lat, lng, image_path, image_credit, url_qr, date, status, visible, created_at, updated_at) VALUES (
  '1772526251926', 'FILETS PHOTOSELECTIFS : FILTRER POUR CULTIVER', 'PHOTOSELECTIVE NETS: FILTERING FOR CULTIVATION', 'XXI siècle',
  'Conçus pour répondre aux stress thermiques croissants dans les zones agricoles arides ou semi-arides, les filets photoselectifs sont des dispositifs textiles posés au-dessus des cultures maraîchères. \nLeur composition en polymères spécifiques permet de filtrer certaines longueurs d’onde du spectre solaire, réduisant la chaleur excessive, les ultraviolets nuisibles ou encore l’intensité lumineuse directe.\n\nContrairement aux filets d’ombrage classiques, ils sont conçus pour optimiser à la fois la croissance végétale et la photosynthèse. Cette technologie améliore les rendements, protège les plants des coups de chaleur, limite l’évapotranspiration et contribue à une gestion plus fine de l’irrigation. \n\nTestés notamment en Afrique du Nord et en Israël, ils représentent une adaptation agricole prometteuse aux dérèglements climatiques, conciliant innovation technologique et sobriété énergétique.\n', 'Designed to respond to increasing heat stress in arid or semi-arid agricultural areas, photoselective nets are textile devices placed over vegetable crops. Their specific polymer composition filters certain wavelengths of the solar spectrum, reducing excessive heat, harmful ultraviolet rays, and direct light intensity.\n\nUnlike conventional shade nets, they are designed to optimize both plant growth and photosynthesis. This technology improves yields, protects plants from heat stress, limits evapotranspiration, and contributes to more precise irrigation management. \n\nTested in North Africa and Israel, among other places, they represent a promising agricultural adaptation to climate change, combining technological innovation and energy efficiency. ', 'Raphael Luciani-Galais',
  'Afrique du nord', 'North Africa', 41.362599, 2.159665,
  'images/IMG_3793.jpeg', '', '', '2026-03-03', 'published', 1, '2026-03-03 08:24:11', '2026-03-03 08:24:11'
);
INSERT INTO cartel_categories (cartel_id, category_id) VALUES ('1772526251926', 'agriculture');
INSERT INTO cartel_categories (cartel_id, category_id) VALUES ('1772526251926', 'solaire');

INSERT INTO cartels (id, titre, titre_en, annee, description, description_en, exhume_par, location, location_en, lat, lng, image_path, image_credit, url_qr, date, status, visible, created_at, updated_at) VALUES (
  '1772526318453', 'MARAÎCHAGE VERTICAL À GRAVITÉ PASSIVE', 'PASSIVE GRAVITY VERTICAL FARMING', 'XXI siècle',
  'Le maraîchage vertical à gravité passive est une technique qui permet de cultiver des plantes en hauteur tout en utilisant la gravité pour l’irrigation, éliminant ainsi le besoin de pompes ou d’électricité. Ce système repose sur un réservoir d’eau placé en hauteur, d’où l’eau s’écoule lentement vers les plantes via un réseau de tuyaux ou de goutteurs. Cette méthode optimise l’utilisation de l’espace, réduit la consommation d’eau et est particulièrement adaptée aux environnements urbains ou aux zones à ressources limitées. Des projets tels que le Passive Gravity Irrigated Planter démontrent la faisabilité de cette approche, offrant une solution accessible et durable pour l’agriculture urbaine.\n', 'Passive gravity vertical farming is a technique that allows plants to be grown at height while using gravity for irrigation, eliminating the need for pumps or electricity. This system relies on a water reservoir placed at height, from which water slowly flows to the plants via a network of pipes or drippers. This method optimizes space utilization, reduces water consumption, and is particularly suitable for urban environments or areas with limited resources. Projects such as the Passive Gravity Irrigated Planter demonstrate the feasibility of this approach, offering an accessible and sustainable solution for urban agriculture. ', 'Raphael Luciani-Galais ',
  '', '', NULL, NULL,
  'images/IMG_3794.jpeg', '', 'https://www.instructables.com/Gravity-Irrigated-Planter/', '2026-03-03', 'published', 1, '2026-03-03 08:25:18', '2026-03-03 08:25:18'
);
INSERT INTO cartel_categories (cartel_id, category_id) VALUES ('1772526318453', 'h2o');
INSERT INTO cartel_categories (cartel_id, category_id) VALUES ('1772526318453', 'agriculture');

INSERT INTO cartels (id, titre, titre_en, annee, description, description_en, exhume_par, location, location_en, lat, lng, image_path, image_credit, url_qr, date, status, visible, created_at, updated_at) VALUES (
  '1772526398245', 'LES BÂTIMENTS “ÉPONGES”', 'SPONGE BUILDINGS', 'XII siècle',
  'Les bâtiments « éponges » sont des constructions conçues pour absorber, stocker et redistribuer l’eau de manière intelligente, s’adaptant ainsi aux variations climatiques et aux risques d’inondation. Ce concept repose sur l’utilisation de matériaux poreux, de toitures et façades végétalisées, ainsi que de bassins de rétention intégrés aux infrastructures urbaines.\n\nDéveloppé dans les années 2010, notamment en Chine avec le programme des « Sponge Cities », ce modèle d’urbanisme vise à réduire le ruissellement et améliorer la résilience des villes face aux épisodes de fortes pluies. Des pays comme Singapour et les Pays-Bas ont également intégré cette approche à leurs stratégies d’aménagement. \n\nCes bâtiments représentent une réponse aux défis posés par l’urbanisation croissante et le changement climatique, en favorisant une utilisation plus efficace et durable de l’eau dans l’espace urbain.', 'Sponge buildings are structures designed to absorb, store, and redistribute water in an intelligent way, adapting to climate variations and flood risks. This concept is based on the use of porous materials, green roofs and facades, and retention basins integrated into urban infrastructure.\n\nDeveloped in the 2010s, particularly in China with the "Sponge Cities" program, this urban planning model aims to reduce runoff and improve the resilience of cities in the face of heavy rainfall. Countries such as Singapore and the Netherlands have also incorporated this approach into their development strategies. \n\nThese buildings represent a response to the challenges posed by increasing urbanization and climate change, promoting more efficient and sustainable water use in urban areas.', 'Simona Iliycheva',
  'Chine', 'China', 35.000074, 104.999927,
  'images/IMG_3795.jpeg', '', '', '2026-03-03', 'published', 1, '2026-03-03 08:26:38', '2026-03-03 08:26:38'
);
INSERT INTO cartel_categories (cartel_id, category_id) VALUES ('1772526398245', 'agriculture');
INSERT INTO cartel_categories (cartel_id, category_id) VALUES ('1772526398245', 'h2o');

INSERT INTO cartels (id, titre, titre_en, annee, description, description_en, exhume_par, location, location_en, lat, lng, image_path, image_credit, url_qr, date, status, visible, created_at, updated_at) VALUES (
  '1772526522269', 'QUARTIERS RÉGÉNÉRATIFS EN GESTION DE L’EAU', 'REGENERATIVE NEIGHBORHOODS IN WATER MANAGEMENT', 'XXI siècle',
  'Les quartiers régénératifs sont des espaces urbains conçus pour produire, capter, recycler et réutiliser leur propre eau, réduisant ainsi leur dépendance aux réseaux d’approvisionnement classiques. Inspirés des principes de l’économie circulaire et du biomimétisme, ces projets intègrent des infrastructures intelligentes permettant une gestion locale et durable des ressources hydriques.\n\nDéveloppés dès les années 2010, ces quartiers combinent des toitures végétalisées et systèmes de récupération des eaux pluviales, de phyto épuration et filtration naturelle, des bâtiments à consommation d’eau optimisée, Stockage et réutilisation des eaux grises et noires sur place.\n\nDes initiatives pionnières comme Waternet à Amsterdam, les districts autonomes de Singapour ou encore les écoquartiers en Allemagne et aux États-Unis démontrent qu’une ville capable de gérer ses propres cycles de l’eau est non seulement possible, mais constitue une solution d’avenir face au changement climatique et à la raréfaction des ressources en eau.', 'Regenerative neighborhoods are urban spaces designed to produce, capture, recycle, and reuse their own water, thereby reducing their dependence on traditional supply networks. Inspired by the principles of the circular economy and biomimicry, these projects incorporate smart infrastructure that enables local and sustainable water resource management.\n\nDeveloped since the 2010s, these neighborhoods combine green roofs and rainwater harvesting systems, phytopurification and natural filtration, buildings with optimized water consumption, and on-site storage and reuse of gray and black water.\n\nPioneering initiatives such as Waternet in Amsterdam, Singapore''s autonomous districts, and eco-neighborhoods in Germany and the United States demonstrate that a city capable of managing its own water cycles is not only possible, but also a solution for the future in the face of climate change and water scarcity.', 'Simona Iliycheva',
  'Amsterdam', 'Amsterdam', 52.3730796, 4.8924534,
  'images/IMG_3796.jpeg', '', '', '2026-03-03', 'published', 1, '2026-03-03 08:28:42', '2026-03-03 08:28:42'
);
INSERT INTO cartel_categories (cartel_id, category_id) VALUES ('1772526522269', 'agriculture');
INSERT INTO cartel_categories (cartel_id, category_id) VALUES ('1772526522269', 'h2o');
INSERT INTO cartel_categories (cartel_id, category_id) VALUES ('1772526522269', 'biomimetisme');

INSERT INTO cartels (id, titre, titre_en, annee, description, description_en, exhume_par, location, location_en, lat, lng, image_path, image_credit, url_qr, date, status, visible, created_at, updated_at) VALUES (
  '1772526705371', 'MICRO MÉTHANISATION', 'MICRO METHANIZATION', '2009',
  'Les biodéchets, déchets alimentaires et autres déchets naturels biodégradables, représentent un tiers des ordures ménagères des Français.\n\nLimitée en 2016 aux plus gros acteurs économiques, l’obligation de collecte et valorisation des biodéchets s’étendra en 2025 à tous, même les plus petits. Avec la volonté de développer les filières alternatives d’énergie, la question de la méthanisation en milieu urbain prend de l’ampleur, le compostage ne pouvant répondre seul au flux urbain.\n\nMais le sujet reste complexe : au-delà de la gestion des tournées, les biodéchets sont composés à 80 % d’eau, ce qui rend leur transport sur de longues distances incohérent. D’où le développement d’unités de micro-méthanisation, souvent conteneurisées, déployables localement pour mailler un territoire au plus près des circuits de collecte.\n\nUne expérimentation de micro-méthanisation de déchets organiques urbains a ainsi été lancée au CFPH d’Écully dans le cadre de Decisive, un projet européen coordonné par l’Irstea.', 'Biowaste, food waste, and other natural biodegradable waste account for one-third of French household waste. Limited in 2016 to the largest economic players, the obligation to collect and recycle biowaste will be extended in 2025 to everyone, even the smallest players. With the desire to develop alternative energy sources, the issue of methanization in urban areas is gaining momentum, as composting alone cannot meet urban demand. But the subject remains complex: beyond the management of collection routes, bio-waste is 80% water, which makes transporting it over long distances impractical. This has led to the development of micro-methanization units, often containerized, which can be deployed locally to cover an area as close as possible to collection circuits. An experiment in micro-methanization of urban organic waste has been launched at the CFPH in Écully as part of Decisive, a European project coordinated by Irstea.', 'DDOI',
  'Ecully', 'Ecully', 45.7754498, 4.7785644,
  'images/IMG_3797.jpeg', '', 'https://learnandconnect.pollutec.com/la-micro-methanisation-liberer-le-potentiel-des-petites-exploitations/', '2026-03-03', 'published', 1, '2026-03-03 08:31:45', '2026-03-03 08:31:45'
);
INSERT INTO cartel_categories (cartel_id, category_id) VALUES ('1772526705371', 'biogaz');

INSERT INTO cartels (id, titre, titre_en, annee, description, description_en, exhume_par, location, location_en, lat, lng, image_path, image_credit, url_qr, date, status, visible, created_at, updated_at) VALUES (
  '1772526803429', 'NYC COOLROOF', 'NYC COOLROOF', '2009',
  'En 2004 des chercheurs du Lawrence Berkeley National Laboratory ont réfléchi à une solution simple, peu onéreuse et qui peut rapporter gros: blanchir les toits. L''équipe d''universitaires californiens a estimé l''économie que génère le remplacement des couleurs sombres des toitures de onze agglomérations américaines par des teintes claires sur les besoins en climatisation. A l''échelle du pays, cela aboutit à une économie de 750 millions de dollars chaque année\n\nDepuis 2009, les services municipaux new-yorkais exigent, pour accorder un permis de construire, que le facteur de réflectivité du toit, c''est-à-dire la fraction de l''énergie solaire réfléchie par la toiture, soit supérieur à 0,75 (à titre de comparaison, une membrane bitumineuse classique présente une réflectivité allant de 0,2 pour les couleurs sombres à 0,5 pour les plus claires). Dans ces bâtiments, la température est abaissée de 30% et la durée de vie des climatiseurs est augmentée.', 'In 2004, researchers at Lawrence Berkeley National Laboratory came up with a simple, inexpensive solution that could yield big returns: painting roofs white. The team of Californian academics estimated the savings that could be made on air conditioning costs by replacing the dark colors of roofs in eleven American cities with lighter shades. On a national scale, this would result in savings of $750 million each year. Since 2009, New York City municipal services have required that, in order to grant a building permit, the reflectivity factor of the roof, i.e., the fraction of solar energy reflected by the roof, must be greater than 0.75 (for comparison, a conventional bituminous membrane has a reflectivity ranging from 0.2 for dark colors to 0.5 for lighter colors). In these buildings, the temperature is lowered by 30% and the life of air conditioners is increased.', 'Pierre-Antoine Gombeaud',
  'Lawrence Berkeley National Laboratory', 'Lawrence Berkeley National Laboratory', 37.8769588, -122.2456303,
  'images/IMG_3798.jpeg', '', '', '2026-03-03', 'published', 1, '2026-03-03 08:33:23', '2026-03-03 08:33:23'
);
INSERT INTO cartel_categories (cartel_id, category_id) VALUES ('1772526803429', 'h2o');
INSERT INTO cartel_categories (cartel_id, category_id) VALUES ('1772526803429', 'rafraichir');

INSERT INTO cartels (id, titre, titre_en, annee, description, description_en, exhume_par, location, location_en, lat, lng, image_path, image_credit, url_qr, date, status, visible, created_at, updated_at) VALUES (
  '1772526898504', 'PL@NTNET POUR IDENTIFIER LES PLANTES ', 'PL@NTNET TO IDENTIFY PLANTS ', '2009',
  'Lancé en 2009 par un consortium de chercheurs français, Pl@ntNet est un projet de sciences participatives visant à identifier les plantes à partir de photographies, en utilisant l’apprentissage automatique.\n\nDisponible depuis 2013 sous forme d’application mobile, Pl@ntNet permet aux utilisateurs de photographier une plante et d’obtenir une identification probable, tout en contribuant à une base de données collaborative.\n\nCette plateforme, qui a été téléchargée plus de 10 millions de fois dans plus de 180 pays, est utilisée par des amateurs et des professionnels pour l’identification des plantes, la recherche en biodiversité et l’éducation.\n\nEn 2020, les données de Pl@ntNet ont été intégrées au Global Biodiversity Information Facility (GBIF), renforçant son rôle dans la conservation de la biodiversité. ', 'Launched in 2009 by a consortium of French researchers, Pl@ntNet is a participatory science project that aims to identify plants from photographs using machine learning. Available since 2013 as a mobile app, Pl@ntNet allows users to photograph a plant and obtain a probable identification, while contributing to a collaborative database.\n\nThis platform, which has been downloaded more than 10 million times in over 180 countries, is used by amateurs and professionals for plant identification, biodiversity research, and education. In 2020, Pl@ntNet data was integrated into the Global Biodiversity Information Facility (GBIF), strengthening its role in biodiversity conservation. ', 'Simon Bouchaudy',
  'France', 'France', 46.603354, 1.8883335,
  'images/IMG_3799.jpeg', '', 'https://plantnet.org/comment-pourquoi/', '2026-03-03', 'published', 1, '2026-03-03 08:34:58', '2026-03-03 08:34:58'
);
INSERT INTO cartel_categories (cartel_id, category_id) VALUES ('1772526898504', 'agriculture');

INSERT INTO cartels (id, titre, titre_en, annee, description, description_en, exhume_par, location, location_en, lat, lng, image_path, image_credit, url_qr, date, status, visible, created_at, updated_at) VALUES (
  '1772526973246', 'L‘ ATELIER PAYSAN', 'THE FARMERS'' WORKSHOP', '2010',
  'L’Atelier Paysan est une coopérative française qui mène des activités de recherche et développement en co-conception d’outils agricoles, spécifiquement pour l’agriculture biologique et paysanne. L’organisation documente et diffuse en accès libre des plans de machines agricoles conçues avec et pour les agriculteurs. Ces outils sont pensés pour être construits directement par les utilisateurs dans le cadre de formations à l’autoconstruction. La démarche s’appuie sur des enquêtes de terrain, des prototypes testés collectivement, et une plateforme collaborative de documentation technique. Le catalogue comprend des équipements pour le travail du sol, le semis, la transformation ou encore le maraîchage. Les plans sont publiés sous licence libre.', 'L’Atelier Paysan is a French cooperative that conducts research and development activities in the co-design of agricultural tools, specifically for organic and small-scale farming. The organization documents and disseminates freely accessible plans for agricultural machinery designed with and for farmers. These tools are designed to be built directly by users as part of self-build training courses. The approach is based on field surveys, collectively tested prototypes, and a collaborative technical documentation platform. The catalog includes equipment for soil cultivation, sowing, processing, and market gardening. The plans are published under a free license.', 'Raphaël Luciani-Galais',
  'France', 'French', 46.603354, 1.8883335,
  'images/IMG_3800.jpeg', '', 'https://www.latelierpaysan.org/Outils-et-plans', '2026-03-03', 'published', 1, '2026-03-03 08:36:13', '2026-03-03 08:36:13'
);
INSERT INTO cartel_categories (cartel_id, category_id) VALUES ('1772526973246', 'agriculture');

INSERT INTO cartels (id, titre, titre_en, annee, description, description_en, exhume_par, location, location_en, lat, lng, image_path, image_credit, url_qr, date, status, visible, created_at, updated_at) VALUES (
  '1772527062709', 'IRRISAHELLE, CENTRE DE FORMATION AU SÉNÉGAL ', 'IRRISAHELLE, TRAINING CENTER IN SENEGAL ', '2010',
  '', '', 'Raphaël Luciani-Galais',
  '', '', NULL, NULL,
  'images/IMG_3802.jpeg', '', '', '2026-03-03', 'published', 1, '2026-03-03 08:37:42', '2026-03-03 08:37:42'
);
INSERT INTO cartel_categories (cartel_id, category_id) VALUES ('1772527062709', 'h2o');
INSERT INTO cartel_categories (cartel_id, category_id) VALUES ('1772527062709', 'agriculture');

INSERT INTO cartels (id, titre, titre_en, annee, description, description_en, exhume_par, location, location_en, lat, lng, image_path, image_credit, url_qr, date, status, visible, created_at, updated_at) VALUES (
  '1772527144666', 'BICITRACTOR', 'BICYCLETRACTOR', '2010',
  'Ce bicitrator est l’outil idéal pour les exploitations maraîchères de petites et moyennes tailles. En effet, il n''existe pas de tracteur adapté aux exploitations maraîchères de petites et moyennes tailles désireuses de produire une agriculture durable et non-polluante. De plus, les petites exploitations agricoles doivent s''endetter pour acheter un tracteur conventionnel.\n\nC''est pourquoi le Bicitractor est l''outil le mieux adapté face à ces problèmes. Il s''agit d''un véhicule efficace, open source, non-polluant et peu coûteux à fabriquer soi-même.', 'This bicitractor is the ideal tool for small and medium-sized market gardens. There are no tractors suitable for small and medium-sized market gardens that want to produce sustainable, non-polluting agriculture. What''s more, small farms have to go into debt to buy a conventional tractor.\n\nThis is why the Bicitractor is the best tool for addressing these issues. It is an efficient, open-source, non-polluting vehicle that is inexpensive to build yourself.', 'Atelier 21',
  '', '', NULL, NULL,
  'images/IMG_3803.jpeg', '', 'https://www.latelierpaysan.org/Aggrozouk-bicitractor', '2026-03-03', 'published', 1, '2026-03-03 08:39:04', '2026-03-03 08:39:04'
);
INSERT INTO cartel_categories (cartel_id, category_id) VALUES ('1772527144666', 'agriculture');

INSERT INTO cartels (id, titre, titre_en, annee, description, description_en, exhume_par, location, location_en, lat, lng, image_path, image_credit, url_qr, date, status, visible, created_at, updated_at) VALUES (
  '1772527291085', 'LES SACS POTAGES', 'SOUP BAGS', '2012',
  'Conçus pour répondre aux situations de forte insécurité alimentaire en contexte urbain ou post-catastrophe, les sacs potagers sont des contenants textiles remplis de terre et de compost, permettant de cultiver des légumes en très faible surface. Utilisables sur un sol impropre ou inexistant, empilables et accessibles, ils permettent à des familles déplacées, réfugiées ou marginalisées de produire de quoi diversifier leur alimentation. Ces dispositifs sont particulièrement adaptés aux femmes, souvent premières responsables de l’alimentation domestique. Le modèle repose sur des matériaux simples : sacs de jute, déchets organiques, pierres pour le drainage, et semences locales. Testés et adaptés dans plusieurs pays (Burundi, Haïti, RDC…), les sacs potagers combinent faible coût, autonomie, résilience alimentaire et valorisation des déchets. Une micro-agriculture de survie, mais aussi de dignité.', 'Designed to address situations of severe food insecurity in urban or post-disaster contexts, vegetable bags are fabric containers filled with soil and compost, allowing vegetables to be grown in very small spaces. They can be used on unsuitable or non-existent soil, are stackable and accessible, and enable displaced, refugee, or marginalized families to produce enough food to diversify their diet. These devices are particularly suitable for women, who are often primarily responsible for feeding their families. The model is based on simple materials: jute bags, organic waste, stones for drainage, and local seeds. Tested and adapted in several countries (Burundi, Haiti, DRC, etc.), vegetable bags combine low cost, autonomy, food resilience, and waste recovery. They represent a form of micro-agriculture that promotes not only survival, but also dignity.', 'Raphael Luciani-Galais ',
  'Burundi', 'Burundi', -3.426449, 29.9324519,
  'images/IMG_3804.jpeg', '', 'https://defishumanitaires.com/wp-content/uploads/2018/01/SI-2016-Manuel-sacs-potagers.pdf', '2026-03-03', 'published', 1, '2026-03-03 08:41:31', '2026-03-03 08:41:31'
);
INSERT INTO cartel_categories (cartel_id, category_id) VALUES ('1772527291085', 'agriculture');

INSERT INTO cartels (id, titre, titre_en, annee, description, description_en, exhume_par, location, location_en, lat, lng, image_path, image_credit, url_qr, date, status, visible, created_at, updated_at) VALUES (
  '1772527414953', 'LAVERIE COMMUNAUTAIRE D’IZILF', 'IZILF COMMUNITY LAUNDROMAT', '2012',
  'Ce projet pilote est né de la prise de conscience environnementale et de la volonté de la population locale, en particulier les femmes, de s’impliquer davantage dans la vie économique du ksar d’Izilf.\n\nEn effet, la pollution des sols par les détergents des lessives au niveau des séguias (canaux d’irrigation) est un défi environnemental commun à toutes les oasis. La laverie communautaire est un modèle de projet de développement durable intégré à travers ses composantes : installation de 2 panneaux solaires permettant le chauffage de l’eau et du parc de 10 machines à laver d’une part, mise en place d’un système d’épuration des eaux grises à travers 5 bassins pour irriguer une ceinture verte de protection contre l’ensablement et l’avancée du désert d’autre part.', 'This pilot project was born out of environmental awareness and the desire of the local population, particularly women, to become more involved in the economic life of the ksar of Izilf.\n\nSoil pollution from laundry detergents in the seguias (irrigation canals) is an environmental challenge common to all oases. The community laundry is a model of integrated sustainable development through its components: installation of two solar panels to heat water and a fleet of ten washing machines on the one hand, and the implementation of a grey water purification system using five basins to irrigate a green belt that protects against sand encroachment and desertification.', 'Kadi Ayyad',
  'Maroc', 'Morocco', 28.3347722, -10.3713379,
  'images/IMG_3805.jpeg', '', 'http://www.oasistafilalet.ma/main.php?id=43&cont=430', '2026-03-03', 'published', 1, '2026-03-03 08:43:34', '2026-03-03 08:43:34'
);
INSERT INTO cartel_categories (cartel_id, category_id) VALUES ('1772527414953', 'h2o');

INSERT INTO cartels (id, titre, titre_en, annee, description, description_en, exhume_par, location, location_en, lat, lng, image_path, image_credit, url_qr, date, status, visible, created_at, updated_at) VALUES (
  '1772527675100', 'VERGERS URBAINS', 'URBAN ORCHARDS', '2013',
  'Fondée en 2013 à Paris, l’association Vergers Urbains œuvre à rendre la ville comestible en impliquant les habitants dans la végétalisation de l’espace public. Elle transforme trottoirs, friches, pieds d’immeubles ou toits en vergers et potagers partagés.\n\nNée dans le quartier de la Chapelle, l’association a depuis mené plus de 70 projets à travers la capitale, favorisant la biodiversité, le lien social et l’autonomie alimentaire. Elle propose également des formations, des chantiers participatifs et des animations pour sensibiliser à l’agriculture urbaine.\n\nLauréate de plusieurs appels à projets, Vergers Urbains est aujourd’hui un acteur clé du mouvement pour une ville plus verte, inclusive et résiliente.\n', 'Founded in Paris in 2013, the Vergers Urbains association works to make the city edible by involving residents in the greening of public spaces. It transforms sidewalks, vacant lots, building bases, and rooftops into shared orchards and vegetable gardens.\n\nBorn in the Chapelle neighborhood, the association has since carried out more than 70 projects across the capital, promoting biodiversity, social ties, and food autonomy. It also offers training, participatory projects, and activities to raise awareness about urban agriculture.\n\nWinner of several calls for projects, Vergers Urbains is now a key player in the movement for a greener, more inclusive, and more resilient city. ', 'Cedric Carles',
  'Paris', 'Paris', 48.8534951, 2.3483915,
  'images/IMG_3806.webp', '', 'https://vergersurbains.org/', '2026-03-03', 'published', 1, '2026-03-03 08:47:55', '2026-03-03 08:47:55'
);
INSERT INTO cartel_categories (cartel_id, category_id) VALUES ('1772527675100', 'agriculture');

INSERT INTO cartels (id, titre, titre_en, annee, description, description_en, exhume_par, location, location_en, lat, lng, image_path, image_credit, url_qr, date, status, visible, created_at, updated_at) VALUES (
  '1772527796455', 'FALLING FRUIT', 'FALLING FRUIT', '2013',
  'Falling Fruit est une carte collaborative mondiale recensant plus de 1,6 million de sources alimentaires gratuites : arbres fruitiers, plantes comestibles, champignons, puits d’eau, voire conteneurs à déchets alimentaires. Lancée en 2013 par deux passionnés de glanage, Caleb Phillips et Ethan Welty, cette plateforme open source vise à reconnecter les citadins à leur environnement comestible en valorisant les ressources souvent ignorées de l’espace urbain. \n\nAccessible en ligne ou via application mobile, Falling Fruit permet à chacun de localiser, documenter et partager des lieux de glanage dans plus de 70 pays. Les données proviennent à la fois de contributions citoyennes et de bases institutionnelles, comme les inventaires d’arbres municipaux. En France, des milliers de points sont déjà répertoriés, notamment à Paris. \n\nAu-delà de la cueillette gratuite, le projet s’inscrit dans une démarche anti-gaspillage, éducative et écologique, en favorisant une alimentation locale et résiliente. Falling Fruit est ainsi devenu un outil emblématique du glanage urbain moderne.', 'Falling Fruit is a collaborative global map listing more than 1.6 million free food sources: fruit trees, edible plants, mushrooms, water wells, and even food waste containers. Launched in 2013 by two gleaning enthusiasts, Caleb Phillips and Ethan Welty, this open-source platform aims to reconnect city dwellers with their edible environment by promoting the often overlooked resources of urban spaces. \n\nAccessible online or via a mobile app, Falling Fruit allows anyone to locate, document, and share foraging spots in more than 70 countries. The data comes from both citizen contributions and institutional databases, such as municipal tree inventories. In France, thousands of locations have already been listed, particularly in Paris. \n\nBeyond free foraging, the project is part of an anti-waste, educational, and ecological approach, promoting local and resilient food systems. Falling Fruit has thus become an iconic tool for modern urban foraging.', 'Cedric Carles',
  'France', 'France', 46.603354, 1.8883335,
  'images/IMG_3807.jpeg', '', 'https://fallingfruit.org/', '2026-03-03', 'published', 1, '2026-03-03 08:49:56', '2026-03-03 08:49:56'
);
INSERT INTO cartel_categories (cartel_id, category_id) VALUES ('1772527796455', 'agriculture');

INSERT INTO cartels (id, titre, titre_en, annee, description, description_en, exhume_par, location, location_en, lat, lng, image_path, image_credit, url_qr, date, status, visible, created_at, updated_at) VALUES (
  '1772527857016', 'UN VERGER DANS MON ÉCOLE', 'AN ORCHARD IN MY SCHOOL', '2014',
  'Entre 2014 et 2019, Paris a planté 2 300 arbres fruitiers, dont 1 700 dans les écoles, dans le cadre de l’opération « Un verger dans mon école ». Ce programme vise à reconnecter les enfants à la nature et à l’alimentation en leur permettant de cultiver et de récolter des fruits dans des vergers pédagogiques. Ces espaces, entretenus écologiquement, sont aussi des outils d’apprentissage sur la biodiversité, les saisons et le climat. \n\nAu total, 1170 arbres fruitiers ont été plantés dans 151 écoles parisiennes, offrant ainsi aux élèves l’opportunité de découvrir la culture des fruits en milieu urbain. \n\nAu-delà des écoles, des arbres fruitiers ont été plantés dans les rues, jardins et autres espaces publics, contribuant à la végétalisation de la ville et à la promotion de l’agriculture urbaine. \n\nCes initiatives s’inscrivent dans une stratégie plus large de la Ville de Paris pour favoriser une alimentation durable et renforcer la place de la nature en ville.', 'Between 2014 and 2019, Paris planted 2,300 fruit trees, including 1,700 in schools, as part of the "An orchard in my school" initiative. This program aims to reconnect children with nature and food by allowing them to grow and harvest fruit in educational orchards. These ecologically maintained spaces are also tools for learning about biodiversity, the seasons, and the climate. A total of 1,170 fruit trees have been planted in 151 Parisian schools, giving students the opportunity to discover fruit growing in an urban environment. \n\nBeyond schools, fruit trees have been planted in streets, gardens, and other public spaces, contributing to the greening of the city and the promotion of urban agriculture. These initiatives are part of a broader strategy by the City of Paris to promote sustainable food and strengthen the place of nature in the city.', 'Cedric Carles',
  'Paris', 'Paris', 48.8534951, 2.3483915,
  'images/IMG_3808.jpeg', '', '', '2026-03-03', 'published', 1, '2026-03-03 08:50:57', '2026-03-03 08:50:57'
);
INSERT INTO cartel_categories (cartel_id, category_id) VALUES ('1772527857016', 'agriculture');

INSERT INTO cartels (id, titre, titre_en, annee, description, description_en, exhume_par, location, location_en, lat, lng, image_path, image_credit, url_qr, date, status, visible, created_at, updated_at) VALUES (
  '1772527942376', 'LA TOUR WARKAWATER', 'LA TOUR WARKAWATER', '2015',
  'Le designer italien Arturo Vittori a conçu le WarkaWater pour faciliter l’accès à l’eau potable dans les régions arides. Cette tour capte l’humidité de l’air pour fournir jusqu’à cent litres d’eau par jour.\n\nCaractéristiques :\nHauteur : 9 mètres\nFonctionnement : Filet en nylon ou polypropylène qui condense la vapeur d’eau atmosphérique.\nRéservoir : Capacité de 100 litres d’eau potable par jour.\nStructure : Tressée avec des matériaux naturels locaux, ne pesant que 60 kg.\n\nCoût :\nUne tour coûte environ 550 dollars et fournit de l’eau gratuitement.\n\nImpact :\nMême avec un taux d’humidité de 20 %, cette solution peut aider face à la diminution des ressources en eau potable', 'Italian designer Arturo Vittori designed WarkaWater to facilitate access to drinking water in arid regions. This tower captures moisture from the air to provide up to 100 liters of water per day. Features: Height: 9 meters Operation: Nylon or polypropylene net that condenses atmospheric water vapor.\nReservoir: Capacity of 100 liters of drinking water per day. Structure: Woven from local natural materials, weighing only 60 kg. Cost: One tower costs around $550 and provides water free of charge. Impact: Even with a humidity level of 20%, this solution can help address the decline in drinking water resources.', 'Pierre Antoine P. Gombeaud',
  'Italie', 'Italy', 42.6384261, 12.674297,
  'images/IMG_3809.jpeg', '', '', '2026-03-03', 'published', 1, '2026-03-03 08:52:22', '2026-03-03 08:52:22'
);
INSERT INTO cartel_categories (cartel_id, category_id) VALUES ('1772527942376', 'h2o');

INSERT INTO cartels (id, titre, titre_en, annee, description, description_en, exhume_par, location, location_en, lat, lng, image_path, image_credit, url_qr, date, status, visible, created_at, updated_at) VALUES (
  '1772528117894', 'PRODUCTION D’EAU ATMOSPHÉRIQUE SKYSOURCE', 'SKYSOURCE ATMOSPHERIC WATER PRODUCTION', '2015',
  'Alimenté par des déchets végétaux, ce conteneur innovant transforme l’humidité de l’air en eau potable grâce à un procédé de condensation intégré. La biomasse issue des déchets végétaux est brûlée pour produire l’énergie nécessaire au fonctionnement du système d’extraction et d’aspiration d’air. Ce système, en aspirant l’air ambiant, le refroidit et provoque la condensation de la vapeur d’eau, laquelle est ensuite filtrée pour obtenir une eau potable de qualité. Ainsi, en une seule journée, ce dispositif est capable de générer jusqu’à 2 000 litres d’eau, offrant une solution prometteuse pour les environnements où l’eau est une ressource rare.\nLe principe repose sur des phénomènes physiques fondamentaux – la combustion de la biomasse et la condensation – appliqués de manière ingénieuse pour produire de l’eau potable. En valorisant des déchets végétaux, le système transforme une ressource souvent négligée en énergie utile, éliminant le besoin de sources d’énergie externes ou coûteuses. Ce dispositif peut être déployé dans des zones dépourvues de ressources en eau traditionnelles, offrant ainsi une solution low-tech et durable pour répondre aux besoins essentiels de populations isolées ou dans des situations d’urgence.', 'Powered by plant waste, this innovative container transforms moisture in the air into drinking water using an integrated condensation process. Biomass from plant waste is burned to produce the energy needed to operate the air extraction and suction system. This system cools the ambient air as it sucks it in, causing the water vapor to condense, which is then filtered to obtain high-quality drinking water. In a single day, this device can generate up to 2,000 liters of water, offering a promising solution for environments where water is a scarce resource.\nThe principle is based on fundamental physical phenomena—biomass combustion and condensation—ingeniously applied to produce drinking water. By utilizing plant waste, the system transforms an often-neglected resource into useful energy, eliminating the need for external or costly energy sources. This device can be deployed in areas lacking traditional water resources, offering a low-tech and sustainable solution to meet the essential needs of isolated populations or those in emergency situations.', 'Thomas Ortiz',
  '', '', NULL, NULL,
  'images/IMG_3810.jpeg', '', '', '2026-03-03', 'published', 1, '2026-03-03 08:55:17', '2026-03-03 08:55:17'
);
INSERT INTO cartel_categories (cartel_id, category_id) VALUES ('1772528117894', 'h2o');

INSERT INTO cartels (id, titre, titre_en, annee, description, description_en, exhume_par, location, location_en, lat, lng, image_path, image_credit, url_qr, date, status, visible, created_at, updated_at) VALUES (
  '1772528242000', 'LE BASSIN FILTRANT ET LES CHATEPLEURS', 'THE FILTERING BASIN AND THE CHATEPLEURS', '2016',
  'Dès le milieu du XIXème siècle, la Ville de Paris se dote d’un réseau d’eau non potable destiné à l’arrosage des espaces verts et au nettoyage de la voierie. Menacé un temps d’abandon car vétuste et sous-utilisé, ce réseau nécessite aujourd’hui d’imaginer de nouveaux contextes d’usage pour cette eau, extraite de la Seine et du canal de l’Ourcq. Le studio de design Idaé a réalisé le projet Topique-eau qui donne forme à trois usages de cette eau non potable.\n\nCe dispositif a été conçu pour utiliser l’eau non potable dans les jardins collectifs. Il filtre l’eau grâce à un procédé de phytorestoration (filtration par les plantes) développé par l’entreprise Phytorestore. Une fois filtrée, l’eau peut être acheminée jusqu’aux plantes grâce à des chantepleures. La chantepleure est l’ancêtre de l’arrosoir. Elle a la particularité de se remplir par le dessous, une manière d’esquisser une gestuelle propre à l’usage de cette eau de Seine. Cet objet a été redessiné pour l’occasion et produit en petite série par rotomoulage.', 'In the mid-19th century, the City of Paris built a network of non-potable water intended for watering green spaces and cleaning roads. Threatened with abandonment at one point due to its dilapidated state and underuse, this network now requires new uses to be found for this water, which is extracted from the Seine and the Ourcq Canal. The Idaé design studio has created the Topique-eau project, which gives shape to three uses for this non-potable water. This system was designed to use non-potable water in community gardens. It filters the water using a phytorestoration process (filtration by plants) developed by the company Phytorestore. Once filtered, the water can be transported to the plants using watering cans. The watering can is the ancestor of the watering pot. It has the distinctive feature of being filled from below, a way of sketching out a gesture specific to the use of this water from the Seine. This object has been redesigned for the occasion and produced in small series by rotational molding.', 'Simon Bouchaudy',
  'Paris', 'Paris', NULL, NULL,
  'images/IMG_3811.jpeg', '', 'https://pablobras.fr/09_Kit-d-arrosage', '2026-03-03', 'published', 1, '2026-03-03 08:57:22', '2026-03-03 08:57:22'
);
INSERT INTO cartel_categories (cartel_id, category_id) VALUES ('1772528242000', 'agriculture');
INSERT INTO cartel_categories (cartel_id, category_id) VALUES ('1772528242000', 'h2o');

INSERT INTO cartels (id, titre, titre_en, annee, description, description_en, exhume_par, location, location_en, lat, lng, image_path, image_credit, url_qr, date, status, visible, created_at, updated_at) VALUES (
  '1772528316329', 'LA DÉMARCHE PARISCULTEURS', 'THE PARISCULTEURS APPROACH', '2016',
  'Lancé en 2016, le programme Parisculteurs transforme les toits, murs et friches de la capitale en espaces de production agricole. Chaque saison, des appels à projets permettent à des collectifs, associations ou entreprises d’investir des sites mis à disposition par la Ville de Paris. Ces projets favorisent une alimentation locale, créent des emplois, renforcent la biodiversité et reconnectent les citadins à la nature.\n\nÀ ce jour, plus de 70 sites ont été attribués, incluant des fermes sur les toits, des jardins partagés, des cultures hydroponiques ou des microbrasseries. Des lieux emblématiques comme l’Opéra Bastille, le réservoir de Charonne ou le centre commercial Beaugrenelle accueillent désormais des cultures comestibles. Parisculteurs s’inscrit dans une stratégie plus large de végétalisation et de transition écologique, visant à faire de Paris une ville plus résiliente et nourricière.', 'Launched in 2016, the Parisculteurs program transforms the capital''s rooftops, walls, and vacant lots into agricultural production spaces. Each season, calls for projects allow collectives, associations, and companies to invest in sites made available by the City of Paris. These projects promote local food, create jobs, enhance biodiversity, and reconnect city dwellers with nature.\n\nTo date, more than 70 sites have been allocated, including rooftop farms, shared gardens, hydroponic crops, and microbreweries. Iconic locations such as the Opéra Bastille, the Charonne reservoir, and the Beaugrenelle shopping center now host edible crops. Parisculteurs is part of a broader strategy of greening and ecological transition, aimed at making Paris a more resilient and nourishing city.', 'Cedric Carles',
  'Paris', 'Paris', 48.8534951, 2.3483915,
  'images/IMG_3812.jpeg', '', 'https://www.parisculteurs.paris/', '2026-03-03', 'published', 1, '2026-03-03 08:58:36', '2026-03-03 08:58:36'
);
INSERT INTO cartel_categories (cartel_id, category_id) VALUES ('1772528316329', 'agriculture');

INSERT INTO cartels (id, titre, titre_en, annee, description, description_en, exhume_par, location, location_en, lat, lng, image_path, image_credit, url_qr, date, status, visible, created_at, updated_at) VALUES (
  '1772528474851', 'LANCEMENT DE REGENBOX PAR L’ATELIER 21', 'LAUNCH OF REGENBOX BY ATELIER 21', '2016',
  'RegenBox est le premier régénérateur open source, capable de régénérer les alcalines dites à usages uniques ou encore “non rechargeables”. La technologie est connue et a été exhumée par un paléo-chercheur qui a prototypé cet appareil en s''inspirant du brevet de Karl Kordesch datant de 1980, brevet passé dans le domaine public. La première phase du projet consiste à créer une communauté de bêta-testeurs afin de comparer les performances des différentes piles disponibles sur le marché. Dans le même temps, le but est de démontrer la régénérabilité et d''identifier les piles possédant la meilleure capacité de régénération, et de pouvoir en faire profiter la communauté. En 2025, la Regenbox V2 grand publique et industrialisée est lancée ! ', 'RegenBox is the first open-source regenerator capable of regenerating single-use or "non-rechargeable" alkaline batteries. The technology is well known and was unearthed by a paleo-researcher who prototyped this device based on Karl Kordesch''s 1980 patent, which is now in the public domain. The first phase of the project consists of creating a community of beta testers to compare the performance of different batteries available on the market. At the same time, the goal is to demonstrate regenerability and identify the batteries with the best regeneration capacity, and to share this information with the community. In 2025, the Regenbox V2 will be launched for the general public and industrial use! ', 'Cedric Carles',
  'France', 'France', 46.603354, 1.8883335,
  'images/IMG_3813.jpeg', '', 'Regenbox.org', '2026-03-03', 'published', 1, '2026-03-03 09:01:14', '2026-03-03 09:01:14'
);
INSERT INTO cartel_categories (cartel_id, category_id) VALUES ('1772528474851', 'electricite');
INSERT INTO cartel_categories (cartel_id, category_id) VALUES ('1772528474851', 'conservation-de-lenergie');

INSERT INTO cartels (id, titre, titre_en, annee, description, description_en, exhume_par, location, location_en, lat, lng, image_path, image_credit, url_qr, date, status, visible, created_at, updated_at) VALUES (
  '1772529193401', 'LE BEEHIVE - ANT STUDIO', 'LE BEEHIVE - ANT STUDIO', '2017',
  'L’entreprise de design Ant Studio, située à New Delhi, a eu l’idée de créer « The Beehive » (en français, la ruche) une structure en forme d’alvéoles capable de rafraîchir l’air ambiant sans nécessiter d’énergie. Le système est à base d’argile et d’eau.\n\nCette « ruche » est composée de simples tubes en terre cuite, un matériau naturel. Ceux-ci sont installés sur une structure métallique circulaire qui est ensuite déposée dans un bassin qui permet de recueillir l’eau, sur le même principe qu’une fontaine en circuit fermé.\n\nL’eau versée manuellement au sommet de la structure ruisselle sur les tubes d’argile et les imbibe de son humidité. L’air qui pénètre dans les tubes est alors rafraîchi, tout simplement.', 'The design company Ant Studio, based in New Delhi, came up with the idea of creating "The Beehive," a honeycomb-shaped structure capable of cooling the ambient air without requiring energy. The system is based on clay and water.\n\nThis "beehive" is made up of simple terracotta tubes, a natural material. These are installed on a circular metal structure which is then placed in a basin that collects water, using the same principle as a closed-circuit fountain.\n\nWater poured manually onto the top of the structure trickles down the clay tubes and soaks them with moisture. The air entering the tubes is then cooled, quite simply.', 'Marcel Robert',
  'New Delhi', 'New Delhi', 28.6138954, 77.2090057,
  'images/IMG_3814.jpeg', '', '', '2026-03-03', 'published', 1, '2026-03-03 09:13:13', '2026-03-03 09:13:13'
);
INSERT INTO cartel_categories (cartel_id, category_id) VALUES ('1772529193401', 'h2o');
INSERT INTO cartel_categories (cartel_id, category_id) VALUES ('1772529193401', 'rafraichir');

INSERT INTO cartels (id, titre, titre_en, annee, description, description_en, exhume_par, location, location_en, lat, lng, image_path, image_credit, url_qr, date, status, visible, created_at, updated_at) VALUES (
  '1772529299253', 'AEROLIANSPARIS : DES PRAIRIES EN ZONE URBAINE', 'AEROLIANSPARIS: MEADOWS IN URBAN AREAS', '2018',
  'Grand Paris Aménagement a participé à l’aménagement de la pointe sud d’AeroliansParis (ZAC Sud Charles-de-Gaulle) à Tremblay-en-France (93). Ce site de 198 hectares ambitionne d’accueillir 850 000 m² d’entreprises internationales ainsi qu’une extension majeure du parc des expositions Paris Nord Villepinte (PEX). L’objectif était de recréer un environnement écologique pluriel attirant une grande variété d’espèces animales et végétales.\n\nGPA a ainsi implanté trois milieux riches en biodiversité : prairie humide, prairie sèche et milieu boisé. L’ancien usage agricole en monoculture cède place à une biodiversité plus dense.\n\nLes aménagements visent aussi à limiter l’imperméabilisation des sols, afin de maîtriser à la source les eaux pluviales et réduire pollution et risques d’inondation.\n\nAeroliansParis se veut un projet exemplaire, avec une gestion innovante des eaux pluviales et de vastes espaces verts pensés pour oxygéner l’urbanisme dense de la ZAC.', 'Grand Paris Aménagement participated in the development of the southern tip of AeroliansParis (ZAC Sud Charles-de-Gaulle) in Tremblay-en-France (93). This 198-hectare site aims to accommodate 850,000 m² of international businesses as well as a major extension of the Paris Nord Villepinte exhibition center (PEX). The goal was to recreate a diverse ecological environment that would attract a wide variety of animal and plant species. GPA therefore created three environments rich in biodiversity: wet meadow, dry meadow, and wooded area. The former monoculture agricultural use has given way to a denser biodiversity.\n\nThe developments also aim to limit soil sealing in order to control rainwater at source and reduce pollution and flood risks. AeroliansParis is intended to be an exemplary project, with innovative rainwater management and vast green spaces designed to oxygenate the dense urban planning of the ZAC.', 'GPA',
  'Tremblay-en-France', 'Tremblay-en-France', 48.9802035, 2.5589558,
  'images/IMG_3815.jpeg', '', 'https://www.aeroliansparis-gestion.fr/', '2026-03-03', 'published', 1, '2026-03-03 09:14:59', '2026-03-03 09:14:59'
);
INSERT INTO cartel_categories (cartel_id, category_id) VALUES ('1772529299253', 'agriculture');

INSERT INTO cartels (id, titre, titre_en, annee, description, description_en, exhume_par, location, location_en, lat, lng, image_path, image_credit, url_qr, date, status, visible, created_at, updated_at) VALUES (
  '1772529526787', 'HELIO TRANSFORMER L’EAU DE MER EN EAU POTABLE', 'HELIO TRANSFORMING SEAWATER INTO DRINKING WATER', '2018',
  'Les systèmes HELIO ont été conçus pour reproduire le cycle naturel de l’eau. Comment ? Grâce au phénomène de distillation solaire !\n\nCe principe permet de traiter tout liquide contenant la molécule de H2O : eau de mer, eau de rivière, eau de pluie, lac.\n\nL''eau à traiter est acheminée par une pompe et un panneau solaire jusqu’au plateau situé au centre de la sphère.\n\nPar effet de serre, elle s’évapore et se condense au contact des parois pour former de micro gouttelettes d’eau pure. Cette eau va ensuite ruisseler le long des parois pour être récupérée en partie basse de la sphère.\n\nLes résidus solides (sel, etc.) sont évacués par une purge du plateau.\n\nL’eau produite par le système HELIO est une eau pure qui pourra être consommée directement en sortie.Un kit de reminéralisation optionnel composé d’éléments naturels (calcium, magnésium, etc.), vous permettra de produire votre propre eau minérale !', 'HELIO systems are designed to replicate the natural water cycle. How? Through solar distillation! This principle can be used to treat any liquid containing H2O molecules: seawater, river water, rainwater, lake water. The water to be treated is pumped through a solar panel to the plate located in the center of the sphere.\n\nThrough the greenhouse effect, it evaporates and condenses on contact with the walls to form micro-droplets of pure water. This water then trickles down the walls to be collected at the bottom of the sphere. Solid residues (salt, etc.) are removed by draining the tray.\n\nThe water produced by the HELIO system is pure water that can be consumed directly at the outlet. An optional remineralization kit composed of natural elements (calcium, magnesium, etc.) allows you to produce your own mineral water!', 'Simon Bouchaudy',
  '', '', NULL, NULL,
  'images/IMG_3816.jpeg', '', '', '2026-03-03', 'published', 1, '2026-03-03 09:18:46', '2026-03-03 09:18:46'
);
INSERT INTO cartel_categories (cartel_id, category_id) VALUES ('1772529526787', 'sante');
INSERT INTO cartel_categories (cartel_id, category_id) VALUES ('1772529526787', 'h2o');

INSERT INTO cartels (id, titre, titre_en, annee, description, description_en, exhume_par, location, location_en, lat, lng, image_path, image_credit, url_qr, date, status, visible, created_at, updated_at) VALUES (
  '1772529588182', 'MARCELLE, L’URINOIR FÉMININ POUR L’ENGRAIS', 'MARCELLE, THE FEMALE URINAL FOR FERTILIZER', '2018',
  'Conçu par la designeuse Louise Raguet, Marcelle est un urinoir adapté à l''anatomie des femmes pour faire pipi sans toucher la cuvettes des toilettes et sans éclaboussures. Il permet l''économie de 6 litres d''eau par utilisation et réduit considérablement les files d''attente aux toilettes pour femmes.\n\nL’urinoir est accompagné de signalétique pour sa bonne utilisation. Une poubelle assortie est dédiée au papier toilette. Marcelle est 100% fabriqué en France, à Troyes. En acier inox peint, c’est un objet durable et facile d''entretien.\n\nL’urinoir féminin est destiné aux toilettes des lieux publics : salles de concert, centre commercial, etc mais aussi aux festivals. Il a été installé à Paris (Grands Voisins, 14ème), à Bruxelles (Tri Postal), à Trelins (Foreztival), à Puget-sur-Argens (Mas des Écaravatiers)...\n\nL’urine récoltée et ensuite valorisée sous forme d’engrais. L''utilisation de l''urine en agriculture permet de limiter la pollution des cours d''eau et de réduire la consommation d''engrais chimiques dans les champs.', 'Designed by Louise Raguet, Marcelle is a urinal adapted to the female anatomy, allowing women to urinate without touching the toilet bowl and without splashing. It saves 6 liters of water per use and significantly reduces queues at women''s toilets.\n\nThe urinal comes with signage explaining how to use it properly. A matching trash can is provided for toilet paper. Marcelle is 100% made in France, in Troyes. Made of painted stainless steel, it is durable and easy to maintain.\n\nThe female urinal is intended for use in public toilets: concert halls, shopping centers, etc., but also at festivals. It has been installed in Paris (Grands Voisins, 14th arrondissement), Brussels (Tri Postal), Trelins (Foreztival), Puget-sur-Argens (Mas des Écaravatiers), and elsewhere.\n\nThe urine is collected and then recycled as fertilizer. The use of urine in agriculture helps to limit water pollution and reduce the consumption of chemical fertilizers in fields.', 'Simon Bouchaudy',
  'Paris', 'Paris', 48.8534951, 2.3483915,
  'images/IMG_3817.jpeg', '', 'https://urinoirmarcelle.fr/', '2026-03-03', 'published', 1, '2026-03-03 09:19:48', '2026-03-03 09:19:48'
);
INSERT INTO cartel_categories (cartel_id, category_id) VALUES ('1772529588182', 'agriculture');
INSERT INTO cartel_categories (cartel_id, category_id) VALUES ('1772529588182', 'h2o');

INSERT INTO cartels (id, titre, titre_en, annee, description, description_en, exhume_par, location, location_en, lat, lng, image_path, image_credit, url_qr, date, status, visible, created_at, updated_at) VALUES (
  '1772529680305', 'LE SEMOIR « YOOKOUTEF »', 'THE "YOOKOUTEF" SEED DRILL', '2019',
  'L’épandage est un frein à l’adoption de l’inoculation au Sénégal. Cette opération, souvent laborieuse, manquait jusqu’alors d’un outil adapté pour garantir une répartition homogène et efficace du biofertilisant au moment du semis. Pour y remédier, chercheurs, artisans et producteurs ont co-développé le « Yookoutef », un semoir innovant conçu dans une démarche de recherche participative. Cette machine, intégrant un système de co-localisation des semences et de l’inoculum, permet de déposer simultanément les graines et les micro-organismes symbiotiques au bon endroit dans le sol. Brevetée auprès de l’Organisation Africaine de la Propriété Intellectuelle (OAPI), elle allège le travail des paysans, réduit le temps de semis et augmente l’efficacité agronomique du traitement. Fabriquée localement par l’Association pour la Promotion des Artisans et Ouvriers (APRAO), elle répond aux contraintes techniques et économiques du milieu rural. Déployée en phase expérimentale sur plusieurs exploitations, elle a déjà suscité l’intérêt de nombreuses coopératives agricoles, qui y voient un levier de modernisation accessible et adapté à leurs pratiques.', 'Spreading is a barrier to the adoption of inoculation in Senegal. This often laborious operation has until now lacked a suitable tool to ensure the even and effective distribution of biofertilizer at the time of sowing. To remedy this, researchers, artisans, and producers have co-developed the "Yookoutef," an innovative seeder designed through a participatory research approach. This machine, which integrates a system for co-locating seeds and inoculum, allows seeds and symbiotic microorganisms to be deposited simultaneously in the right place in the soil. Patented by the African Intellectual Property Organization (OAPI), it lightens the workload for farmers, reduces sowing time, and increases the agronomic efficiency of the treatment. Manufactured locally by the Association for the Promotion of Artisans and Workers (APRAO), it meets the technical and economic constraints of rural areas. Deployed in an experimental phase on several farms, it has already attracted the interest of numerous agricultural cooperatives, which see it as an accessible lever for modernization that is adapted to their practices.', 'Raphaël Luciani-Galais',
  'Sénégal', 'Senegal', 14.4750607, -14.4529612,
  'images/IMG_3818.jpeg', '', 'https://theconversation.com/la-recherche-participative-au-senegal-une-bonne-recette-pour-booster-lagriculture-124828', '2026-03-03', 'published', 1, '2026-03-03 09:21:20', '2026-03-03 09:21:20'
);
INSERT INTO cartel_categories (cartel_id, category_id) VALUES ('1772529680305', 'agriculture');

INSERT INTO cartels (id, titre, titre_en, annee, description, description_en, exhume_par, location, location_en, lat, lng, image_path, image_credit, url_qr, date, status, visible, created_at, updated_at) VALUES (
  '1772529735654', 'CULTURE PAR HYDROPONIE ET DÉSALINISATION', 'HYDROPONIC CULTIVATION AND DESALINATION', '2019',
  'Dans le désert d’Atacama, l’un des milieux les plus arides de la planète, ce projet novateur associe la désalinisation de l’eau de mer à la technique de l’hydroponie. La désalinisation permet de transformer l’eau de mer en eau douce apte à l’irrigation, tandis que l’hydroponie offre un système de culture sans sol, dans lequel les plantes reçoivent directement les nutriments nécessaires via une solution aqueuse. Grâce à cette synergie, les agriculteurs parviennent à produire plusieurs tonnes de légumes chaque mois, malgré des conditions climatiques extrêmement contraignantes.\nLa transformation de l’eau de mer, une ressource quasi-illimitée dans ce contexte, en eau douce permet une utilisation judicieuse de l’eau dans un environnement où celle-ci est rare.\n\nLe système hydroponique, tout en étant un procédé moderne, se caractérise par sa simplicité d’installation et sa capacité à être adapté à divers environnements, y compris les zones désertiques.\nEn permettant une production alimentaire dans un milieu aride, ce projet réduit la pression sur les terres arables et offre une solution résiliente face aux enjeux climatiques actuels, dans une logique de gestion efficiente des ressources.', 'In the Atacama Desert, one of the most arid environments on the planet, this innovative project combines seawater desalination with hydroponics. Desalination transforms seawater into fresh water suitable for irrigation, while hydroponics provides a soil-free growing system in which plants receive the nutrients they need directly via an aqueous solution. Thanks to this synergy, farmers are able to produce several tons of vegetables each month, despite extremely challenging climatic conditions.\nThe transformation of seawater, a virtually unlimited resource in this context, into fresh water allows for the judicious use of water in an environment where it is scarce.\n\nThe hydroponic system, while a modern process, is characterized by its simplicity of installation and its ability to be adapted to various environments, including desert areas. By enabling food production in an arid environment, this project reduces pressure on arable land and offers a resilient solution to current climate challenges, in line with efficient resource management.', 'Lola Baron',
  '', '', NULL, NULL,
  'images/IMG_3819.jpeg', '', 'https://www.sciencesetavenir.fr/nature-environnement/chili-faire-pousser-des-legumes-dans-le-desert-le-plus-aride-du-monde_132337', '2026-03-03', 'published', 1, '2026-03-03 09:22:15', '2026-03-03 09:22:15'
);
INSERT INTO cartel_categories (cartel_id, category_id) VALUES ('1772529735654', 'agriculture');
INSERT INTO cartel_categories (cartel_id, category_id) VALUES ('1772529735654', 'h2o');

INSERT INTO cartels (id, titre, titre_en, annee, description, description_en, exhume_par, location, location_en, lat, lng, image_path, image_credit, url_qr, date, status, visible, created_at, updated_at) VALUES (
  '1772529808121', 'RÉSERVOIR DE FAÇADE REËSTOK', 'REËSTOK FACADE TANK', '2019',
  'Le réservoir de façade Reënstok, conçu par le Studio Faltazi, est un dispositif innovant de collecte et de stockage des eaux pluviales, installé pour la première fois en juillet 2019 au 2 rue Louis Blanc, Paris 10ᵉ. \n\nRemplaçant les descentes d''eau pluviale traditionnelles, ce système se compose de modules en inox brossé superposables, permettant de collecter l''eau de pluie directement sur les façades des immeubles. L''eau ainsi récupérée est utilisée pour l''arrosage des espaces verts adjacents, tels que les jardins partagés, contribuant à une gestion durable des ressources en eau en milieu urbain. \n\nCes réservoirs jouent un rôle de régulateur en absorbant les surplus d''eau lors des orages et en différant leur utilisation pendant les périodes sèches, soutenant ainsi le Plan Parispluie. Après cette première installation, un second réservoir a été mis en place en 2020 rue Delesseux, dans le 19ᵉ arrondissement de Paris.', 'The Reënstok façade reservoir, designed by Studio Faltazi, is an innovative rainwater collection and storage device, installed for the first time in July 2019 at 2 rue Louis Blanc, Paris 10ᵉ. \n\nReplacing traditional rainwater downspouts, this system consists of stackable brushed stainless steel modules that collect rainwater directly from building facades. The water collected is used to water adjacent green spaces, such as shared gardens, contributing to sustainable water resource management in urban areas. \n\nThese reservoirs act as regulators by absorbing excess water during storms and deferring its use during dry periods, thus supporting the Parispluie Plan. Following this initial installation, a second reservoir was set up in 2020 on Rue Delesseux, in the 19th arrondissement of Paris.', 'Cedric Carles',
  'Paris', 'Paris', 48.8534951, 2.3483915,
  'images/IMG_3820.jpeg', '', '', '2026-03-03', 'published', 1, '2026-03-03 09:23:28', '2026-03-03 09:23:28'
);
INSERT INTO cartel_categories (cartel_id, category_id) VALUES ('1772529808121', 'agriculture');
INSERT INTO cartel_categories (cartel_id, category_id) VALUES ('1772529808121', 'h2o');

INSERT INTO cartels (id, titre, titre_en, annee, description, description_en, exhume_par, location, location_en, lat, lng, image_path, image_credit, url_qr, date, status, visible, created_at, updated_at) VALUES (
  '1772529913558', 'PRODUCTION LOCALE DE BIOFERTILISANTS', 'LOCAL PRODUCTION OF BIOFERTILIZERS', '2019',
  'Face aux sols pauvres du Sénégal, une alliance entre chercheurs et agriculteurs a permis de lancer la production locale de biofertilisants à base de champignons mycorhiziens. Ces micro-organismes vivent en symbiose avec les plantes et boostent leur croissance en améliorant l’accès aux nutriments. Grâce à un dispositif de culture sur racines de maïs utilisant des coques d’arachide, les producteurs peuvent désormais multiplier eux-mêmes les inoculums. Une innovation accessible, durable, et parfaitement adaptée à l’agriculture familiale vivrière. Cette approche, testée à Darou Mousty, pose les bases d’une autonomie agricole fondée sur les ressources locales et la science partagée.', 'Faced with poor soil in Senegal, an alliance between researchers and farmers has led to the launch of local production of biofertilizers based on mycorrhizal fungi. These microorganisms live in symbiosis with plants and boost their growth by improving access to nutrients. Thanks to a corn root cultivation system using peanut shells, producers can now multiply inoculants themselves. This innovation is accessible, sustainable, and perfectly suited to family subsistence farming. Tested in Darou Mousty, this approach lays the foundations for agricultural autonomy based on local resources and shared science.', 'Raphaël Luciani-Galais',
  'Sénégal', 'Senegal', 14.4750607, -14.4529612,
  'images/IMG_3821.jpeg', '', 'https://theconversation.com/la-recherche-participative-au-senegal-une-bonne-recette-pour-booster-lagriculture-124828', '2026-03-03', 'published', 1, '2026-03-03 09:25:13', '2026-03-03 09:25:13'
);
INSERT INTO cartel_categories (cartel_id, category_id) VALUES ('1772529913558', 'agriculture');
INSERT INTO cartel_categories (cartel_id, category_id) VALUES ('1772529913558', 'h2o');

INSERT INTO cartels (id, titre, titre_en, annee, description, description_en, exhume_par, location, location_en, lat, lng, image_path, image_credit, url_qr, date, status, visible, created_at, updated_at) VALUES (
  '1772530010947', 'HORS-CHAMP', 'OUT OF FRAME', '2019',
  'Hors-champ est un projet de diplôme en création industrielle réalisé par Paul Appert à l’ENSCI – Les Ateliers. Ce projet vise à accompagner les maraîchers souhaitant adopter des pratiques agricoles écologiques et diversifiées. Il propose une solution intégrée comprenant une application numérique personnalisée pour la formation, la planification des cultures et la gestion des parcelles, ainsi qu’un microtracteur électrique open source, économique et modulable, adapté aux contraintes spécifiques du maraîchage. L’objectif est de fournir aux agriculteurs des outils accessibles et adaptés pour faciliter la transition vers des modèles de production plus durables. ', 'Hors-champ is a degree project in industrial design carried out by Paul Appert at ENSCI – Les Ateliers. This project aims to support market gardeners who wish to adopt ecological and diversified agricultural practices. It offers an integrated solution comprising a customized digital application for training, crop planning, and plot management, as well as an open-source, economical, and modular electric microtractor adapted to the specific constraints of market gardening. The goal is to provide farmers with accessible and adapted tools to facilitate the transition to more sustainable production models. ', 'Simon Bouchaudy',
  'France', 'France', NULL, NULL,
  'images/IMG_3822.jpeg', '', 'https://www.ensci.com/galerie-des-ateliers/un-projet?tx_news_pi1%5Baction%5D=detail&tx_news_pi1%5Bcontroller%5D=News&tx_news_pi1%5Bnews%5D=28792&cHash=7a7e7d6be11fcd5e41911d40e3147620', '2026-03-03', 'published', 1, '2026-03-03 09:26:50', '2026-03-03 09:26:50'
);
INSERT INTO cartel_categories (cartel_id, category_id) VALUES ('1772530010947', 'agriculture');

INSERT INTO cartels (id, titre, titre_en, annee, description, description_en, exhume_par, location, location_en, lat, lng, image_path, image_credit, url_qr, date, status, visible, created_at, updated_at) VALUES (
  '1772530080424', 'AGRO-PHOTOVOLTAÏQUE POUR LE MARAÎCHAGE', 'AGRO-PHOTOVOLTAICS FOR VEGETABLE GROWING', '2019',
  'Le projet APV-MaGa met en œuvre une technologie doublement bénéfique : des panneaux solaires surélevés qui produisent de l’électricité tout en laissant passer suffisamment de lumière pour la culture de légumes en dessous. Testé dans des zones rurales du Ghana, ce système optimise l’usage de l’espace, en combinant production alimentaire et énergie renouvelable sur la même surface. L’ombre partielle améliore aussi la rétention d’humidité des sols, un atout crucial face au stress hydrique. Le projet s’appuie sur des partenariats locaux solides pour former des techniciens, soutenir les coopératives maraîchères et adapter la technologie aux besoins réels du terrain.', 'The APV-MaGa project implements a technology that offers two benefits: raised solar panels that generate electricity while allowing enough light to pass through for vegetables to grow underneath. Tested in rural areas of Ghana, this system optimizes space usage by combining food production and renewable energy on the same surface area. Partial shade also improves soil moisture retention, a crucial advantage in the face of water stress. The project relies on strong local partnerships to train technicians, support vegetable cooperatives, and adapt the technology to real needs on the ground.', 'Raphaël Luciani-Galais',
  'Ghana', 'Ghana', 8.0300284, -1.0800271,
  'images/IMG_3823.jpeg', '', 'https://www.ise.fraunhofer.de/en/research-projects/apv-maga.html', '2026-03-03', 'published', 1, '2026-03-03 09:28:00', '2026-03-03 09:28:00'
);
INSERT INTO cartel_categories (cartel_id, category_id) VALUES ('1772530080424', 'agriculture');
INSERT INTO cartel_categories (cartel_id, category_id) VALUES ('1772530080424', 'h2o');
INSERT INTO cartel_categories (cartel_id, category_id) VALUES ('1772530080424', 'solaire');

INSERT INTO cartels (id, titre, titre_en, annee, description, description_en, exhume_par, location, location_en, lat, lng, image_path, image_credit, url_qr, date, status, visible, created_at, updated_at) VALUES (
  '1772531924119', 'La gestion des eaux pluviales et le logiciel PARAPLUIE', 'Rainwater management and the PARAPLUIE software', '2019',
  'La métropole de Lyon a mis en place un logiciel pour aider les professionnels et les particuliers dans la mise en place de dispositifs de gestion des eaux pluviales. En effet, lors de fortes pluies, les réseaux d’assainissement peuvent être saturés. Le trop-plein d’eau qui n’a pas pû être traité est relâché dans les rivières ce qui occasionne de la pollution.  Le logiciel PARAPLUIE permet de choisir la solution la plus adaptée et de faciliter sa réalisation via des avant-projets ou encore des esquisses d''architecture. Une meilleure gestion des eaux pluviales est un enjeu important auquel s’attaque la métropole lyonnaise. Son objectif est de réaliser une ville plus perméable avec des travaux de désimperméabilisation, l’installation de revêtements poreux ou encore la réalisation de jardins d’eau. \n', 'The city of Lyon has developed software to help professionals and individuals implement rainwater management systems. During heavy rainfall, sewer systems can become saturated. The excess water that cannot be treated is released into rivers, causing pollution. The PARAPLUIE software allows users to choose the most suitable solution and facilitates its implementation through preliminary designs or architectural sketches. Better stormwater management is an important issue that the city of Lyon is tackling. Its goal is to create a more permeable city through de-impermeabilization works, the installation of porous surfaces, and the creation of water gardens. ', 'Atelier étudiants Paris 1',
  'Métropole de Lyon', 'Metropolitan area of Lyon', 45.7481616, 4.8556859,
  'images/logicielparapluielyon.png', 'Logiciel Parapluie, Métropole de Lyon, https://parapluie-hydro.com/grandlyon/', 'https://parapluie-hydro.com/grandlyon/', '2026-03-03', 'published', 1, CURRENT_TIMESTAMP, CURRENT_TIMESTAMP
);
INSERT INTO cartel_categories (cartel_id, category_id) VALUES ('1772531924119', 'h2o');

INSERT INTO cartels (id, titre, titre_en, annee, description, description_en, exhume_par, location, location_en, lat, lng, image_path, image_credit, url_qr, date, status, visible, created_at, updated_at) VALUES (
  '1772532016489', 'Lancement du projet du Grand Chemin', 'Launch of the Grand Chemin project', '2024',
  'Le Grand Chemin est un projet ambitieux lancé par la communauté de communes Est Ensemble, qui rassemble neuf villes de Seine-Saint-Denis. D’ici 2030, l’objectif est d''aménager une boucle de 55 km pour faciliter l’accès des mobilités douces (piétons, vélos etc.), renforcer la présence végétale et favoriser de nouveaux usages culturels, récréatifs ou sportifs. Le Grand Chemin permet également aux villes de mieux s’adapter aux enjeux du changement climatique. En effet, la végétalisation permet de créer un effet d’îlot de fraîcheur et d’augmenter le confort des habitants. La désimperméabilisation des surfaces permet également de favoriser l’infiltration de l’eau et de réduire les phénomènes de ruissellement qui peuvent causer la surcharge des réseaux de traitement des eaux. Les premiers travaux ont commencé en 2024 aux Lilas et à Montreuil. \n\n', 'Le Grand Chemin is an ambitious project launched by the Est Ensemble community of municipalities, which brings together nine towns in Seine-Saint-Denis. By 2030, the goal is to develop a 55 km loop to facilitate access for soft mobility (pedestrians, bicycles, etc.), increase green spaces, and promote new cultural, recreational, and sporting activities. Le Grand Chemin also enables towns to better adapt to the challenges of climate change. Greening creates a cooling effect and increases comfort for residents. The de-impermeabilization of surfaces also promotes water infiltration and reduces runoff, which can overload water treatment networks. The first works began in 2024 in Les Lilas and Montreuil. ', 'Atelier étudiants Paris 1',
  'Seine-Saint-Denis', 'Seine-Saint-Denis', 48.9098125, 2.4528635,
  'images/image_cartel_grand_chemin.jpg', 'Agence Ter - Vue future de l’avenue du président Robert Schuman, aux Lilas.', 'https://www.est-ensemble.fr/grand-chemin', '2026-03-03', 'published', 1, CURRENT_TIMESTAMP, CURRENT_TIMESTAMP
);
INSERT INTO cartel_categories (cartel_id, category_id) VALUES ('1772532016489', 'rafraichir');
INSERT INTO cartel_categories (cartel_id, category_id) VALUES ('1772532016489', 'h2o');

INSERT INTO cartels (id, titre, titre_en, annee, description, description_en, exhume_par, location, location_en, lat, lng, image_path, image_credit, url_qr, date, status, visible, created_at, updated_at) VALUES (
  '1772532138229', 'Récupération d’eau pluviale dans le square des Acrobates', 'Rainwater harvesting in Acrobates Square', '2007',
  'Le square des Acrobates, espace vert de la ville de Saint-Denis, fonctionne également comme un bassin de rétention des eaux de pluie. Une dépression enherbée, située à l’est du parc, est inondée après les orages importants. Cela permet que les eaux pluviales n’encombrent pas les réseaux d’assainissement du quartier. Quelques heures après l’orage, grâce à sa topographie en pente douce, l’eau se vide. Le square retrouve alors son usage récréatif habituel. ', 'The Square des Acrobates, a green space in the city of Saint-Denis, also functions as a rainwater retention basin. A grassy depression located to the east of the park is flooded after heavy storms. This prevents rainwater from clogging the neighborhood''s sewer system. A few hours after the storm, thanks to its gently sloping topography, the water drains away. The square then returns to its usual recreational use. ', 'Anastasia Guéguen',
  'Saint-Denis', 'Saint-Denis', 48.9383732, 2.3627508,
  'images/Saint-Denis.Square_des_Acrobates.jpg', 'Square des acrobates, 19/10/18, Rc1959, Wikimedia Commons. https://commons.wikimedia.org/wiki/File:Saint-Denis.Square_des_Acrobates.jpg', 'https://www.lemoniteur.fr/article/le-square-des-acrobates-un-ilot-vert-dans-une-ville-en-mouvement.1135379', '2026-03-03', 'published', 1, '2026-03-03 10:13:00', '2026-03-03 10:13:00'
);
INSERT INTO cartel_categories (cartel_id, category_id) VALUES ('1772532138229', 'h2o');

INSERT INTO cartels (id, titre, titre_en, annee, description, description_en, exhume_par, location, location_en, lat, lng, image_path, image_credit, url_qr, date, status, visible, created_at, updated_at) VALUES (
  '1772532229005', 'L’histoire de l’eau en Seine-Saint-Denis sur le Géoportail93', 'The history of water in Seine-Saint-Denis on Géoportail93', '2025',
  'Le Géoportail 93 est une interface cartographique publiée par le département de Seine-Saint-Denis. Il permet de consulter des informations géographiques relatives au département, de les croiser ou encore, pour les informations libres d’accès, de les télécharger afin de réaliser des cartes. En 2025, le département publie un dossier sur son Géoportail intitulé “L''eau en Seine-Saint-Denis : comment composer avec le passé ?”. Cette page décrit l’histoire de l’eau en Seine-Saint-Denis depuis le XVIIIe siècle. Une carte interactive permet de localiser différents éléments historiques liés à l’eau (sources, fontaines, gare d''eau, etc.). Chaque point sur la carte est accompagné d’une notice explicative et d’images. Le site permet de comprendre le passage d’un territoire avec une présence de l’eau fortement intégrée à un espace où l’eau est devenue presque invisible du fait de l’urbanisation et de l’industrialisation. Une carte diachronique permet de se rendre compte de l’amenuisement du réseau hydrographique entre la période pré-industrielle et aujourd’hui. Cet espace permet de sensibiliser les habitants aux enjeux qui entourent l’eau dans un contexte de changement climatique et de faire changer la vision de l’eau dans la ville, conformément aux ambitions du département décrites dans leur manifeste “La Seine-Saint-Denis”, territoire d’eau.', 'Géoportail 93 is a mapping interface published by the Seine-Saint-Denis department. It allows users to view geographical information about the department, cross-reference data, and download freely accessible information to create maps. In 2025, the department published a report on its Géoportail entitled "Water in Seine-Saint-Denis: how to deal with the past?". This page describes the history of water in Seine-Saint-Denis since the 18th century. An interactive map allows users to locate various historical elements related to water (springs, fountains, water stations, etc.). Each point on the map is accompanied by an explanatory note and images. The site helps users understand the transition from a territory with a strong water presence to an area where water has become almost invisible due to urbanization and industrialization. A diachronic map shows the decline of the hydrographic network between the pre-industrial period and today. This space raises residents'' awareness of the challenges surrounding water in the context of climate change and changes the way water is viewed in the city, in line with the department''s ambitions as described in their manifesto "La Seine-Saint-Denis," territory of water.', 'Bureau Eau dans la Ville 93',
  'Seine-Saint-Denis', 'Seine-Saint-Denis', 48.9098125, 2.4528635,
  'images/Carte_de_Cassini.Ile-Saint-Denis.Maison_de_Seine.Fort_de_la_Briche.jpg', 'Carte de Cassini. https://commons.wikimedia.org/wiki/File:Carte_de_Cassini.Ile-Saint-Denis.Maison_de_Seine.Fort_de_la_Briche.jpg', 'https://geo.seinesaintdenis.fr/portal/apps/storymaps/stories/60d2d9d58e2d4742836f3f6af214400b', '2026-03-03', 'published', 1, CURRENT_TIMESTAMP, CURRENT_TIMESTAMP
);
INSERT INTO cartel_categories (cartel_id, category_id) VALUES ('1772532229005', 'h2o');

INSERT INTO cartels (id, titre, titre_en, annee, description, description_en, exhume_par, location, location_en, lat, lng, image_path, image_credit, url_qr, date, status, visible, created_at, updated_at) VALUES (
  '1772532334174', 'Création de l''exposition “les futurs de l’eau en Seine-Saint-Denis : comment composer avec le passé ?”', 'Creation of the exhibition “The Future of Water in Seine-Saint-Denis: How to Deal with the Past?”', '2024',
  'En 2024, suite à une commande de la Direction de l’Eau et de l’Assainissement de Seine-Saint-Denis, six étudiants du Master 2 Urbanisme et aménagement du territoire de l’université Paris 1 Panthéon-Sorbonne ont réalisé une étude sur le patrimoine aquatique du département. Cette dernière a donné lieu à une exposition qui retrace l’histoire des usages de l’eau depuis le XVIIIe siècle. Elle souligne les très nombreuses utilisations, particulièrement marquées au XIXe siècle, de l’eau en Seine-Saint-Denis (usages utilitaires ou encore de loisir). Le XXe siècle marque la disparition progressive de la place de l’eau dans la ville avec l’urbanisation. Composée de 12 panneaux, cette exposition propose également une projection vers 2050. Celle-ci met en lumière des idées de projets à mener pour améliorer la visibilité de l’eau pour les habitants, pour préserver la biodiversité et pour réduire les îlots de chaleur dans un contexte de changement climatique. Par exemple, les étudiants présentaient leur plan de restauration des lavoirs ou encore de création de mares. Ces idées sont inspirées du manifeste “La Seine-Saint-Denis, territoire d’eau” publié en 2024 par le département et qui fixe l’objectif d’affirmation de la place de l’eau en ville.\n', 'In 2024, following a commission from the Seine-Saint-Denis Water and Sanitation Department, six students from the Master 2 Urban Planning and Land Use program at Paris 1 Panthéon-Sorbonne University conducted a study on the department''s aquatic heritage. This study gave rise to an exhibition tracing the history of water use since the 18th century. It highlights the many uses of water in Seine-Saint-Denis, particularly in the 19th century, for both practical and recreational purposes. The 20th century saw the gradual disappearance of water from the city with urbanization. Comprising 12 panels, this exhibition also offers a projection towards 2050. It highlights ideas for projects to improve the visibility of water for residents, preserve biodiversity, and reduce heat islands in the context of climate change. For example, the students presented their plan to restore wash houses and create ponds. These ideas are inspired by the manifesto "La Seine-Saint-Denis, territoire d''eau" (Seine-Saint-Denis, land of water) published in 2024 by the department, which sets the objective of affirming the place of water in the city. ', 'Bureau Eau dans la Ville 93',
  'Seine-Saint-Denis', 'Seine-Saint-Denis', 48.9098125, 2.4528635,
  'images/paneau1expolesfutursdeleau.png', 'Panneau 1 de l''exposition “les futurs de l’eau en Seine-Saint-Denis : comment composer avec le passé ?”. Paris 1 Panthéon-Sorbonne et Département Seine-Saint-Denis. https://reseau.doc.seinesaintdenis.fr/index.php?lvl=notice_display&id=105528', 'https://reseau.doc.seinesaintdenis.fr/index.php?lvl=notice_display&id=105528', '2026-03-02', 'published', 1, '2026-03-02 14:04:28', '2026-03-02 14:04:28'
);
INSERT INTO cartel_categories (cartel_id, category_id) VALUES ('1772532334174', 'h2o');
INSERT INTO cartel_categories (cartel_id, category_id) VALUES ('1772532334174', 'imaginaire');

INSERT INTO cartels (id, titre, titre_en, annee, description, description_en, exhume_par, location, location_en, lat, lng, image_path, image_credit, url_qr, date, status, visible, created_at, updated_at) VALUES (
  '1772532502316', 'Manifeste “La Seine-Saint-Denis, territoire d’eau”', 'Manifesto “Seine-Saint-Denis, territory of water”', '2024',
  'L’eau a servi de support de développement du département Seine-Saint-Denis, mais sa place dans le paysage est aujourd’hui discrète. Avant l’urbanisation des XIXe et XXe siècles, le réseau hydrographique était dense et les nombreuses nappes rendaient les terres fertiles. Puis, l’urbanisation a causé une quasi-disparition de l’eau en ville (via le remblaiement ou le recouvrement de petites rivières urbaines par exemple). Elle n''apparaît plus aujourd’hui au cœur des préoccupations des habitants en ce qui concerne l’accès à la nature en ville. Elle peut même, parfois, être perçue négativement. Dans un contexte de changement climatique, l''eau peut être intégrée pour rafraîchir la ville, soumise à des problématiques d’îlot de chaleur urbain. Le Manifeste affirme les ambitions du département de refaire une place à l’eau dans la ville et fonde une nouvelle politique entièrement dédiée au territoire d’eau. Pour ce faire, des projets de préservation des zones humides, de création de mares et jardins d’eau ou encore des initiatives culturelles et artistiques autour de l’eau sont soutenus par le département. ', 'Water has been instrumental in the development of the Seine-Saint-Denis department, but its place in the landscape is now discreet. Before urbanization in the 19th and 20th centuries, the hydrographic network was dense and the numerous aquifers made the land fertile. Then, urbanization caused water to virtually disappear from the city (through the filling or covering of small urban rivers, for example). Today, it is no longer a major concern for residents in terms of access to nature in the city. It can even, at times, be perceived negatively. In the context of climate change, water can be integrated to cool the city, which is subject to urban heat island issues. The Manifesto affirms the department''s ambitions to restore water''s place in the city and establishes a new policy entirely dedicated to water. To this end, the department supports projects to preserve wetlands, create ponds and water gardens, and cultural and artistic initiatives related to water. ', 'Bureau Eau dans la Ville 93',
  'Seine-Saint-Denis', 'Seine-Saint-Denis', 48.9098125, 2.4528635,
  'images/image_manifeste_ssd.png', 'Manifeste "La Seine-Saint-Denis territoire d''eau", département Seine-Saint-Denis, https://reseau.doc.seinesaintdenis.fr/index.php?lvl=notice_display&id=105248', 'https://reseau.doc.seinesaintdenis.fr/index.php?lvl=notice_display&id=105248', '2026-03-02', 'published', 1, '2026-03-02 14:38:08', '2026-03-02 14:38:08'
);
INSERT INTO cartel_categories (cartel_id, category_id) VALUES ('1772532502316', 'h2o');
INSERT INTO cartel_categories (cartel_id, category_id) VALUES ('1772532502316', 'politique-publique');
INSERT INTO cartel_categories (cartel_id, category_id) VALUES ('1772532502316', 'gouvernance-de-leau');

INSERT INTO cartels (id, titre, titre_en, annee, description, description_en, exhume_par, location, location_en, lat, lng, image_path, image_credit, url_qr, date, status, visible, created_at, updated_at) VALUES (
  '1772532742222', 'Etude sur les sources en Seine-Saint-Denis', 'Study on water sources in Seine-Saint-Denis', '2025',
  'Il existe de nombreuses sources sur le territoire de Seine-Saint-Denis. Elles étaient autrefois très utilisées, mais, avec le développement d’autres méthodes d’alimentation en eau, les habitants s’en sont détournés. Aujourd’hui, certaines de ces sources ont été recouvertes avec l’urbanisation. Une étude pour localiser ces anciennes sources a été réalisée par le CEREMA (centre d’études et d’expertises sur les risques, l’environnement, la mobilité et l’aménagement), sur demande du département Seine-Saint-Denis. L’étude a permis d’affiner la connaissance sur les sources. L’eau des sources qui subsistent est souvent rejetée dans les systèmes d’assainissement. Sur le plateau de Romainville, leur débit peut atteindre 50 à 100 m3 par jour. Cette étude pose la question de l’utilisation de ces eaux, qui ne sont pas potables, pour le nettoyage des rues, l’arrosage des plantes ou encore la réalisation de jeux d’eau. ', 'There are numerous springs in the Seine-Saint-Denis area. They were once widely used, but with the development of other methods of water supply, residents have turned away from them. Today, some of these springs have been covered over by urbanization. A study to locate these ancient springs was carried out by CEREMA (Center for Studies and Expertise on Risks, the Environment, Mobility, and Development) at the request of the Seine-Saint-Denis department. The study provided more detailed information about the springs. The water from the remaining springs is often discharged into the sewerage system. On the Romainville plateau, their flow can reach 50 to 100 m3 per day. This study raises the question of how to use this water, which is not drinkable, for cleaning streets, watering plants or creating water features. ', 'Bureau Eau dans la Ville 93',
  'Seine-Saint-Denis', 'Seine-Saint-Denis', 48.9098125, 2.4528635,
  'images/Clichy-sous-Bois.Notre-Dame-des-Anges.Fontaine_miraculeuse.Vue_densemble.jpg', 'Fontaine miraculeuse de Notre-Dame-des-Anges à Clichy-sous-Bois, vers 1900-1910', 'https://comprendre-pour-agir.transistor.fm/episodes/3-la-seine-saint-denis-territoire-deau', '2026-03-03', 'published', 1, CURRENT_TIMESTAMP, CURRENT_TIMESTAMP
);
INSERT INTO cartel_categories (cartel_id, category_id) VALUES ('1772532742222', 'h2o');
INSERT INTO cartel_categories (cartel_id, category_id) VALUES ('1772532742222', 'imaginaire');

INSERT INTO cartels (id, titre, titre_en, annee, description, description_en, exhume_par, location, location_en, lat, lng, image_path, image_credit, url_qr, date, status, visible, created_at, updated_at) VALUES (
  '1772538547187', 'Mise en service des lacs réservoirs du bassin versant de la Seine', 'Commissioning of reservoir lakes in the Seine watershed', '1949-1990',
  'Au cours du XXe siècle, quatre grands lacs-réservoirs ont été construits autour de la région parisienne. Ce sont les lacs de Pannecière (1949), d’Orient (1966), du Der (1974) et Amance-Temple (1990). Leur objectif est double : ils permettent de stocker le trop-plein d’eau durant les périodes les plus pluvieuses (printemps/hiver) et de réinjecter de l’eau dans les rivières durant les périodes plus sèches (été/automne). Cela permet de réduire les inondations (puisque le trop-plein d’eau est stocké) et de soutenir les activités qui dépendent de l’eau de la rivière (activité industrielles, centrales nucléaires, etc.). Aujourd’hui, ces lacs-réservoirs sont gérés par l’Établissement public territorial de bassin (EPTB) Seine-Grands lacs. \n', 'During the 20th century, four large reservoir lakes were built around the Paris region. These are the lakes of Pannecière (1949), Orient (1966), Der (1974), and Amance-Temple (1990). They serve a dual purpose: they store excess water during the rainiest periods (spring/winter) and feed water back into the rivers during drier periods (summer/fall). This reduces flooding (since excess water is stored) and supports activities that depend on river water (industrial activity, nuclear power plants, etc.). Today, these reservoir lakes are managed by the Seine-Grands Lacs Public Basin Authority (EPTB). ', 'Anastasia Guéguen',
  'France', 'France', 46.603354, 1.8883335,
  'images/Lac_Pannecire_et_barrage.jpeg', 'Lac de Pannecière, 08/08, Benchaum, Wikimedia Commons. https://commons.wikimedia.org/wiki/File:Lac_Panneci%C3%A8re_et_barrage.JPG', 'https://www.seinegrandslacs.fr/quatre-lacs-reservoirs-au-coeur-dun-bassin', '2026-03-03', 'published', 1, CURRENT_TIMESTAMP, CURRENT_TIMESTAMP
);
INSERT INTO cartel_categories (cartel_id, category_id) VALUES ('1772538547187', 'h2o');

INSERT INTO cartels (id, titre, titre_en, annee, description, description_en, exhume_par, location, location_en, lat, lng, image_path, image_credit, url_qr, date, status, visible, created_at, updated_at) VALUES (
  '1772637748144', 'ALIMENTATION URBAINE ALTERNATIVE', 'ALTERNATIVE URBAN FOOD SUPPLY', '2020',
  'Depuis 2020, le programme européen CENTRINNO explore la réhabilitation des friches industrielles pour favoriser des systèmes alimentaires urbains durables. À Paris, l’accent est mis sur des alternatives à l’agriculture mondialisée, reconnectant les citadins à leur alimentation.\n\nDeux sites pilotes illustrent cette démarche : le FabCity Hub Paris, dédié à la production locale et à la formation, et le Jardin des Traverses, ancien tronçon ferroviaire transformé en jardin comestible. Ces lieux servent de laboratoires pour expérimenter des modèles alimentaires circulaires.\n\nLe projet mobilise un réseau d’acteurs variés (associations, chercheurs, designers, citoyens) pour développer des solutions adaptées au contexte parisien. Cartographie des compétences alimentaires et formations professionnelles renforcent cette dynamique.\n\nEn s’inspirant des pratiques maraîchères historiques, CENTRINNO vise à construire un système alimentaire résilient, ancré dans le territoire et accessible à tous.', 'Since 2020, the European CENTRINNO program has been exploring the rehabilitation of brownfield sites to promote sustainable urban food systems. In Paris, the focus is on alternatives to globalized agriculture, reconnecting city dwellers with their food.\n\nTwo pilot sites illustrate this approach: FabCity Hub Paris, dedicated to local production and training, and Jardin des Traverses, a former railway line transformed into an edible garden. These sites serve as laboratories for experimenting with circular food models.\n\nThe project mobilizes a network of diverse actors (associations, researchers, designers, citizens) to develop solutions adapted to the Parisian context. Mapping of food skills and professional training reinforce this dynamic. Inspired by historical market gardening practices, CENTRINNO aims to build a resilient food system that is rooted in the territory and accessible to all.', 'Raphaël Luciani-Galais',
  'Paris', 'Paris', 48.8534951, 2.3483915,
  'images/Capturedcran2026-03-04161554.png', '', 'https://centrinno.eu/blog/how-to-gather-a-consistent-alternative-food-system-in-paris/', '2026-03-04', 'published', 1, CURRENT_TIMESTAMP, CURRENT_TIMESTAMP
);
INSERT INTO cartel_categories (cartel_id, category_id) VALUES ('1772637748144', 'agriculture');

INSERT INTO cartels (id, titre, titre_en, annee, description, description_en, exhume_par, location, location_en, lat, lng, image_path, image_credit, url_qr, date, status, visible, created_at, updated_at) VALUES (
  '1772639697187', 'ALIMENTATION URBAINE ALTERNATIVE', 'ALTERNATIVE URBAN FOOD SUPPLY', '2020',
  'Depuis 2020, le programme européen CENTRINNO explore la réhabilitation des friches industrielles pour favoriser des systèmes alimentaires urbains durables. À Paris, l’accent est mis sur des alternatives à l’agriculture mondialisée, reconnectant les citadins à leur alimentation.\n\nDeux sites pilotes illustrent cette démarche : le FabCity Hub Paris, dédié à la production locale et à la formation, et le Jardin des Traverses, ancien tronçon ferroviaire transformé en jardin comestible. Ces lieux servent de laboratoires pour expérimenter des modèles alimentaires circulaires.\n\nLe projet mobilise un réseau d’acteurs variés (associations, chercheurs, designers, citoyens) pour développer des solutions adaptées au contexte parisien. Cartographie des compétences alimentaires et formations professionnelles renforcent cette dynamique.\n\nEn s’inspirant des pratiques maraîchères historiques, CENTRINNO vise à construire un système alimentaire résilient, ancré dans le territoire et accessible à tous.', 'Since 2020, the European CENTRINNO program has been exploring the rehabilitation of brownfield sites to promote sustainable urban food systems. In Paris, the focus is on alternatives to globalized agriculture, reconnecting city dwellers with their food.\n\nTwo pilot sites illustrate this approach: FabCity Hub Paris, dedicated to local production and training, and Jardin des Traverses, a former railway line transformed into an edible garden. These sites serve as laboratories for experimenting with circular food models.\n\nThe project mobilizes a network of diverse actors (associations, researchers, designers, citizens) to develop solutions adapted to the Parisian context. Mapping of food skills and professional training reinforce this dynamic. Inspired by historical market gardening practices, CENTRINNO aims to build a resilient food system that is rooted in the territory and accessible to all.', 'Raphaël Luciani-Galais',
  'Paris', 'Paris', 48.8534951, 2.3483915,
  'images/Capturedcran2026-03-04161554.png', '', 'https://centrinno.eu/blog/how-to-gather-a-consistent-alternative-food-system-in-paris/', '2026-03-04', 'published', 1, CURRENT_TIMESTAMP, CURRENT_TIMESTAMP
);
INSERT INTO cartel_categories (cartel_id, category_id) VALUES ('1772639697187', 'agriculture');

INSERT INTO cartels (id, titre, titre_en, annee, description, description_en, exhume_par, location, location_en, lat, lng, image_path, image_credit, url_qr, date, status, visible, created_at, updated_at) VALUES (
  '1772639706260', 'VÉGÉTALISER LES PLACES DE STATIONNEMENT', 'GREENING PARKING SPACES', '2020',
  'La réduction du nombre de véhicules en ville va permettre de libérer de l’emprise foncière dans les cours des immeubles Haussmanniens. \n\nQue faire des cours d’immeubles ou des places en ville ? Pour les cours, l’une des pistes serait de les végétaliser pour lutter contre les îlots de chaleurs urbains. Et de réduire les besoins en climatisation des immeubles avec ces îlots des fraicheur.\n\nPistes : \nForêts “Miyawaki” du nom du botaniste japonais, expert en biologie végétale et professeur à l’université nationale de Yokohama. Il a élaboré et mis en pratique la méthode de reforestation “senzai shizen shokysei”, soit la “végétation potentielle naturelle”.', 'Reducing the number of vehicles in the city will free up land in the courtyards of Haussmann-style buildings. What should be done with building courtyards and city squares? One option for courtyards would be to plant vegetation to combat urban heat islands. These cool spots would also reduce the need for air conditioning in buildings.\n\nIdeas: "Miyawaki" forests, named after the Japanese botanist, plant biology expert, and professor at Yokohama National University. He developed and implemented the "senzai shizen shokysei" reforestation method, or "natural potential vegetation."', 'Raphaël Luciani-Galais',
  '', '', NULL, NULL,
  'images/Capturedcran2026-03-04162056.png', '', '', '2026-03-04', 'published', 1, CURRENT_TIMESTAMP, CURRENT_TIMESTAMP
);
INSERT INTO cartel_categories (cartel_id, category_id) VALUES ('1772639706260', 'agriculture');

INSERT INTO cartels (id, titre, titre_en, annee, description, description_en, exhume_par, location, location_en, lat, lng, image_path, image_credit, url_qr, date, status, visible, created_at, updated_at) VALUES (
  '1772639754647', 'FILTRATION DES BASSINS', 'POND FILTRATION', '2021',
  'Le Festival international des Jardins de Chaumont-sur-Loire présente chaque année une sélection de créations paysagères. L’édition 2021 accueille la création d''un jardin aquatique, conçu par un architecte paysagiste jean Philippe Poirée-Ville, dans une mare peu entretenue.  \n\nIl a créé un système simple constitué de bouées flottantes et dépolluantes posées sur l''eau. Celui-ci est composé de chambres à air recouvertes de feutre puis de graines de joncs, carex et iris... Le Ph de l’eau est similaire à celle du Mont-Blanc. Leurs racines purifient l''eau du bassin au bout de deux mois, un écosystème se réorganise sans nécessité un grand entretien.', 'Every year, the Chaumont-sur-Loire International Garden Festival presents a selection of landscape designs. The 2021 edition features a water garden designed by landscape architect Jean Philippe Poirée-Ville in a poorly maintained pond. He created a simple system consisting of floating, pollution-reducing buoys placed on the water. This system consists of inner tubes covered with felt and then seeds of rushes, sedges, and irises. The pH of the water is similar to that of Mont Blanc. Their roots purify the water in the pond after two months, and an ecosystem is reorganized without the need for extensive maintenance.', 'Sylvie Souet',
  'Chaumont-sur-Loire', 'Chaumont-sur-Loire', 47.4781489, 1.1903903,
  'images/Capturedcran2026-03-04163128.png', '', 'https://www.ise.fraunhofer.de/en/research-projects/apv-maga.html', '2026-03-04', 'published', 1, '2026-03-04 15:31:45', '2026-03-04 15:31:45'
);
INSERT INTO cartel_categories (cartel_id, category_id) VALUES ('1772639754647', 'h2o');

INSERT INTO cartels (id, titre, titre_en, annee, description, description_en, exhume_par, location, location_en, lat, lng, image_path, image_credit, url_qr, date, status, visible, created_at, updated_at) VALUES (
  '1772639812344', 'CHANTIER BIOCLIMATIQUE EN TERRE CRUE À DAKAR', 'BIOCLIMATIC RAW EARTH CONSTRUCTION SITE IN DAKAR', '2020',
  'Le chantier de l’Université Cheikh Anta Diop de Dakar (UCAD) est un projet emblématique au Sénégal et une référence en matière de construction lowtech à faible empreinte carbone, notamment par sa conception bioclimatique et le choix de la brique en terre cuite comme matériau principal. Ce projet doit donner le jour à 27 nouveaux bâtiments sur une surface de 26 000 m2, destinés au logement de plusieurs milliers d''étudiant(e)s. La qualité des espaces intérieurs et le confort thermique ont guidé la conception, réalisée par HARDEL LE BIHAN ARCHITECTES : choix raisonné des matériaux, ventilation naturelle, équilibre entre protection solaire et apport suffisant de lumière naturelle, canalisation du vent, etc. La morphologie des bâtiments révèle cette approche bioclimatique et respecte l’urbanisation actuelle (hauteur limitée).', 'The Cheikh Anta Diop University of Dakar (UCAD) construction project is a flagship project in Senegal and a benchmark in low-tech, low-carbon construction, particularly due to its bioclimatic design and the choice of terracotta bricks as the main building material. This project will result in 27 new buildings covering an area of 26,000 m², intended to house several thousand students. The quality of the interior spaces and thermal comfort guided the design, carried out by HARDEL LE BIHAN ARCHITECTES: careful choice of materials, natural ventilation, balance between sun protection and sufficient natural light, wind channeling, etc. The morphology of the buildings reflects this bioclimatic approach and respects the current urbanization (limited height).', 'Cédric Carles',
  'Dakar', 'Dakar', 14.693425, -17.447938,
  'images/Capturedcran2026-03-04162741.png', '', '', '2026-03-04', 'published', 1, CURRENT_TIMESTAMP, CURRENT_TIMESTAMP
);
INSERT INTO cartel_categories (cartel_id, category_id) VALUES ('1772639812344', 'rafraichir');
INSERT INTO cartel_categories (cartel_id, category_id) VALUES ('1772639812344', 'isolation-thermique');

INSERT INTO cartels (id, titre, titre_en, annee, description, description_en, exhume_par, location, location_en, lat, lng, image_path, image_credit, url_qr, date, status, visible, created_at, updated_at) VALUES (
  '1772639887839', 'LE PAVILLON DES RÊVES', 'THE PAVILION OF DREAMS', '2021',
  'Les pavillons résidentiels sont inscrits dans des milieux où les forces naturelles existent. Alors pourquoi ne pas les capter et ainsi faire par exemple d’une gouttière une source d’énergie ? Pablo Bras conçoit différentes installations pour créer des micros-sources d’énergie dans l’habitat individuel et rêver un pavillon plus vertueux\n\nDans son projet de recherche sur l’optimisation énergétique à l’échelle domestique, il propose des gargouilles hydrogénératrices dans des bas de gouttière pour utiliser le flux descendant. \n\nIl dessine également un barrage installé sur le toit des pavillons qui permet de jouer sur la temporalité de la production de cette hydroélectricité en stockant sous forme de potentiel physique (eau).\n\nTous ces dispositifs sont fabriqués localement par des artisans et offrent de nouveaux potentiels dans la production d’énergie ultra localisée.\n\nIssu du projet Le Pavillon des Rêves réalisé dans le cadre de la bourse Agora pour la recherche en design 2019-2021.', 'Residential houses are built in environments where natural forces exist. So why not harness them and turn a gutter, for example, into a source of energy? Pablo Bras designs various installations to create micro-energy sources in individual homes and dreams of a more virtuous house.\n\nIn his research project on energy optimization at the domestic level, he proposes hydro-generating gargoyles at the bottom of gutters to use the downward flow. He also designs a dam installed on the roof of houses that allows the timing of hydroelectricity production to be adjusted by storing it in the form of physical potential (water).\n\nAll these devices are manufactured locally by craftsmen and offer new potential for ultra-localized energy production. From the Le Pavillon des Rêves project carried out as part of the Agora grant for design research 2019-2021.', 'Sylvie Souet',
  '', '', NULL, NULL,
  'images/Capturedcran2026-03-04163517.png', '', '', '2026-03-04', 'published', 1, CURRENT_TIMESTAMP, CURRENT_TIMESTAMP
);
INSERT INTO cartel_categories (cartel_id, category_id) VALUES ('1772639887839', 'h2o');

INSERT INTO cartels (id, titre, titre_en, annee, description, description_en, exhume_par, location, location_en, lat, lng, image_path, image_credit, url_qr, date, status, visible, created_at, updated_at) VALUES (
  '1772639898539', 'ARCHITECTURE NUDGE', 'NUDGE ARCHITECTURE', '2021',
  'Issue du croisement entre les sciences comportementales, le design et l’architecture, le nudge est une nouvelle manière de concevoir les bâtiments pour qu’ils intègrent des éléments influençant positivement les comportements des usagers. On peut citer comme exemple : \n\nDes escaliers plus larges, centraux et décorés d’oeuvre d’art. La réduction de la vitesse des ascenseurs. L’idée est d’inciter les habitants à faire du sport, ce qui contribue à l’amélioration de leurs santés. \n\nAfficher le nombre de calories dépensées lorsque l’on monte un escalier. \n\nLa pensée nudge et ses solutions low-tech sont inspirants pour coller au plus prêt des besoins des usagers du bâtiment, tenir compte de leurs aspirations les engagera dans une démarche vertueuse de respect des bâtiments. Cela réduira les frais d’entretien du bâti. ', 'A cross between behavioral science, design, and architecture, nudging is a new way of designing buildings to incorporate elements that positively influence user behavior. Examples include wider, centrally located staircases decorated with artwork and slower elevators. The idea is to encourage residents to exercise, which contributes to improving their health. Displaying the number of calories burned when climbing stairs. \n\nNudge thinking and its low-tech solutions are inspiring in that they closely match the needs of building users. Taking their aspirations into account will engage them in a virtuous approach to respecting buildings. This will reduce building maintenance costs. ', 'Adrien Chaussinand',
  '', '', NULL, NULL,
  'images/Capturedcran2026-03-04163653.png', '', '', '2026-03-04', 'published', 1, CURRENT_TIMESTAMP, CURRENT_TIMESTAMP
);
INSERT INTO cartel_categories (cartel_id, category_id) VALUES ('1772639898539', 'mecanique');

INSERT INTO cartels (id, titre, titre_en, annee, description, description_en, exhume_par, location, location_en, lat, lng, image_path, image_credit, url_qr, date, status, visible, created_at, updated_at) VALUES (
  '1772639913136', 'KIT D’ARROSAGE', 'WATERING KIT', '2021',
  'Ce kit conçu par le designer Pablo Bras permet à tout le monde d’arroser des zones à végétaliser à partir des bouches de lavage qu’il y a partout dans la ville.\n\nLe kit est constitué de deux parties : \n-une réduction à relier sur les bouches de lavage de la ville de Paris et qui débouche sur une sortie de plomberie standard\n-une clé de manœuvre permettant d’ouvrir l’eau\n\nLes deux pièces sont reliées par un joint torique serti par un manchon d’aluminium standard. Ce kit a été conçu à partir des savoir-faire et des machines observées dans les ateliers du service des eaux de la ville.\n\nPensé comme un objet compact, le kit permet de regrouper un tuyau d’arrosage qui relie l’arrivée d’eau à un arrosoir ou permet d’arroser directement une zone à végétaliser.\n\nOn y associe préférablement un raccord rapide de tuyau, mais il débouche sur un filetage standard qui permet d’ouvrir les usages.', 'This kit, designed by Pablo Bras, allows anyone to water areas to be planted using the fire hydrants that are located throughout the city. The kit consists of two parts: -a reducer that connects to Paris fire hydrants and connects to a standard plumbing outlet -a wrench for turning on the water\n\nThe two parts are connected by an O-ring secured by a standard aluminum sleeve. This kit was designed based on the expertise and machinery observed in the city''s water department workshops.\n\nDesigned as a compact object, the kit allows you to connect a garden hose that connects the water supply to a watering can or allows you to water a planting area directly. It is best to use a quick-connect hose connector, but it connects to a standard thread, which allows for a variety of uses.', 'Simon Bouchaudy',
  '', '', NULL, NULL,
  'images/Capturedcran2026-03-04164522.png', '', 'https://pablobras.fr/09_Kit-d-arrosage', '2026-03-04', 'published', 1, CURRENT_TIMESTAMP, CURRENT_TIMESTAMP
);
INSERT INTO cartel_categories (cartel_id, category_id) VALUES ('1772639913136', 'h2o');
INSERT INTO cartel_categories (cartel_id, category_id) VALUES ('1772639913136', 'agriculture');

INSERT INTO cartels (id, titre, titre_en, annee, description, description_en, exhume_par, location, location_en, lat, lng, image_path, image_credit, url_qr, date, status, visible, created_at, updated_at) VALUES (
  '1772639944407', 'JARDIN AMBULANT - ISD ORSA', 'MOBILE GARDEN - ISD ORSA', '2021',
  'En décembre 2021, Villeneuve-Saint-Georges (Val-de-Marne) a inauguré deux jardins urbains novateurs, symboles d’une reconquête écologique et sociale de l’espace public. Situés dans les quartiers du Plateau et de la Pologne, ces espaces ont été aménagés sur d’anciens terrains en friche, transformés en lieux de production maraîchère et de convivialité. Ces projets s’inscrivent dans une démarche participative, impliquant les habitants dans la conception et la gestion des jardins, favorisant ainsi le lien social et l’appropriation des espaces verts. Au-delà de leur fonction alimentaire, ces jardins contribuent à la biodiversité urbaine, à la gestion des eaux pluviales et à la sensibilisation aux enjeux environnementaux.', 'In December 2021, Villeneuve-Saint-Georges (Val-de-Marne) inaugurated two innovative urban gardens, symbols of an ecological and social reclaiming of public space. Located in the Plateau and Pologne neighborhoods, these spaces were developed on former brownfield sites, transformed into places for vegetable production and socializing. These projects are part of a participatory approach, involving residents in the design and management of the gardens, thereby promoting social ties and ownership of green spaces. Beyond their food-producing function, these gardens contribute to urban biodiversity, stormwater management, and awareness of environmental issues.', 'GPA',
  'Villeneuve-Saint-Georges', 'Villeneuve-Saint-Georges', 48.7305272, 2.44782,
  'images/Capturedcran2026-03-04164836.png', '', '', '2026-03-04', 'published', 1, CURRENT_TIMESTAMP, CURRENT_TIMESTAMP
);
INSERT INTO cartel_categories (cartel_id, category_id) VALUES ('1772639944407', 'agriculture');

INSERT INTO cartels (id, titre, titre_en, annee, description, description_en, exhume_par, location, location_en, lat, lng, image_path, image_credit, url_qr, date, status, visible, created_at, updated_at) VALUES (
  '1772639982104', 'OMBRIÈRES, ARCHITECTURE BIOCLIMATIQUE', 'SHADE STRUCTURES, BIOCLIMATIC ARCHITECTURE', '2022',
  'Un habitat bioclimatique est un bâtiment dans lequel le chauffage et le rafraîchissement sont réalisés en tirant le meilleur parti du rayonnement solaire et de la circulation naturelle de l’air. Ce type de conception, issu d’un savoir-faire ancien remis au goût du jour, repose sur une articulation fine entre architecture, climat local, et comportement thermique des matériaux. L’habitat bioclimatique privilégie une orientation optimale du bâtiment, des ouvertures pensées pour capter ou limiter les apports solaires selon les saisons, ainsi qu’une isolation renforcée pour minimiser les besoins en énergie. L’inertie thermique, la ventilation naturelle traversante, et l’usage de matériaux locaux à faible impact environnemental complètent cette stratégie. Ce mode de construction, éprouvé notamment dans les régions méditerranéennes, sahéliennes ou alpines, permet de réduire considérablement les consommations d’énergie tout en améliorant le confort intérieur. Il s’inscrit ainsi comme une réponse pertinente aux enjeux contemporains de sobriété énergétique et d’adaptation climatique.', 'A bioclimatic home is a building in which heating and cooling are achieved by making the most of solar radiation and natural air circulation. This type of design, based on ancient know-how that has been brought up to date, relies on a delicate balance between architecture, local climate, and the thermal behavior of materials. Bioclimatic housing prioritizes optimal building orientation, openings designed to capture or limit solar gain depending on the season, and enhanced insulation to minimize energy requirements. Thermal inertia, natural cross ventilation, and the use of local materials with low environmental impact complete this strategy. This construction method, which has been tried and tested in Mediterranean, Sahelian, and Alpine regions, significantly reduces energy consumption while improving indoor comfort. It is therefore a relevant response to the contemporary challenges of energy efficiency and climate adaptation.', 'DDOI',
  '', '', NULL, NULL,
  'images/Capturedcran2026-03-04165321.png', '', 'https://atba.ch/wp-content/uploads/2018/12/Conference-bioclimatique-2007-Ecoquartier.pdf', '2026-03-04', 'published', 1, '2026-03-04 15:54:17', '2026-03-04 15:54:17'
);
INSERT INTO cartel_categories (cartel_id, category_id) VALUES ('1772639982104', 'solaire');
INSERT INTO cartel_categories (cartel_id, category_id) VALUES ('1772639982104', 'h2o');
INSERT INTO cartel_categories (cartel_id, category_id) VALUES ('1772639982104', 'agriculture');

INSERT INTO cartels (id, titre, titre_en, annee, description, description_en, exhume_par, location, location_en, lat, lng, image_path, image_credit, url_qr, date, status, visible, created_at, updated_at) VALUES (
  '1772640075826', 'LE PRÉSAGE, LE RESTAURANT SOLAIRE', 'LE PRÉSAGE, THE SOLAR RESTAURANT', '2020',
  'À Marseille, Le Présage est devenu en 2020 le premier restaurant solaire d’Europe. Imaginé par Pierre-André Aubert, ancien ingénieur aéronautique, il utilise une parabole solaire pour cuire ses plats, s’inspirant des travaux de Wolfgang Scheffler. Cette technologie a permis de réduire de moitié la consommation d’énergie en huit mois.\n\nAu-delà de la cuisson solaire, Le Présage adopte une approche durable : produits locaux et de saison, lutte contre le gaspillage, projets de méthanisation et de forêt comestible. Véritable laboratoire culinaire, il montre comment l’innovation peut réinventer la gastronomie en alliant tradition, écologie et excellence.', 'In Marseille, Le Présage became Europe''s first solar-powered restaurant in 2020. Designed by Pierre-André Aubert, a former aeronautical engineer, it uses a solar dish to cook its dishes, inspired by the work of Wolfgang Scheffler. This technology has halved energy consumption in eight months.\n\nBeyond solar cooking, Le Présage takes a sustainable approach: local and seasonal products, waste reduction, methanization projects, and edible forests. A true culinary laboratory, it shows how innovation can reinvent gastronomy by combining tradition, ecology, and excellence.', '',
  'Marseille', 'Marseille', 43.2961743, 5.3699525,
  'images/Capturedcran2026-03-04170042.png', '', 'https://lepresage.fr/wp/', '2026-03-04', 'published', 1, '2026-03-04 15:29:25', '2026-03-04 15:29:25'
);
INSERT INTO cartel_categories (cartel_id, category_id) VALUES ('1772640075826', 'agriculture');
INSERT INTO cartel_categories (cartel_id, category_id) VALUES ('1772640075826', 'solaire');

INSERT INTO cartels (id, titre, titre_en, annee, description, description_en, exhume_par, location, location_en, lat, lng, image_path, image_credit, url_qr, date, status, visible, created_at, updated_at) VALUES (
  '1772722621286', 'convention citoyenne sur la reconnaissance juridique de la Seine', 'Citizens'' convention on the legal recognition of the Seine', '2025',
  'Entre avril et mai 2025, la ville de Paris a organisé une convention citoyenne pour décider si une proposition de loi devait être déposée pour doter la Seine d’une personnalité juridique. L’objectif est, pour les grandes villes riveraines comme Paris et Rouen, double. Cette reconnaissance pourrait permettre de mieux protéger le fleuve face à des entreprises qui le polluent et de mieux intégrer les collectivités territoriales et les habitants vivant à proximité du fleuve dans les réflexions. C’est l’Etat qui, aujourd’hui, est responsable de la protection de la Seine, laissant assez peu de poids aux collectivités territoriales. La convention de Paris a finalement statué pour la déposition d’une proposition de loi, déposée en 2026. ', 'Between April and May 2025, the city of Paris organized a citizens'' convention to decide whether a bill should be introduced to give the Seine legal personality. The objective is twofold for large riverside cities such as Paris and Rouen. This recognition could make it possible to better protect the river from companies that pollute it and to better integrate local authorities and residents living near the river into the discussions. Today, the state is responsible for protecting the Seine, leaving local authorities with little influence. The Paris convention finally ruled in favor of submitting a bill, which was tabled in 2026. ', 'Anastasia Guéguen',
  'Paris', 'Paris', 48.8534951, 2.3483915,
  'images/Panorama_of_the_Seine_from_the_le_Saint-Louis_2.jpg', 'La Seine depuis l''île Saint-Louis, Paris, 17/07/22, DiscoA340, Wikimedia Commons. https://commons.wikimedia.org/wiki/File:Panorama_of_the_Seine_from_the_%C3%8Ele_Saint-Louis_2.jpg', 'https://www.leclubdesjuristes.com/opinion/loctroi-de-la-personnalite-juridique-a-la-seine-utile-ou-pas-11200/', '2026-03-05', 'published', 1, CURRENT_TIMESTAMP, CURRENT_TIMESTAMP
);
INSERT INTO cartel_categories (cartel_id, category_id) VALUES ('1772722621286', 'h2o');
INSERT INTO cartel_categories (cartel_id, category_id) VALUES ('1772722621286', 'gouvernance-de-leau');
INSERT INTO cartel_categories (cartel_id, category_id) VALUES ('1772722621286', 'politique-publique');

INSERT INTO cartels (id, titre, titre_en, annee, description, description_en, exhume_par, location, location_en, lat, lng, image_path, image_credit, url_qr, date, status, visible, created_at, updated_at) VALUES (
  '1772722831526', 'Minealithe', 'Minealithe', '2023',
  'Minealithe est une entreprise qui, après des années de recherche, a mis au point un procédé pour réaliser des pierres moulées à froid et à pression ambiante. En mélangeant du sable, de l’eau et un liant développé par l’entreprise, un matériel pouvant être utilisé pour la construction ou la décoration d’intérieur et qui a des caractéristiques proches du ciment peut être créé. La matière ainsi formée a une empreinte carbone faible, l’absence de cuisson permettant des économies d’énergie. L’eau utilisée n’a pas besoin d’être douce, de l’eau de mer convient parfaitement. Ce matériel est également 100% recyclable. ', 'Minealithe is a company that, after years of research, has developed a process for producing cold-molded stones at ambient pressure. By mixing sand, water, and a binder developed by the company, a material can be created that can be used for construction or interior decoration and has characteristics similar to cement. The material thus formed has a low carbon footprint, as the absence of firing saves energy. The water used does not need to be soft; seawater is perfectly suitable. This material is also 100% recyclable. ', 'François Waendendries',
  'France', 'France', 46.603354, 1.8883335,
  'images/copie-0-Minehalite-7.jpg', 'Pierre sculptées par Minealithe, Marie-Line Waroude, https://www.lagazettefrance.fr/article/minealithe-fabrique-des-pierres-par-voie-liquide.', 'https://www.lagazettefrance.fr/article/minealithe-fabrique-des-pierres-par-voie-liquide', '2026-03-05', 'published', 1, '2026-03-05 15:00:31', '2026-03-05 15:00:31'
);
INSERT INTO cartel_categories (cartel_id, category_id) VALUES ('1772722831526', 'construction');

INSERT INTO cartels (id, titre, titre_en, annee, description, description_en, exhume_par, location, location_en, lat, lng, image_path, image_credit, url_qr, date, status, visible, created_at, updated_at) VALUES (
  '1772722878460', 'Lancement du PIREN-Seine', 'Launch of PIREN-Seine', '1989',
  'Le Programme Interdisciplinaire de Recherche sur l’Environnement (PIREN) pour le bassin versant de la Seine a été lancé en 1989. Il s’agit d’un programme scientifique interdisciplinaire qui vise à mieux comprendre le fonctionnement du réseau hydrologique de la Seine, de son bassin versant et de la société humaine qui y habite. Il rassemble des chercheurs dans toute la France qui étudient plusieurs axes de recherche tels que l’évolution de la qualité des eaux ou les effets de l’agriculture sur l’eau et les milieux aquatiques. Aujourd’hui, et depuis les années 2010, le PIREN-Seine consacre une partie de ses ressources à envisager des adaptations du bassin aux effets du changement climatique. ', 'The Interdisciplinary Environmental Research Program (PIREN) for the Seine River Basin was launched in 1989. It is an interdisciplinary scientific program that aims to better understand the functioning of the Seine''s hydrological network, its watershed, and the human society that inhabits it. It brings together researchers from all over France who are studying several areas of research, such as changes in water quality and the effects of agriculture on water and aquatic environments. Today, and since the 2010s, PIREN-Seine has been devoting part of its resources to considering ways in which the basin can adapt to the effects of climate change. ', 'Bureau Eau dans la Ville 93',
  'France', 'France', 46.603354, 1.8883335,
  'images/WhatsAppImage2026-03-04at15.05.38.jpg', 'Mesures GPS sur le ruisseau des Avenelles dans la cadre d''un programme PIREN-Seine, 2025. ', 'https://www.piren-seine.fr/sites/default/files/piren_documents/fiches_4_pages/fiche_piren_seine_maj_2025_2305.pdf', '2026-03-05', 'published', 1, CURRENT_TIMESTAMP, CURRENT_TIMESTAMP
);
INSERT INTO cartel_categories (cartel_id, category_id) VALUES ('1772722878460', 'h2o');

INSERT INTO cartels (id, titre, titre_en, annee, description, description_en, exhume_par, location, location_en, lat, lng, image_path, image_credit, url_qr, date, status, visible, created_at, updated_at) VALUES (
  '1772723299485', 'Water calling, Isabelle Daëron', 'Water calling, Isabelle Daëron (Proposition)', '2023',
  'En 2023, la designer Isabelle Daëron publie Water calling, un livre sur les eaux souterraines à Kyoto menée en collaboration avec c Yoshiko Nagai, commissaire d’exposition. Les eaux souterraines sous la ville représentent un volume très important. Isabelle Daëron interroge le rapport entre cette eau et les êtres humains et son exploitation dans le milieu urbain. Le livre est composé de 20 illustrations, chacune associée à une onomatopée japonaise faisant référence à l’eau. \n', 'In 2023, designer Isabelle Daëron published Water Calling, a book about groundwater in Kyoto, in collaboration with exhibition curator Yoshiko Nagai. The city has a very large volume of groundwater beneath it. Isabelle Daëron explores the relationship between this water and human beings, and its use in urban environments. The book consists of 20 illustrations, each associated with a Japanese onomatopoeia referring to water. ', 'Cédric Carles',
  '', '', NULL, NULL,
  'images/water_calling_daeron.png', 'Water calling, https://www.leclubdesjuristes.com/opinion/loctroi-de-la-personnalite-juridique-a-la-seine-utile-ou-pas-11200/', 'https://cahiercentral.com/products/water-calling-isabelle-daeron', '2026-03-05', 'published', 1, '2026-03-05 15:07:17', '2026-03-05 15:07:17'
);
INSERT INTO cartel_categories (cartel_id, category_id) VALUES ('1772723299485', 'h2o');
INSERT INTO cartel_categories (cartel_id, category_id) VALUES ('1772723299485', 'imaginaire');

INSERT INTO cartels (id, titre, titre_en, annee, description, description_en, exhume_par, location, location_en, lat, lng, image_path, image_credit, url_qr, date, status, visible, created_at, updated_at) VALUES (
  '1772790229542', 'Maison de la famille Bel', 'Bel Family Home', '2006-2008',
  'Entre 2006 et 2008, Emmanuel et Christine se sont lancés dans la construction d’une maison écologique à Meulan, dans les Yvelines. La maison a été construite en suivant les principes du bioclimatisme. On retrouve peu d’ouvertures au nord, mais de grandes fenêtres au sud, avec une serre qui permet de capturer l’énergie solaire et de redistribuer la chaleur au reste de la maison. La maison est construite avec une ossature en bois et isolée avec des matériaux écologiques (chanvre notamment). En ce qui concerne la consommation en eau, c’est l’eau de pluie qui alimente la salle de bain et la cuisine. L’eau qui ruisselle sur le toit est stockée dans une cuve de 6000 litres puis passe par plusieurs filtres pour la rendre potable. Enfin, cette eau est traitée par un système de phyto-épuration, c’est-à-dire que ce sont les plantes qui filtrent les eaux usées. \n', 'Between 2006 and 2008, Emmanuel and Christine embarked on the construction of an eco-friendly house in Meulan, in the Yvelines department. The house was built according to bioclimatic principles. There are few openings on the north side, but large windows on the south side, with a greenhouse that captures solar energy and redistributes heat to the rest of the house. The house is built with a wooden frame and insulated with eco-friendly materials (including hemp). In terms of water consumption, rainwater is used to supply the bathroom and kitchen. The water that runs off the roof is stored in a 6,000-liter tank and then passes through several filters to make it drinkable. Finally, this water is treated by a phytopurification system, which means that plants filter the wastewater. ', 'Anastasia Guéguen',
  'Meulan', 'I''m sorry', 49.0049712, 1.9100835,
  'images/maison_famille_bel.png', 'Maison de la famille Bel, Elisabeth Gardet, Le Parisien, https://www.leparisien.fr/yvelines-78/meulan-depuis-dix-ans-ils-vivent-dans-une-maison-ecolo-faite-maison-10-07-2018-7814631.php', 'https://boutique.lamaisonecologique.com/produit/collector-eau-2024', '2026-03-06', 'published', 1, CURRENT_TIMESTAMP, CURRENT_TIMESTAMP
);
INSERT INTO cartel_categories (cartel_id, category_id) VALUES ('1772790229542', 'h2o');
INSERT INTO cartel_categories (cartel_id, category_id) VALUES ('1772790229542', 'isolation-thermique');
INSERT INTO cartel_categories (cartel_id, category_id) VALUES ('1772790229542', 'conservation-de-lenergie');
INSERT INTO cartel_categories (cartel_id, category_id) VALUES ('1772790229542', 'construction');

INSERT INTO cartels (id, titre, titre_en, annee, description, description_en, exhume_par, location, location_en, lat, lng, image_path, image_credit, url_qr, date, status, visible, created_at, updated_at) VALUES (
  '1773130713309', 'La ga(r)zette de la Mission Val de Loire', 'The Mission Val de Loire newsletter', '2023',
  'La Mission Val de Loire est l’organisme chargé de la valorisation du fleuve Loire, inscrit au patrimoine mondial de l’UNESCO. Elle publie la ga(r)zette, un journal qui se déplie comme une carte et qui comprend des articles, interviews, éditos et un poster réalisé par un illustrateur ou une illustratrice. Le troisième numéro, intitulé “Loire sentinelle. Remonter aux sources”, invite le lecteur à s’interroger sur les sources, les îles, l’estuaire au encore les polluants. Ces journaux ont vocation à sensibiliser les lecteurs sur le patrimoine naturel formé par la Loire, son devenir ou encore sa protection. \n', 'Mission Val de Loire is the organization responsible for promoting the Loire River, a UNESCO World Heritage Site. It publishes La Ga(r)zette, a newspaper that unfolds like a map and includes articles, interviews, editorials, and a poster created by an illustrator. The third issue, entitled "Loire sentinelle. Remonter aux sources" (Loire sentinel. Back to the sources), invites readers to reflect on the river''s sources, islands, estuary and pollutants. These newspapers aim to raise readers'' awareness of the natural heritage formed by the Loire, its future and its protection. ', 'Anastasia Guéguen',
  'Val de Loire', 'Loire Valley', 47.4492772, -0.349549,
  'images/lagarzette.jpg', 'N°03 de la ga(r)zette, Mission Val de Loire, https://valdeloire.org/lagarzette', 'https://valdeloire.org/lagarzette', '2026-03-10', 'published', 1, CURRENT_TIMESTAMP, CURRENT_TIMESTAMP
);
INSERT INTO cartel_categories (cartel_id, category_id) VALUES ('1773130713309', 'imaginaire');
INSERT INTO cartel_categories (cartel_id, category_id) VALUES ('1773130713309', 'h2o');

INSERT INTO cartels (id, titre, titre_en, annee, description, description_en, exhume_par, location, location_en, lat, lng, image_path, image_credit, url_qr, date, status, visible, created_at, updated_at) VALUES (
  '1773130723504', 'CAMPAGNE DE PUB SUR LES PIEDS', 'ADVERTISING CAMPAIGN ON FEET', '2022',
  'En mai 2021, Bruxelles Mobilité lance pour la première fois une campagne de promotion de la marche à l’attention du grand public : Les Pieds.“Les pieds : disponibles 24h/24 en bas de vos chevilles… batterie très longue durée… une technologie du passé, pensée pour le futur… 100% naturel, produit localement” : dans cette campagne pleine de seconds degrés, Bruxelles Mobilité entend sensibiliser de manière décalée à la mobilité piétonne. Avec 37% des trajets effectués à pied, la marche est le premier moyen de déplacement à Bruxelles. Depuis quelques années, de nouvelles solutions de mobilité sont apparues à Bruxelles pour effectuer de petits trajets : trottinettes, scooters électriques et vélos partagés. Pourtant, la marche reste, à bien des égards, le mode de déplacement le plus efficace, le plus fiable et le plus durable pour parcourir de courtes distances. Bonne pour la santé, pour l’environnement, mais aussi pour la convivialité de la ville, la marche est prise en compte dans les travaux de rénovation notamment au niveau du confort des infrastructures piétonnes et de l’accessibilité de l’espace public.', 'In May 2021, Brussels Mobility is launching its first campaign to promote walking to the general public: Les Pieds (The Feet). "The feet: available 24 hours a day at the bottom of your ankles... very long battery life... technology from the past, designed for the future... 100% natural, locally produced": in this tongue-in-cheek campaign, Brussels Mobility aims to raise awareness of pedestrian mobility in an offbeat way. With 37% of journeys made on foot, walking is the primary means of transportation in Brussels. In recent years, new mobility solutions have emerged in Brussels for short journeys: scooters, electric scooters, and shared bicycles. However, walking remains, in many ways, the most efficient, reliable, and sustainable way to travel short distances. Good for your health, the environment, and the city''s livability, walking is taken into account in renovation work, particularly in terms of the comfort of pedestrian infrastructure and the accessibility of public spaces.', 'Cédric Carles',
  'Bruxelles', 'Brussels', 50.8551025, 4.3510915,
  'images/Capturedcran2026-03-06152742.png', '', '', '2026-03-10', 'published', 1, CURRENT_TIMESTAMP, CURRENT_TIMESTAMP
);
INSERT INTO cartel_categories (cartel_id, category_id) VALUES ('1773130723504', 'mecanique');

INSERT INTO cartels (id, titre, titre_en, annee, description, description_en, exhume_par, location, location_en, lat, lng, image_path, image_credit, url_qr, date, status, visible, created_at, updated_at) VALUES (
  '1773130732998', 'GESTION ALTERNATIVE DES EAUX PLUVIALES', 'ALTERNATIVE RAINWATER MANAGEMENT', '2022',
  'La politique du « tout-tuyau » issue du mouvement hygiéniste du XIXe siècle, qui a conduit à la création de canalisations afin d’évacuer l’eau vers aval, montre aujourd’hui ses limites. La saturation des réseaux due à l’extension de l’urbanisation provoque des risques d’inondation ou encore de pollution du milieu récepteur. \n\nL’adoption d’une gestion alternative des eaux pluviales peut permettre d’apporter des solutions à ces problématiques et même favoriser, en surface, le développement de la biodiversité, grâce à des aménagements parfois très simples. Parmi ces aménagements on peut citer la chaussée à structure réservoir, la tranchée drainante, la noue, le puits d’infiltration, les bassins, les revêtements perméables, la toiture verte, l’espace vert inondable, la récupération et l’utilisation des eaux pluviales. Si la mise en place de ces techniques se développe aujourd’hui, celle-ci reste encore trop légère, du fait d’un manque de connaissances et de pratiques.', 'The "all-pipe" policy that emerged from the 19th-century hygiene movement, which led to the creation of pipes to carry water downstream, is now showing its limitations. The saturation of networks due to urban expansion is causing risks of flooding and pollution of the receiving environment. \n\nThe adoption of alternative stormwater management can provide solutions to these problems and even promote the development of biodiversity on the surface, thanks to sometimes very simple measures. These measures include reservoir-structured pavements, drainage trenches, swales, infiltration wells, basins, permeable surfaces, green roofs, floodable green spaces, and rainwater harvesting and reuse. Although the implementation of these techniques is growing today, it is still too limited due to a lack of knowledge and practice.', 'Anna Perroux',
  '', '', NULL, NULL,
  'images/Capturedcran2026-03-06152941.png', '', '', '2026-03-10', 'published', 1, CURRENT_TIMESTAMP, CURRENT_TIMESTAMP
);
INSERT INTO cartel_categories (cartel_id, category_id) VALUES ('1773130732998', 'h2o');

INSERT INTO cartels (id, titre, titre_en, annee, description, description_en, exhume_par, location, location_en, lat, lng, image_path, image_credit, url_qr, date, status, visible, created_at, updated_at) VALUES (
  '1773130742367', 'RÉNOVER PLUTÔT QUE DÉTRUIRE', 'RENOVATE RATHER THAN DEMOLISH', '2022',
  'La France produit chaque année 325 millions de tonnes de déchets et 70% de ces déchets sont issus du secteur du bâtiment, soit 228 millions de tonnes. Plus de 90% de ces déchets sont inertes (gravats, terre non polluée, béton, brique, tuile, etc.) et souvent considérés comme "valorisés" en sous-couches routières et en remblais de carrière. Cependant la part de déchets du second œuvre (bois, plâtre, verre, isolants…) reste extrêmement importante. Ceux-ci sont d’ailleurs principalement visés par les obligations légales parues le 1er juillet 2021, destinées à éradiquer les décharges sauvages. Les professionnels devront faire figurer dans leurs devis un poste déchets et se procurer un bordereau attestant de leur dépôt dans une décharge autorisée sinon ils feront face à de lourdes sanctions. \n\nMais l’enjeu est beaucoup plus large, le taux de recyclage de certains produits utilisés dans le bâtiment doit aussi être amélioré. Il y a des matériaux qu’on continue à enfouir alors que l’on sait les recycler, par exemple, les plaques de plâtre ont un taux de recyclage de seulement 15% et le verre plat, uniquement de quelques pourcents. Il y a urgence, dans le secteur du bâtiment, d’envisager la démolition uniquement comme ultime recours, de réemployer les matériaux massivement et de réaliser des constructions frugales. ', 'France produces 325 million tons of waste every year, 70% of which comes from the construction sector, representing 228 million tons. Over 90% of this waste is inert (rubble, uncontaminated soil, concrete, brick, tiles, etc.) and is often considered "recycled" in road sub-bases and quarry backfills. However, the proportion of waste from finishing work (wood, plaster, glass, insulation, etc.) remains extremely high. This waste is mainly targeted by the legal obligations published on July 1, 2021, which are intended to eradicate illegal dumping. Professionals will have to include a waste item in their estimates and obtain a receipt certifying that they have deposited it in an authorized landfill, otherwise they will face heavy penalties. But the issue is much broader: the recycling rate of certain products used in construction must also be improved. There are materials that we continue to bury even though we know how to recycle them. For example, plasterboard has a recycling rate of only 15% and flat glass only a few percent. There is an urgent need in the construction sector to consider demolition only as a last resort, to reuse materials on a massive scale, and to build frugally. ', 'Cédric Carles',
  'France', 'France', 46.603354, 1.8883335,
  'images/Capturedcran2026-03-06153139.png', '', '', '2026-03-10', 'published', 1, '2026-03-12 12:57:17', '2026-03-12 12:57:17'
);
INSERT INTO cartel_categories (cartel_id, category_id) VALUES ('1773130742367', 'gestion-des-dechets');
INSERT INTO cartel_categories (cartel_id, category_id) VALUES ('1773130742367', 'construction');

INSERT INTO cartels (id, titre, titre_en, annee, description, description_en, exhume_par, location, location_en, lat, lng, image_path, image_credit, url_qr, date, status, visible, created_at, updated_at) VALUES (
  '1773130752653', 'L’URBANISME TRANSITOIRE', 'TRANSITIONAL URBAN PLANNING', '2022',
  'Depuis la fin des années 2000, on a vu apparaître progressivement, sur tout le territoire, le phénomène de vacance immobilière, c’est-à-dire l’inoccupation de bâtiments par cessation d’activité. Ce phénomène a fortement augmenté depuis le début de la crise sanitaire notamment avec le développement du télétravail. La première conséquence est économique, elle se traduit par des pertes de revenus pour les propriétaires. La vacance joue aussi un rôle négatif sur l’image et l’attractivité des quartiers ainsi que sur leur cadre de vie. Le manque d’entretien engendré conduit à une détérioration progressive du bâti. Face à ce phénomène, l’une des interventions les plus répandues est le renouvellement urbain : la démolition massive de vastes sites désaffectés en vue de leurs reconversions. Mais ce n’est plus une réponse adaptée, notamment à cause de la vacance disséminée dans des ensembles urbains encore en fonctionnement.\n\nL’urbanisme transitoire, développé récemment, est une solution dans la réactivation de ces sites inoccupés. Il vise à la réutilisation, de manière temporaire, d’un espace en attente d’un projet de requalification, par des associations, des entreprises d’économie sociale et solidaire, des organisateurs d’événements artistiques et festifs, qui bénéficient ainsi de loyers peu élevés. Les exemples se sont multipliés au cours des dernières années, dont le plus emblématique est celui des Grands Voisins, à Paris, sur le site de l’hôpital Saint-Vincent-de-Paul.', 'Since the late 2000s, we have seen a gradual increase in property vacancy rates across the country, i.e., buildings left unoccupied due to the cessation of business activity. This phenomenon has increased significantly since the start of the health crisis, particularly with the rise of remote working. The first consequence is economic, resulting in loss of income for property owners. Vacancies also have a negative impact on the image and attractiveness of neighborhoods, as well as on their living environment. The resulting lack of maintenance leads to the gradual deterioration of the buildings. One of the most common responses to this phenomenon is urban renewal: the large-scale demolition of vast disused sites with a view to their conversion. However, this is no longer an appropriate response, particularly because of the scattered vacancy in urban areas that are still in use.\n\nTransitional urban planning, developed recently, is one solution for reactivating these unoccupied sites. It aims to temporarily reuse spaces awaiting redevelopment projects by associations, social and solidarity economy enterprises, and organizers of artistic and festive events, who thus benefit from low rents. There have been many examples of this in recent years, the most emblematic being Les Grands Voisins in Paris, on the site of the Saint-Vincent-de-Paul hospital.', 'Cédric Carles',
  '', '', NULL, NULL,
  'images/Capturedcran2026-03-06153414.png', '', '', '2026-03-10', 'published', 1, CURRENT_TIMESTAMP, CURRENT_TIMESTAMP
);
INSERT INTO cartel_categories (cartel_id, category_id) VALUES ('1773130752653', 'construction');

INSERT INTO cartels (id, titre, titre_en, annee, description, description_en, exhume_par, location, location_en, lat, lng, image_path, image_credit, url_qr, date, status, visible, created_at, updated_at) VALUES (
  '1773130765101', 'ARCHITECTURE BIOCLIMATIQUE', 'BIOCLIMATIC ARCHITECTURE', '2022',
  'L''architecture bioclimatique est une discipline de l''architecture dont l''objectif est de tirer parti des conditions d''un site et de son environnement. Cette architecture s''adapte aux caractéristiques et particularités propres au lieu d''implantation: son climat, son microclimat, sa géographie et sa géomorphologie. Ceci dans le but d''améliorer le confort et l''efficacité énergétique du bâtiment. L''architecture bioclimatique fait appel à des stratégies, techniques et constructions simples qui permettent de chauffer, rafraîchir, ventiler l''intérieur d''une construction\n\nObjectif : conception de bâtiment passif\nexemple Bâtiment 2226 de l''agence BAUMSCHLAGER EBERLE', 'Bioclimatic architecture is a discipline of architecture that aims to take advantage of the conditions of a site and its environment. This type of architecture adapts to the characteristics and specific features of the location: its climate, microclimate, geography, and geomorphology. The goal is to improve the comfort and energy efficiency of the building. Bioclimatic architecture uses simple strategies, techniques, and constructions to heat, cool, and ventilate the interior of a building. Objective: passive building design example Building 2226 by the BAUMSCHLAGER EBERLE agency', 'Alexandre Lecointre',
  '', '', NULL, NULL,
  'images/Capturedcran2026-03-06154202.png', 'Bâtiment 2226 de l''agence BAUMSCHLAGER EBERLE', 'https://www.batiactu.com/edito/batiment-2226-41015.php', '2026-03-10', 'published', 1, '2026-04-03 09:15:34', '2026-04-03 09:15:34'
);
INSERT INTO cartel_categories (cartel_id, category_id) VALUES ('1773130765101', 'construction');

INSERT INTO cartels (id, titre, titre_en, annee, description, description_en, exhume_par, location, location_en, lat, lng, image_path, image_credit, url_qr, date, status, visible, created_at, updated_at) VALUES (
  '1773130852305', 'Rendre les cultures plus résistantes à la sécheresse', 'Making crops more drought-resistant', 'XXI siècle',
  'Dans un contexte de changement climatique, des recherches en génétique sont menées pour essayer de rendre les cultures plus résistantes aux sécheresses. Par exemple, en 2020, deux nouvelles variétés de niébé, plante riche en protéines, ont été distribuées à 800 agriculteurs zambiens avec le soutien de l''Organisation des Nations unies pour l’Alimentation et l’agriculture et de l’Agence internationale de l''énergie atomique. Ces deux variétés, nommées Lunkhwakwa et Lukusuzi, ont été créées par irradiation, ce qui a pour effet d''accélérer le processus naturel de mutation génétique. Les plantes vont mûrir plus vite et donc nécessiter moins d’eau et être plus résistantes à la sécheresse. Ces variétés sont également plus résistantes aux maladies. ', 'In the context of climate change, genetic research is being conducted to try to make crops more resistant to drought. For example, in 2020, two new varieties of cowpea, a protein-rich plant, were distributed to 800 Zambian farmers with the support of the Food and Agriculture Organization of the United Nations and the International Atomic Energy Agency. These two varieties, named Lunkhwakwa and Lukusuzi, were created through irradiation, which accelerates the natural process of genetic mutation. The plants will mature faster and therefore require less water and be more resistant to drought. These varieties are also more resistant to disease. ', 'Anastasia Guéguen',
  '', '', NULL, NULL,
  'images/Image_6_-_Rcolte_du_nib_dans_le_champs_scolaire_OBDAGA.jpg', 'Champ de niébé au Burkina Faso, 19/04/22, Fasouagadougou, Wikimedia Commons, https://commons.wikimedia.org/wiki/File:Image_6_-_R%C3%A9colte_du_ni%C3%A9b%C3%A9_dans_le_champs_scolaire_OBDAGA.jpg', 'https://www.iaea.org/fr/newscenter/news/cultures-tolerantes-a-la-secheresse-lappui-de-laiea-et-de-la-fao-permet-a-la-zambie-daugmenter-sa-production-agricole-et-dameliorer-les-revenus-de-ses-agriculteurs', '2026-03-09', 'published', 1, '2026-03-09 14:34:42', '2026-03-09 14:34:42'
);
INSERT INTO cartel_categories (cartel_id, category_id) VALUES ('1773130852305', 'h2o');
INSERT INTO cartel_categories (cartel_id, category_id) VALUES ('1773130852305', 'agriculture');
INSERT INTO cartel_categories (cartel_id, category_id) VALUES ('1773130852305', 'conservation-alimentaire');

INSERT INTO cartels (id, titre, titre_en, annee, description, description_en, exhume_par, location, location_en, lat, lng, image_path, image_credit, url_qr, date, status, visible, created_at, updated_at) VALUES (
  '1773134866777', ' Réutilisation de l’ ”eau de vache” dans l’industrie laitière', ' Reuse of "cow water" in the dairy industry', 'XXI siècle',
  'Le lait est constitué de près de 90% d’eau. Lorsque le lait est déshydraté et transformé en poudre pour divers usages, une partie de l’eau peut être récupérée. Cela permet de limiter la consommation en eau de l’usine. L’eau peut être utilisée pour laver les camions ou, après traitement, transféré dans les chaudières. L’usine de FrieslandCampina à Aalter (Belgique) utilise ce système depuis 2013, le groupe Nestlé l’a également mis en place dans certaines de ses usines, en commençant par celle de Lagos de Moreno au Mexique. En France l’usine Malo (Saint-Malo) a réduit de 10% sa consommation en eau depuis la mise en place du système en 2019. Les possibilités de réutilisation de cette eau sont définies dans un décret de 2024. \n', 'Milk consists of nearly 90% water. When milk is dehydrated and processed into powder for various uses, some of the water can be recovered. This helps to limit the factory''s water consumption. The water can be used to wash trucks or, after treatment, transferred to boilers. The FrieslandCampina factory in Aalter (Belgium) has been using this system since 2013, and the Nestlé group has also implemented it in some of its factories, starting with the one in Lagos de Moreno, Mexico. In France, the Malo plant (Saint-Malo) has reduced its water consumption by 10% since the system was introduced in 2019. The possibilities for reusing this water are defined in a 2024 decree. ', 'Anastasia Guéguen',
  '', '', NULL, NULL,
  'images/FrieslandCampina_in_Aalter_in_2012-02.jpg', 'Usine FrieslandCampina à Aalter, 25/06/12, Spotter2, Wikimedia Commons, https://commons.wikimedia.org/wiki/File:FrieslandCampina_in_Aalter_in_2012-02.jpg', 'https://www.abcbourse.com/marches/dans-les-laiteries-reutiliser-l-eau-de-vache-pour-moins-pomper-dans-le-reseau_639649', '2026-03-09', 'published', 1, '2026-03-09 16:12:03', '2026-03-09 16:12:03'
);
INSERT INTO cartel_categories (cartel_id, category_id) VALUES ('1773134866777', 'h2o');

INSERT INTO cartels (id, titre, titre_en, annee, description, description_en, exhume_par, location, location_en, lat, lng, image_path, image_credit, url_qr, date, status, visible, created_at, updated_at) VALUES (
  '1773154227590', 'Récupération de l’eau de betterave à Bazancourt', 'Beet water recovery in Bazancourt', '2009',
  'Le groupe Cristal Union est parmi les premiers producteurs de sucre, bioéthanol et alcool en Europe. Depuis 2009, dans leur usine de Bazancourt (Marne), l’eau récupérée lors de la transformation des betteraves est captée puis utilisée dans l’usine. Lors de la production, deux postes sont particulièrement gourmands en eau : le nettoyage des betteraves et l’extraction du sucre. Aujourd’hui, 100 % de l’eau récupérée dans les betteraves, qui en contiennent 70 %, est réutilisée. Ainsi, Cristal Union Bazancourt n’utilise aujourd’hui plus d’eau de forage pour ces activités. Une fois la campagne betteravière terminée, l’eau excédentaire est stockée dans des bassins à proximité de l’usine et sert aux agriculteurs pour irriguer leurs champs, dans une zone fréquemment confrontée aux problématiques de stress hydrique. \n', 'The Cristal Union group is one of Europe''s leading producers of sugar, bioethanol, and alcohol. Since 2009, at their plant in Bazancourt (Marne), water recovered during beet processing has been collected and reused in the plant. During production, two stages are particularly water-intensive: cleaning the beets and extracting the sugar. Today, 100% of the water recovered from the beets, which contain 70% water, is reused. As a result, Cristal Union Bazancourt no longer uses borehole water for these activities. Once the beet harvest is complete, the excess water is stored in basins near the factory and used by farmers to irrigate their fields in an area that frequently faces water stress issues. ', 'Anastasia Guéguen',
  'Bazancourt', 'Bazancourt', 49.5536604, 1.7356494,
  'images/Kalkar_Zuckerrben_PM171014_06.jpg', 'Betterave sucrière, 14/10/17, Pieter Deliccat, Wikimedia Commons, https://commons.wikimedia.org/wiki/File:Kalkar_Zuckerr%C3%BCben_PM171014_06.jpg', 'https://elementsindustriels.fr/economie-circulaire-utiliser-leau-de-pressage-des-betteraves-un-choix-gagnant-gagnant/', '2026-03-10', 'published', 1, '2026-03-10 11:06:49', '2026-03-10 11:06:49'
);
INSERT INTO cartel_categories (cartel_id, category_id) VALUES ('1773154227590', 'h2o');
INSERT INTO cartel_categories (cartel_id, category_id) VALUES ('1773154227590', 'agriculture');

INSERT INTO cartels (id, titre, titre_en, annee, description, description_en, exhume_par, location, location_en, lat, lng, image_path, image_credit, url_qr, date, status, visible, created_at, updated_at) VALUES (
  '1773154258552', 'L''arrosage au goutte-à-goutte', 'Drip irrigation', '1959',
  'Dès 1860, en Allemagne, se développe les premiers systèmes d’irrigation au goutte-à-goutte à partir de tuyaux d’argile. C’est, cependant, dans les années 1950 et 1960 que se développe le système de goutte-à-goutte moderne, avec des tuyaux percés. L’ingénieur Simcha Blass et son fils Yeshayahu mettent au point une première version expérimentale en 1959. Le goutte-à-goutte a permis de réaliser des cultures dans des climats arides en économisant de l’eau par rapport aux méthodes d’irrigation traditionnelles. L’arrosage se fait sans tasser le sol et sans mouiller les feuilles, ce qui évite les infections fongiques. \n', 'In 1860, the first drip irrigation systems were developed in Germany using clay pipes. However, it was in the 1950s and 1960s that the modern drip system was developed, using perforated pipes. Engineer Simcha Blass and his son Yeshayahu developed an initial experimental version in 1959. Drip irrigation made it possible to grow crops in arid climates while saving water compared to traditional irrigation methods. Watering is done without compacting the soil or wetting the leaves, which prevents fungal infections. ', 'Anastasia Guéguen',
  '', '', NULL, NULL,
  'images/Thse-la-Romaine_Loir-et-Cher_53893037993.jpg', 'arrosage au goutte-à-goutte dans le Loir-et-Cher, 25/07/2024, Daniel Jolivet, Wikimedia Commons, https://commons.wikimedia.org/wiki/File:Th%C3%A9s%C3%A9e-la-Romaine_(Loir-et-Cher)_(53893037993).jpg', 'https://www.microdrips.com/fr/blogue/arrosage-goutte-a-goutte/micro-irrigation/', '2026-03-10', 'published', 1, CURRENT_TIMESTAMP, CURRENT_TIMESTAMP
);
INSERT INTO cartel_categories (cartel_id, category_id) VALUES ('1773154258552', 'h2o');
INSERT INTO cartel_categories (cartel_id, category_id) VALUES ('1773154258552', 'agriculture');
INSERT INTO cartel_categories (cartel_id, category_id) VALUES ('1773154258552', 'conservation-alimentaire');

INSERT INTO cartels (id, titre, titre_en, annee, description, description_en, exhume_par, location, location_en, lat, lng, image_path, image_credit, url_qr, date, status, visible, created_at, updated_at) VALUES (
  '1773409108315', 'Panier filtrant pour les eaux pluviales', 'Rainwater Filter Basket', '1990-2000',
  'Le panier filtrant est l’une des méthodes de filtration la plus simple à installer et à entretenir. Il fonctionne comme un filtre à café et empêche les impuretés d’être entraînées avec l’eau de pluie dans les cuves de récupération. Un panier filtrant peut être installé dans le regard d’une gouttière ou bien à l’entrée d’une cuve de récupération des eaux pluviales. Cela empêche l’accumulation de dépôts dans la cuve de récupération, facilitant son entretien. L’eau ainsi récupérée peut ensuite être utilisée dans le jardin, pour l’arrosage des plantes par exemple. ', 'A filter basket is one of the easiest filtration methods to install and maintain. It works like a coffee filter and prevents debris from being carried along with the rainwater into the collection tanks. A filter basket can be installed in a gutter outlet or at the inlet of a rainwater collection tank. This prevents the buildup of debris in the collection tank, making it easier to maintain. The collected water can then be used in the garden, for watering plants, for example. ', 'Anastasia Guéguen',
  '', '', NULL, NULL,
  'images/tout-savoir-filtres-recuperation-eau-pluie-panier-filtrant.jpg', 'Panier filtrant, https://lacentrale-eco.com/conseils/recuperer-eau-de-pluie/tout-savoir-filtres-recuperation-eau-pluie.html', 'https://lacentrale-eco.com/conseils/recuperer-eau-de-pluie/tout-savoir-filtres-recuperation-eau-pluie.html', '2026-03-13', 'published', 1, '2026-03-17 14:41:01', '2026-03-17 14:41:01'
);
INSERT INTO cartel_categories (cartel_id, category_id) VALUES ('1773409108315', 'h2o');

INSERT INTO cartels (id, titre, titre_en, annee, description, description_en, exhume_par, location, location_en, lat, lng, image_path, image_credit, url_qr, date, status, visible, created_at, updated_at) VALUES (
  '1773409138404', 'Eco-Trône: les toilettes sèches design', 'Eco-Trône: Stylish Dry Toilets', '2009',
  'Eco-trône est une marque de toilettes sèches 100% recyclables, 100% personnalisables et design. Les toilettes sont disponibles dans différents modèles, en carton à 60% recyclé ou encore en bois issus de forêts certifiées PEFC, avec toujours un saut en inox de 15 litres. L’acier inoxydable se caractérise par une grande résistance à la corrosion et une facilité d’entretien. L’installation de toilettes sèches permet d’économiser de l’eau, une toilette classique pouvant consommer 11 à 16 m3 par an et par personne. Les toilettes Eco-trône peuvent être installées pour quelques centaines d’euros. ', 'Eco-trône is a brand of dry toilets that are 100% recyclable, 100% customizable, and stylish. The toilets are available in various models, made from 60% recycled cardboard or wood sourced from PEFC-certified forests, and always feature a 15-liter stainless steel tank. Stainless steel is characterized by high corrosion resistance and ease of maintenance. Installing dry toilets saves water, as a conventional toilet can consume 11 to 16 cubic meters per year per person. Eco-trône toilets can be installed for a few hundred euros. ', 'Anastasia Guéguen',
  'France', 'France', NULL, NULL,
  'images/3ecotrones.jpg', 'Eco-trône, https://www.habibois.com/itw/ecotrone-toilettes-seches-carton.php', 'https://www.habibois.com/itw/ecotrone-toilettes-seches-carton.php', '2026-03-13', 'published', 1, CURRENT_TIMESTAMP, CURRENT_TIMESTAMP
);
INSERT INTO cartel_categories (cartel_id, category_id) VALUES ('1773409138404', 'h2o');

INSERT INTO cartels (id, titre, titre_en, annee, description, description_en, exhume_par, location, location_en, lat, lng, image_path, image_credit, url_qr, date, status, visible, created_at, updated_at) VALUES (
  '1773409166572', 'L''eliodomestico : un dessalinisateur solaire', 'The Eliodomestico: A Solar Desalination System', '2012',
  'Eliodomestico est un dessalinisateur solaire inventé par le designer italien Gabriele Diamanti. L’appareil est d’une conception assez simple, il est constitué de deux récipients superposés. Celui du dessus est rempli d’eau de mer et celui du dessous est laissé vide. Grâce à une exposition au soleil, l’eau s’évapore, mais pas le sel. La vapeur ainsi produite ne peut pas s’échapper dans l’atmosphère à cause d’un couvercle et est redirigée vers le récipient du bas grâce à un tuyau. L’eliodomestico est un système assez simple à reproduire soit même, d’autant que les plans sont en opensource (libres de droits). \n', 'Eliodomestico is a solar desalination device invented by Italian designer Gabriele Diamanti. The device has a fairly simple design, consisting of two stacked containers. The top one is filled with seawater, while the bottom one is left empty. When exposed to sunlight, the water evaporates, but the salt does not. The steam produced cannot escape into the atmosphere because of a lid and is redirected to the lower container via a tube. The Eliodomestico is a system that is fairly easy to build yourself, especially since the plans are open-source (royalty-free). ', 'Anastasia Guéguen',
  '', '', NULL, NULL,
  'images/eliodomestico.jpg', 'eliodomestico, eau-nature.fr, https://www.eau-nature.fr/leliodomestico-un-dessalinisateur-solaire-a-fabriquer-soi-meme/', 'https://www.eau-nature.fr/leliodomestico-un-dessalinisateur-solaire-a-fabriquer-soi-meme/', '2026-03-13', 'published', 1, CURRENT_TIMESTAMP, CURRENT_TIMESTAMP
);
INSERT INTO cartel_categories (cartel_id, category_id) VALUES ('1773409166572', 'h2o');
INSERT INTO cartel_categories (cartel_id, category_id) VALUES ('1773409166572', 'solaire');

INSERT INTO cartels (id, titre, titre_en, annee, description, description_en, exhume_par, location, location_en, lat, lng, image_path, image_credit, url_qr, date, status, visible, created_at, updated_at) VALUES (
  '1773409195482', 'Les urinoirs sans eau Ti''Pi', 'Ti''Pi Waterless Urinals', '2019',
  'L’entreprise Ves Bat Eco, implantée à Saint-Jean-de-Luz, commercialise des urinoirs sans eau, fabriquée en France en plastique recyclé et recyclable. Un système de valve breveté empêche la remontée d’odeur. Le modèle existe pour les hommes et les femmes et est relié à une cuve. Ce système sans chasse d’eau permet d’économiser 100 000 l d’eau par an et par urinoir. ', 'Ves Bat Eco, a company based in Saint-Jean-de-Luz, sells waterless urinals made in France from recycled and recyclable plastic. A patented valve system prevents odors from rising. The model is available for both men and women and is connected to a tank. This flushless system saves 100,000 liters of water per year per urinal. ', 'Anastasia Guéguen',
  '', '', NULL, NULL,
  'images/urinoirstipi.jpeg', 'Urinoirs du club de rugby de La Réole, Toopi Organics, https://www.20minutes.fr/bordeaux/2966667-20210201-gironde-urinoirs-eau-installes-stade-transformer-urine-engrais', 'https://tipi.eco/categorie-produit/produits/urinoir/', '2026-03-13', 'published', 1, CURRENT_TIMESTAMP, CURRENT_TIMESTAMP
);
INSERT INTO cartel_categories (cartel_id, category_id) VALUES ('1773409195482', 'h2o');

INSERT INTO cartels (id, titre, titre_en, annee, description, description_en, exhume_par, location, location_en, lat, lng, image_path, image_credit, url_qr, date, status, visible, created_at, updated_at) VALUES (
  '1773410021162', 'La douche cyclique Ilya', 'The Ilya Cyclic Shower', '2022',
  'La douche constitue le premier poste de consommation en eau du foyer, et le deuxième en énergie. Pour essayer d’économiser eau et électricité, Simon Buoro et Antoine Escande développent une douche cyclique, qui réutilise plusieurs fois la même eau. La douche d’Ilya permet à l’utilisateur de démarrer un mode cyclique, lorsque la phase de nettoyage est terminée, afin de pouvoir rester sous la douche pour se réchauffer et se détendre. L’eau est stockée dans un bac puis nettoyée avec un filtre et une lampe UV avant d’être réchauffée et renvoyée par le pommeau de douche. Cela permet d’économiser jusqu’à 70 % de l’eau et de l''électricité. En effet, renvoyer l’eau filtrée dans la douche dépense moins d''énergie que le ballon d’eau chaude en dépense pour la chauffer. Lors de la phase de nettoyage, la douche fonctionne de manière classique en évacuant l’eau sale. L’invention a été récompensée en 2024 par une médaille d’or au concours Lépine. ', 'The shower is the biggest source of water consumption in the home and the second-biggest source of energy consumption. To help save water and electricity, Simon Buoro and Antoine Escande are developing a recirculating shower that reuses the same water multiple times. Ilya’s shower allows the user to switch to a recirculating mode once the washing phase is complete, so they can stay in the shower to warm up and relax. The water is stored in a tank, then cleaned using a filter and a UV lamp before being heated and recirculated through the showerhead. This saves up to 70% on water and electricity. In fact, recirculating filtered water through the shower uses less energy than a hot water tank does to heat it. During the cleaning phase, the shower operates in the traditional manner, draining the dirty water. The invention was awarded a gold medal at the Lépine competition in 2024. ', 'Anastasia Guéguen',
  'France', 'France', 46.603354, 1.8883335,
  'images/doucheilya.jpg', 'Douche Ilya, https://bigmedia.bpifrance.fr/nos-actualites/la-douche-cyclique-dilya-economise-eau-et-electricite', 'https://bigmedia.bpifrance.fr/nos-actualites/la-douche-cyclique-dilya-economise-eau-et-electricite', '2026-03-13', 'published', 1, CURRENT_TIMESTAMP, CURRENT_TIMESTAMP
);
INSERT INTO cartel_categories (cartel_id, category_id) VALUES ('1773410021162', 'h2o');
INSERT INTO cartel_categories (cartel_id, category_id) VALUES ('1773410021162', 'electricite');

INSERT INTO cartels (id, titre, titre_en, annee, description, description_en, exhume_par, location, location_en, lat, lng, image_path, image_credit, url_qr, date, status, visible, created_at, updated_at) VALUES (
  '1773412023412', 'drinkpure', 'drinkpure', '2015',
  'DrinkPure est un embout qui peut se visser sur une bouteille en plastique ou une gourde afin de rendre l’eau potable. Il fonctionne à l’aide de trois filtres qui retiennent les polluants et les séparent de l’eau. L’invention est celle de Jeremy Nussbaumer, un étudiant suisse. L’outil, facile d’utilisation, est destiné principalement aux populations n’ayant pas accès à de l’eau potable. Vendu quelques dizaines d’euros, ce système peut permettre de faciliter la vie de nombreuses personnes. Il existe également un filtre DrinkPure adapté pour les robinets. ', 'DrinkPure is a filter cap that screws onto a plastic bottle or water bottle to make the water safe to drink. It works using three filters that trap pollutants and separate them from the water. The invention was created by Jeremy Nussbaumer, a Swiss student. The easy-to-use device is primarily intended for people who lack access to safe drinking water. Sold for a few dozen euros, this system has the potential to make life easier for many people. There is also a DrinkPure filter designed for use with faucets. ', 'Anastasia Guéguen',
  '', '', NULL, NULL,
  'images/DrinkPure-1.jpg.webp', 'Jeremy Nussbaumer utilisant DrinkPure, https://www.consoglobe.com/drinkpure-eau-potable-cg/2', 'https://www.consoglobe.com/drinkpure-eau-potable-cg/2', '2026-03-13', 'published', 1, CURRENT_TIMESTAMP, CURRENT_TIMESTAMP
);
INSERT INTO cartel_categories (cartel_id, category_id) VALUES ('1773412023412', 'h2o');
INSERT INTO cartel_categories (cartel_id, category_id) VALUES ('1773412023412', 'sante');

INSERT INTO cartels (id, titre, titre_en, annee, description, description_en, exhume_par, location, location_en, lat, lng, image_path, image_credit, url_qr, date, status, visible, created_at, updated_at) VALUES (
  '1773412035351', 'L''eliodomestico : un dessalinisateur solaire', 'The Eliodomestico: A Solar Desalination System', '2012',
  'Eliodomestico est un dessalinisateur solaire inventé par le designer italien Gabriele Diamanti. L’appareil est d’une conception assez simple, il est constitué de deux récipients superposés. Celui du dessus est rempli d’eau de mer et celui du dessous est laissé vide. Grâce à une exposition au soleil, l’eau s’évapore, mais pas le sel. La vapeur ainsi produite ne peut pas s’échapper dans l’atmosphère à cause d’un couvercle et est redirigée vers le récipient du bas grâce à un tuyau. L’eliodomestico est un système assez simple à reproduire soit même, d’autant que les plans sont en opensource (libres de droits). \n', 'Eliodomestico is a solar desalination device invented by Italian designer Gabriele Diamanti. The device has a fairly simple design, consisting of two stacked containers. The top one is filled with seawater, while the bottom one is left empty. When exposed to sunlight, the water evaporates, but the salt does not. The steam produced cannot escape into the atmosphere because of a lid and is redirected to the lower container via a tube. The Eliodomestico is a system that is fairly easy to build yourself, especially since the plans are open-source (royalty-free). ', 'Anastasia Guéguen',
  '', '', NULL, NULL,
  'images/eliodomestico.jpg', 'eliodomestico, eau-nature.fr, https://www.eau-nature.fr/leliodomestico-un-dessalinisateur-solaire-a-fabriquer-soi-meme/', 'https://www.eau-nature.fr/leliodomestico-un-dessalinisateur-solaire-a-fabriquer-soi-meme/', '2026-03-13', 'published', 1, CURRENT_TIMESTAMP, CURRENT_TIMESTAMP
);
INSERT INTO cartel_categories (cartel_id, category_id) VALUES ('1773412035351', 'h2o');
INSERT INTO cartel_categories (cartel_id, category_id) VALUES ('1773412035351', 'solaire');

INSERT INTO cartels (id, titre, titre_en, annee, description, description_en, exhume_par, location, location_en, lat, lng, image_path, image_credit, url_qr, date, status, visible, created_at, updated_at) VALUES (
  '1773412047609', 'Solvatten', 'Solvatten', '2006',
  'L’inventrice suédoise Petra Wadstrom a tenté, avec son invention, de s’attaquer au problème du manque d’alimentation en eau potable, qui touche plus de 2 milliards de personnes dans le monde. Pour purifier l’eau, beaucoup de personnes la font bouillir en utilisant comme combustible du bois ou du charbon. Cela crée des gaz à effet de serre et alimente la déforestation. Solvatten est un dispositif transportable qui permet de potabiliser l''eau avec l’énergie du soleil. L’invention se présente sous la forme d’un jerrican de 10 litres qui s’ouvre en deux pour augmenter la surface d’exposition au soleil. En deux à six heures, suivant l''ensoleillement, les micro-organismes sont tués et l’eau est rendue potable. Solvatten est aujourd’hui utilisé par plus de 200 000 personnes pour remplir leurs besoins en eau quotidiens. ', 'Swedish inventor Petra Wadstrom has sought, through her invention, to address the problem of the lack of access to clean drinking water, which affects more than 2 billion people worldwide. To purify water, many people boil it using wood or charcoal as fuel. This creates greenhouse gases and contributes to deforestation. Solvatten is a portable device that purifies water using solar energy. The invention takes the form of a 10-liter jerry can that opens in half to increase the surface area exposed to the sun. In two to six hours, depending on sunlight, microorganisms are killed and the water is made safe to drink. Solvatten is now used by more than 200,000 people to meet their daily water needs. ', 'Anastasia Guéguen',
  '', '', NULL, NULL,
  'images/Solvatten_unit.jpg', 'Solvatten, 27/06/14, Tmrl84, Wikimedia Commons, https://commons.wikimedia.org/wiki/File:Solvatten_unit.jpg', 'https://www.parisglobalforum.org/2018/12/12/solvatten-rend-leau-potable-grace-au-soleil/', '2026-03-13', 'published', 1, CURRENT_TIMESTAMP, CURRENT_TIMESTAMP
);
INSERT INTO cartel_categories (cartel_id, category_id) VALUES ('1773412047609', 'h2o');
INSERT INTO cartel_categories (cartel_id, category_id) VALUES ('1773412047609', 'solaire');

INSERT INTO cartels (id, titre, titre_en, annee, description, description_en, exhume_par, location, location_en, lat, lng, image_path, image_credit, url_qr, date, status, visible, created_at, updated_at) VALUES (
  '1773412063145', 'Le programme OCAPI', 'The OCAPI Program', '2014',
  'OCAPI (Organisation des cycles en azote et phosphore dans les territoires) est un programme de recherche-action porté par le Laboratoire Eau Environnement et systèmes urbains. Le programme s’intéresse particulièrement à la gestion des sécrétions humaines dans l’agriculture. En effet, l’urine peut être un engrais naturel efficace. L’une des solutions pour collecter cette urine est d’utiliser des toilettes à séparation, dans lesquelles les matières solides et liquides sont séparées. Des collectes d’urines ont, par exemple, été organisées à Clichy et Achères par le Syndicat Interdépartemental d’Assainissement de l’Agglomération Parisienne. ', 'OCAPI (Organization of Nitrogen and Phosphorus Cycles in Regions) is an action-research program led by the Water, Environment, and Urban Systems Laboratory. The program focuses specifically on the management of human waste in agriculture. Indeed, urine can be an effective natural fertilizer. One solution for collecting this urine is to use split-flush toilets, in which solid and liquid waste are separated. Urine collection initiatives have, for example, been organized in Clichy and Achères by the Interdepartmental Sanitation Authority of the Paris Metropolitan Area. ', 'Anastasia Guéguen',
  'France', 'France', 46.603354, 1.8883335,
  'images/Urine-diversion_dehydration_toilet_UDDT_Model_EcoDry_top_view_3330209129.jpg', 'Toilette à séparation, Wostman Ecology, Wikimedia Commons, https://commons.wikimedia.org/wiki/File:Urine-diversion_dehydration_toilet_(UDDT)_Model_EcoDry_top_view_(3330209129).jpg', 'https://www.eau-seine-normandie.fr/urine_ocapi_CC_decembre_2018', '2026-03-13', 'published', 1, CURRENT_TIMESTAMP, CURRENT_TIMESTAMP
);
INSERT INTO cartel_categories (cartel_id, category_id) VALUES ('1773412063145', 'h2o');

INSERT INTO cartels (id, titre, titre_en, annee, description, description_en, exhume_par, location, location_en, lat, lng, image_path, image_credit, url_qr, date, status, visible, created_at, updated_at) VALUES (
  '1773412074047', 'Eco-Trône: les toilettes sèches design', 'Eco-Trône: Stylish Dry Toilets', '2009',
  'Eco-trône est une marque de toilettes sèches 100% recyclables, 100% personnalisables et design. Les toilettes sont disponibles dans différents modèles, en carton à 60% recyclé ou encore en bois issus de forêts certifiées PEFC, avec toujours un saut en inox de 15 litres. L’acier inoxydable se caractérise par une grande résistance à la corrosion et une facilité d’entretien. L’installation de toilettes sèches permet d’économiser de l’eau, une toilette classique pouvant consommer 11 à 16 m3 par an et par personne. Les toilettes Eco-trône peuvent être installées pour quelques centaines d’euros. ', 'Eco-trône is a brand of dry toilets that are 100% recyclable, 100% customizable, and stylish. The toilets are available in various models, made from 60% recycled cardboard or wood sourced from PEFC-certified forests, and always feature a 15-liter stainless steel tank. Stainless steel is characterized by high corrosion resistance and ease of maintenance. Installing dry toilets saves water, as a conventional toilet can consume 11 to 16 cubic meters per year per person. Eco-trône toilets can be installed for a few hundred euros. ', 'Anastasia Guéguen',
  'France', 'France', NULL, NULL,
  'images/3ecotrones.jpg', 'Eco-trône, https://www.habibois.com/itw/ecotrone-toilettes-seches-carton.php', 'https://www.habibois.com/itw/ecotrone-toilettes-seches-carton.php', '2026-03-13', 'published', 1, CURRENT_TIMESTAMP, CURRENT_TIMESTAMP
);
INSERT INTO cartel_categories (cartel_id, category_id) VALUES ('1773412074047', 'h2o');

INSERT INTO cartels (id, titre, titre_en, annee, description, description_en, exhume_par, location, location_en, lat, lng, image_path, image_credit, url_qr, date, status, visible, created_at, updated_at) VALUES (
  '1773412085638', 'La maison autonome en eau de Dominique et Didier Prudon', 'Dominique and Didier Prudon''s Water-Self-Sufficient Home', '2012-2013',
  '\nEntre 2012 et 2013, Dominique et Didier Prudon ont aménagé leur propriété pour être autonomes en eau. L’eau qui ruisselle sur le toit est amenée vers des cuves de récupération, filtrée et réutilisée dans la maison et dans le jardin, où le couple cultive son potager agroécologique et en permaculture. La cuve de 18 m3 permet, quand elle est pleine, de couvrir 50 % de leurs besoins en eau annuels. Les eaux usées sont, quant à elles, traitées en phytoépuration (filtrées par les plantes). Le prix des travaux ? 11 656 euros. \n\n', '\nBetween 2012 and 2013, Dominique and Didier Prudon renovated their property to achieve water self-sufficiency. Rainwater running off the roof is channeled into collection tanks, filtered, and reused in the house and garden, where the couple tends their agroecological and permaculture vegetable garden. When full, the 18-cubic-meter tank covers 50% of their annual water needs. Wastewater, meanwhile, is treated through phytoremediation (filtered by plants). The cost of the work? 11,656 euros. ', 'Anastasia Guéguen',
  'Gers', 'Gers', 43.6955276, 0.4101019,
  'images/maisonprudon.jpg', 'Jardin de Dominique et Didier Prudon, 2019, La Depeche, https://www.ladepeche.fr/2019/06/07/le-verger-galadriel-ouvre-ses-portes-demain,8243396.php', 'https://boutique.lamaisonecologique.com/produit/collector-eau-2024', '2026-03-13', 'published', 1, CURRENT_TIMESTAMP, CURRENT_TIMESTAMP
);
INSERT INTO cartel_categories (cartel_id, category_id) VALUES ('1773412085638', 'h2o');

INSERT INTO cartels (id, titre, titre_en, annee, description, description_en, exhume_par, location, location_en, lat, lng, image_path, image_credit, url_qr, date, status, visible, created_at, updated_at) VALUES (
  '1773412106268', 'Filtre d''eau de pluie pour chute de gouttière', 'Rainwater Filter for Gutter Downspouts', 'XXI siècle',
  'Un filtre peut être intégré directement sur la gouttière. Dans le cadre d’un système de récupération des eaux pluviales, il permet de capter une eau sans trop d’impuretés. Un filtre peut être installé pour quelques centaines d’euros et s''entretien facilement, avec des contrôles mensuels de l''élément filtrant. \n', 'A filter can be installed directly on the gutter. As part of a rainwater harvesting system, it helps collect water with minimal impurities. A filter can be installed for a few hundred euros and is easy to maintain, requiring only monthly checks of the filter element. ', 'Anastasia Guéguen',
  '', '', NULL, NULL,
  'images/filtre-descente-de-gouttiere-gep-500-microns.webp', 'Filtre de descente de gouttière, https://www.celesto.fr/filtres-avant-cuve/23-filtre-descente-de-gouttiere-gep-500-microns.html', 'https://www.celesto.fr/filtres-avant-cuve/23-filtre-descente-de-gouttiere-gep-500-microns.html', '2026-03-13', 'published', 1, CURRENT_TIMESTAMP, CURRENT_TIMESTAMP
);
INSERT INTO cartel_categories (cartel_id, category_id) VALUES ('1773412106268', 'h2o');

INSERT INTO cartels (id, titre, titre_en, annee, description, description_en, exhume_par, location, location_en, lat, lng, image_path, image_credit, url_qr, date, status, visible, created_at, updated_at) VALUES (
  '1773412118709', 'Le clapet de gouttière', 'The Gutter Flap', '1990-2000',
  'Ce clapet peut être installé sur une gouttière pour orienter l’eau de pluie vers un récupérateur. En cas de longue période sans averse, le clapet peut être refermé pour éviter de récupérer l’eau sale de lessivage du toit. L’eau ainsi interceptée peut être utilisée pour les usages extérieurs ou l’arrosage des plantes par exemple. Sur certains modèles, une grille permet d’arrêter les feuilles. Ce système peut être installé pour quelques dizaines d’euros, sans soudure. ', 'This valve can be installed on a gutter to direct rainwater into a collection tank. During long periods without rain, the valve can be closed to prevent the collection of dirty runoff water from the roof. The water collected in this way can be used for outdoor purposes or for watering plants, for example. On some models, a screen helps keep leaves out. This system can be installed for a few dozen euros, without any welding required. ', 'Anastasia Guéguen',
  '', '', NULL, NULL,
  'images/tuyau-a-clapet-zinc-titane-o.jpg', 'Collecteur d''eau à clapet en zinc, https://www.gouttiere-expert.fr/collecteur-a-clapet-zinc-tuyau.html', 'https://www.gouttiere-expert.fr/collecteur-a-clapet-zinc-tuyau.html', '2026-03-13', 'published', 1, '2026-03-17 14:36:32', '2026-03-17 14:36:32'
);
INSERT INTO cartel_categories (cartel_id, category_id) VALUES ('1773412118709', 'h2o');

INSERT INTO cartels (id, titre, titre_en, annee, description, description_en, exhume_par, location, location_en, lat, lng, image_path, image_credit, url_qr, date, status, visible, created_at, updated_at) VALUES (
  '1773418738947', 'La phytoépuration de l’eau', 'Conservation of Water Through Aquatic Plants', '1970-1980',
  'La phytoépuration, ou épuration par les plantes, est un procédé naturel. La phytoépuration moderne, sous forme de filtres plantés, s’est développée au cours des années 1970 et 1980. Il s’agit d’un système d’épuration écologique qui utilise les plantes et les microorganismes pour purifier l’eau. Elle est autorisée en France depuis 2009 et peut convenir aussi bien pour des maisons individuelles que pour des lotissements. Généralement, les systèmes de phytoépuration se composent généralement de plusieurs bassins plantés de roseaux, joncs, iris et autres espèces végétales ayant pour capacité d’absorber les polluants. \n', 'Constructed wetlands, or plant-based water treatment, is a natural process. Modern constructed wetlands, in the form of planted filters, were developed during the 1970s and 1980s. It is an ecological treatment system that uses plants and microorganisms to purify water. It has been authorized in France since 2009 and is suitable for both single-family homes and housing developments. Generally, constructed wetland systems consist of several ponds planted with reeds, rushes, irises, and other plant species capable of absorbing pollutants. ', 'Anastasia Guéguen',
  '', '', NULL, NULL,
  'images/Constructed_wetland_5547195530.jpg', 'Phytoépuration au Pérou, Heike Hoffmann, 04/05/09, Wikimedia Commons, https://commons.wikimedia.org/wiki/File:Constructed_wetland_(5547195530).jpg', 'https://www.lefigaro.fr/jardin/phytoepuration-ce-qu-il-faut-savoir-sur-cet-assainissement-ecologique-20240104', '2026-03-13', 'published', 1, CURRENT_TIMESTAMP, CURRENT_TIMESTAMP
);
INSERT INTO cartel_categories (cartel_id, category_id) VALUES ('1773418738947', 'h2o');
INSERT INTO cartel_categories (cartel_id, category_id) VALUES ('1773418738947', 'gestion-des-dechets');

INSERT INTO cartels (id, titre, titre_en, annee, description, description_en, exhume_par, location, location_en, lat, lng, image_path, image_credit, url_qr, date, status, visible, created_at, updated_at) VALUES (
  '1773752009745', 'LE CHARIOT DE REPASSAGE SOLAIRE', 'THE SOLAR-POWERED IRONING CART', '2021',
  'Imaginé par Vinisha Umashankar, une jeune innovatrice indienne âgée de seulement 14 ans lors de sa nomination au prix Earthshot, ce chariot de repassage à l''énergie solaire vise à remplacer les fers traditionnels fonctionnant au charbon de bois. En Inde, des millions de vendeurs ambulants utilisent au quotidien ce combustible polluant, responsable non seulement de graves maladies respiratoires dues aux fumées toxiques, mais également d''une déforestation massive liée à sa production. Le dispositif de Vinisha s''affranchit de ces contraintes : cinq heures d''ensoleillement suffisent à charger les batteries et alimenter le fer électrique pendant six heures. Pensé pour les travailleurs, ce chariot offre une plus grande mobilité permettant le porte-à-porte, et intègre même des points de recharge pour téléphones mobiles afin de générer un revenu complémentaire pour les utilisateurs.', 'Designed by Vinisha Umashankar, a young Indian innovator who was just 14 years old when she was nominated for the Earthshot Prize, this solar-powered ironing cart aims to replace traditional charcoal-fired irons. In India, millions of street vendors use this polluting fuel daily, which is responsible not only for serious respiratory illnesses caused by toxic fumes but also for massive deforestation linked to its production. Vinisha’s device overcomes these challenges: five hours of sunlight are enough to charge the batteries and power the electric iron for six hours. Designed for workers, this cart offers greater mobility for door-to-door service and even includes mobile phone charging stations to generate additional income for users.', 'Cédric Carles',
  'Tamil Nadu', 'Tamil Nadu', 11.3323723, 78.6098639,
  'images/IMG_4082.jpg', 'https://earthshotprize.org/winners-finalists/vinisha-umashankar/', 'https://earthshotprize.org/winners-finalists/vinisha-umashankar/', '2026-03-17', 'published', 1, '2026-03-17 12:53:29', '2026-03-17 12:53:29'
);
INSERT INTO cartel_categories (cartel_id, category_id) VALUES ('1773752009745', 'solaire');
INSERT INTO cartel_categories (cartel_id, category_id) VALUES ('1773752009745', 'electricite');

INSERT INTO cartels (id, titre, titre_en, annee, description, description_en, exhume_par, location, location_en, lat, lng, image_path, image_credit, url_qr, date, status, visible, created_at, updated_at) VALUES (
  '1773934305800', 'Le serveur solaire du low tech magazine', 'The Solar Server from Low Tech Magazine', '2018',
  'Le Low tech magazine est un blog, fondé par Kris de Decker, qui propose des articles sur des usages plus respectueux de la technologie. Si le site existe depuis 2009, en 2018 est créée une version alternative qui fonctionne grâce à un serveur solaire. Cette volonté de réduire sa consommation en énergie vient du constat que, depuis l’invention d’Internet, la taille moyenne des pages web n’a fait qu’augmenter. Les sites demandent donc de plus en plus d''énergie pour être maintenus. Cette version solaire du site est une version allégée : la taille a été considérablement réduite. Le site est fixe (et non pas dynamique comme la plupart), on retrouve moins d’images, pas de logo trop lourd, pas de publicité, etc. Le serveur qui alimente le site est situé à Barcelone. Lorsque plusieurs jours de mauvais temps s''enchaînent, le site peut se retrouver hors ligne. ', 'Low Tech Magazine is a blog founded by Kris de Decker that features articles on more sustainable uses of technology. While the site has been around since 2009, an alternative version powered by a solar-powered server was launched in 2018. This effort to reduce energy consumption stems from the observation that, since the invention of the Internet, the average size of web pages has only increased. Websites therefore require more and more energy to maintain. This solar-powered version of the site is a streamlined version: its size has been significantly reduced. The site is static (rather than dynamic like most), featuring fewer images, no heavy logos, no ads, etc. The server powering the site is located in Barcelona. When several days of bad weather occur in a row, the site may go offline. ', 'Anastasia Guéguen',
  '', '', NULL, NULL,
  'images/lowtechmagazine.png', 'Interface du site solaire du low tech magazine, https://solar.lowtechmagazine.com/fr/about/the-solar-website/', 'https://www.numerama.com/tech/424983-ce-site-est-tellement-low-tech-quil-est-hors-ligne-quand-il-ny-a-pas-de-soleil.html', '2026-03-19', 'published', 1, '2026-03-19 15:31:45', '2026-03-19 15:31:45'
);
INSERT INTO cartel_categories (cartel_id, category_id) VALUES ('1773934305800', 'solaire');
INSERT INTO cartel_categories (cartel_id, category_id) VALUES ('1773934305800', 'technologie');
INSERT INTO cartel_categories (cartel_id, category_id) VALUES ('1773934305800', 'numerique');

INSERT INTO cartels (id, titre, titre_en, annee, description, description_en, exhume_par, location, location_en, lat, lng, image_path, image_credit, url_qr, date, status, visible, created_at, updated_at) VALUES (
  '1773936395104', 'Fairphone', 'Fairphone', '2010',
  'Fairphone est une entreprise néerlandaise qui se donne pour mission de créer le smartphone le plus durable et équitable possible. Depuis 2010, l’entreprise conçoit des téléphones, mais également d’autres types d’appareils électroniques tels que des écouteurs ou des casques audio. Les fairphones sont fabriqués de tels manières que les différentes pièces (appareil photo, batterie, écran, etc.) sont facilement remplaçable en cas de casse afin de pouvoir allonger la durée de vie de l’appareil. D’autre part, les matériaux utilisés dans la fabrication des appareils ne proviennent pas de pays en guerre ni de mines qui font travailler des enfants. ', 'Fairphone is a Dutch company whose mission is to create the most sustainable and ethically produced smartphone possible. Since 2010, the company has been designing phones as well as other types of electronic devices, such as earbuds and headphones. Fairphones are manufactured in such a way that individual components (camera, battery, screen, etc.) can be easily replaced if broken, thereby extending the device’s lifespan. Furthermore, the materials used in the devices’ production do not come from war-torn countries or mines that employ child labor. ', 'Anastasia Guéguen',
  'Pays-Bas', 'Netherlands', 52.2434979, 5.6343227,
  'images/Fairphone_3_Modularity_48858510338.jpg', 'Fairphone 3, 07/10/19, Wikimedia Commons, https://www.lemonde.fr/economie/article/2019/08/27/fairphone-mise-sur-ses-smartphones-durables-pour-se-demarquer_5503386_3234.html', 'https://www.lemonde.fr/economie/article/2019/08/27/fairphone-mise-sur-ses-smartphones-durables-pour-se-demarquer_5503386_3234.html', '2026-03-19', 'published', 1, '2026-03-19 16:06:35', '2026-03-19 16:06:35'
);
INSERT INTO cartel_categories (cartel_id, category_id) VALUES ('1773936395104', 'technologie');
INSERT INTO cartel_categories (cartel_id, category_id) VALUES ('1773936395104', 'numerique');
INSERT INTO cartel_categories (cartel_id, category_id) VALUES ('1773936395104', 'electronique');

INSERT INTO cartels (id, titre, titre_en, annee, description, description_en, exhume_par, location, location_en, lat, lng, image_path, image_credit, url_qr, date, status, visible, created_at, updated_at) VALUES (
  '1774349619994', 'MUR EN PISÉ - TERRE CRUE', 'STAMPED EARTH WALL - RAW EARTH', '2022',
  'Réintégrer dans les constructions, les protections des murs en terre crue pour les parois intérieures au lieu d’utiliser du béton carboné. \n\nLes avantages d’un mur en terre crue sont tout d’abord environnementaux : \nLa terre est une matière omniprésente sur la totalité des surfaces constructibles. On peut dire que c’est une ressource inépuisable. Par comparaison aux autres constructions utilisant du béton par exemple, le mur en terre nécessitera moins d’eau. \n\nDu point de vue technique, la terre possède une grande inertie thermique et c’est un bon isolant phonique. ', 'Reintroduce earthen walls as interior partitions in construction projects instead of using carbon-intensive concrete. \n\nThe advantages of an earthen wall are primarily environmental: \nEarth is a material found everywhere on all buildable land. It can be said to be an inexhaustible resource. Compared to other constructions using concrete, for example, an earthen wall requires less water. \n\nFrom a technical standpoint, earth has high thermal inertia and is a good sound insulator. ', 'Groupama Immobilier',
  '', '', NULL, NULL,
  'images/IMG_4130.jpeg', '', '', '2026-03-24', 'published', 1, '2026-03-24 10:53:39', '2026-03-24 10:53:39'
);
INSERT INTO cartel_categories (cartel_id, category_id) VALUES ('1774349619994', 'construction');
INSERT INTO cartel_categories (cartel_id, category_id) VALUES ('1774349619994', 'isolation-thermique');

INSERT INTO cartels (id, titre, titre_en, annee, description, description_en, exhume_par, location, location_en, lat, lng, image_path, image_credit, url_qr, date, status, visible, created_at, updated_at) VALUES (
  '1774351567887', 'SANS PRESSION, RÉCUPÉRATION DE LA PLUIE', 'NO PRESSURE, RAINWATER HARVESTING', '2022',
  'Sans pression est une famille d’objets d’arrosage dessinée par Lucien Icard, permettant de rendre visible et de réguler sa consommation d’eau. Ces objets utilisent des principes physiques simples, comme la coupe de Pythagore, les vases communicants, le tourniquet hydraulique, pour se passer de l’eau du réseau et s’alimenter d’eau de pluie. À la frontière entre objets pédagogiques et techniques, ces dispositifs s’inscrivent dans une démarche de revalorisation des ressources naturelles au quotidien, pour permettre aux utilisateur·ices de devenir acteur·ices du changement.\n\nLe récupérateur se fixe sur une gouttière, récoltant l’eau de toiture, puis la redirige vers une cuve au centre du jardin. Cela réduit la distance à parcourir et permet l’usage d’outils simples et économes, comme l’arrosoir.\n\nLucien Icard développe aussi un arroseur rotatif activé par la pression de l’eau, des doseurs pour l’irrigation à la racine et un réseau d’irrigation par jarre.', 'Sans pression is a family of watering devices designed by Lucien Icard that make water consumption visible and allow users to regulate it. These devices use simple physical principles—such as the Pythagorean cup, communicating vessels, and the hydraulic wheel—to operate without mains water, relying instead on rainwater. Straddling the line between educational and technical tools, these devices are part of an effort to promote the reuse of natural resources in daily life, empowering users to become agents of change.\n\nThe collector attaches to a gutter, collecting rainwater from the roof, then redirects it to a tank in the center of the garden. This reduces the distance the water has to travel and allows for the use of simple, economical tools, such as a watering can.\n\nLucien Icard is also developing a water-pressure-activated rotating sprinkler, dispensers for root irrigation, and a jar-based irrigation system.', 'Simon Bouchaudy',
  '', '', NULL, NULL,
  'images/IMG_4131.jpeg', '', '', '2026-03-24', 'published', 1, '2026-03-24 11:26:07', '2026-03-24 11:26:07'
);
INSERT INTO cartel_categories (cartel_id, category_id) VALUES ('1774351567887', 'h2o');
INSERT INTO cartel_categories (cartel_id, category_id) VALUES ('1774351567887', 'agriculture');

INSERT INTO cartels (id, titre, titre_en, annee, description, description_en, exhume_par, location, location_en, lat, lng, image_path, image_credit, url_qr, date, status, visible, created_at, updated_at) VALUES (
  '1774351670199', 'TAILLE-HAIE MÉCANIQUE', 'MOTORIZED HEDGE TRIMMER', '2023',
  'Le taille-haie mécanique fait partie d’une série d’outils de coupe silencieux développés par Céline Deprez et Camille Chapuis, de l’atelier Super Solide.\n\nPensés pour les jardins domestiques de petite à moyenne taille, ces outils cherchent à apaiser les tensions liées à l’usage des machines motorisées : bruit, puissance, univers genré. Ici, pas de moteur, mais une mécanique simple et efficace, inspirée des cisailles à lames multiples. Le principe de coupe repose sur le glissement de lames articulées, actionnées par une poignée en acier à effet ressort.\n\nLe taille-haie se situe entre outil manuel et électrique : moins fatigant qu’une cisaille classique, plus léger et silencieux qu’un appareil motorisé. L’enjeu est de proposer un geste fluide, sans épuiser les bras. ', 'The mechanical hedge trimmer is part of a series of quiet cutting tools developed by Céline Deprez and Camille Chapuis of the Super Solide workshop.\n\nDesigned for small to medium-sized home gardens, these tools aim to alleviate the tensions associated with using motorized machines: noise, power, and gendered stereotypes. Here, there is no motor, but rather a simple and effective mechanism inspired by multi-blade shears. The cutting principle relies on the sliding of articulated blades, activated by a spring-loaded steel handle.\n\nThe hedge trimmer falls somewhere between a manual and an electric tool: less tiring than a traditional shears, lighter and quieter than a motorized device. The goal is to offer a fluid motion without tiring the arms. ', 'Clara Loisel',
  '', '', NULL, NULL,
  'images/IMG_4132.jpeg', '', 'https://super-solide.com/Taille-haie-mecanique', '2026-03-24', 'published', 1, '2026-03-24 11:27:50', '2026-03-24 11:27:50'
);
INSERT INTO cartel_categories (cartel_id, category_id) VALUES ('1774351670199', 'agriculture');
INSERT INTO cartel_categories (cartel_id, category_id) VALUES ('1774351670199', 'mecanique');

INSERT INTO cartels (id, titre, titre_en, annee, description, description_en, exhume_par, location, location_en, lat, lng, image_path, image_credit, url_qr, date, status, visible, created_at, updated_at) VALUES (
  '1774516147537', 'La citerne verte', 'The Green Tank', '2012',
  'La citerne verte se présente comme une alternative, moins onéreuse, à l’enfouissement d’une cuve de récupération des eaux pluviales. Cette citerne souple permet de récupérer l’eau de pluie et est proposée en différents formats, allant jusqu’à une capacité de 50 m3. L’installation de ce type de citerne peut réduire jusqu’à 57 % la consommation d’eau potable. Il est possible d’installer un filtre en entrée, mais, comme il est impossible de nettoyer l’intérieur du dispositif, il est conseillé de réserver l’eau récupérée à des usages comme l’arrosage des plantes ou le nettoyage des sols. Elle est fabriquée en France, avec des matériaux recyclables et peut être installée pour quelques centaines d’euros. ', 'The green tank offers a more affordable alternative to installing an underground rainwater harvesting tank. This flexible tank collects rainwater and is available in various sizes, with capacities up to 50 cubic meters. Installing this type of tank can reduce drinking water consumption by up to 57%. It is possible to install an inlet filter, but since it is impossible to clean the inside of the tank, it is recommended to reserve the collected water for uses such as watering plants or cleaning floors. It is manufactured in France using recyclable materials and can be installed for a few hundred euros. ', 'Anastasia Guéguen',
  '', '', NULL, NULL,
  'images/la_citerne_verte.webp', 'citerne verte, https://maison.com/brico-travaux/plomberie/citerne-verte-coffre-fort-tresor-naturel-pluie-8530/', 'https://www.la-citerne-verte.com/concept-recuperateur-eau-pluie', '2026-03-26', 'published', 1, CURRENT_TIMESTAMP, CURRENT_TIMESTAMP
);
INSERT INTO cartel_categories (cartel_id, category_id) VALUES ('1774516147537', 'h2o');

INSERT INTO cartels (id, titre, titre_en, annee, description, description_en, exhume_par, location, location_en, lat, lng, image_path, image_credit, url_qr, date, status, visible, created_at, updated_at) VALUES (
  '1775051113956', 'Trompe Hydraulique', 'Hydraulic Horn', '1629',
  'La trompe hydraulique est une installation qui permet de créer de l’air comprimé à partir d’une chute d’eau. Par effet Venturi, l’air est aspiré dans un tube puis il est comprimé du fait de la hauteur de chute. On peut identifier plusieurs inventions de l’antiquité tardive comme des antécédents à la trompe hydraulique. Par exemple, le « soufflet à eau » est utilisé au IVe siècle par l’empire sassanide. Cependant, c’est au XVIe siècle, en Italie, que les premières mentions concernant son existence se multiplient. En 1629, Giovanni Branca publie Le Machine, dans lequel il illustre le principe de la trompe d’eau utilisée pour apporter du vent au foyer d’une forge ou alimenter un orgue. C’est à partir de ce moment que le principe de la trompe se diffuse chez les érudits de la Renaissance, puis un peu partout dans le monde. L’utilisation de la trompe hydraulique se généralise dans le secteur pyrénéen dans la deuxième moitié du XVIIe siècle. L’invention connaît son apogée dans l’Ariège (09), en devenant indissociable de la forge catalane. Son usage disparaît progressivement au début du XIXe siècle, en même temps que les bas fourneaux et les procédés d’acier naturel.', 'A hydraulic ram is a device that generates compressed air using a waterfall. Through the Venturi effect, air is drawn into a tube and then compressed by the force of the falling water. Several inventions from late antiquity can be identified as precursors to the hydraulic trumpet. For example, the “water bellows” was used in the 4th century by the Sassanid Empire. However, it was in 16th-century Italy that the first references to its existence began to multiply. In 1629, Giovanni Branca published *Le Machine*, in which he illustrated the principle of the water trumpet used to supply air to a forge’s firebox or to power an organ. It was from this point onward that the principle of the water trumpet spread among Renaissance scholars, and then throughout the world. The use of the water trumpet became widespread in the Pyrenees region during the second half of the 17th century. The invention reached its peak in Ariège (09), becoming inseparable from Catalan forges. Its use gradually disappeared in the early 19th century, along with low furnaces and natural steel processes.', 'Thierry Lagarde',
  '', '', NULL, NULL,
  'images/Trompe-hydraulique.jpg', 'Gravure de Giovanni Branca 1629, réimprimée en 1977, Wikimedia Commons, https://ca.wikipedia.org/wiki/Fitxer:BRANCA_TROMBA.jpg', 'https://fr.wikipedia.org/wiki/Trompe_hydraulique', '2026-04-01', 'published', 1, CURRENT_TIMESTAMP, CURRENT_TIMESTAMP
);
INSERT INTO cartel_categories (cartel_id, category_id) VALUES ('1775051113956', 'h2o');

INSERT INTO cartels (id, titre, titre_en, annee, description, description_en, exhume_par, location, location_en, lat, lng, image_path, image_credit, url_qr, date, status, visible, created_at, updated_at) VALUES (
  '1775051140321', 'Ecodomeo', 'Ecodomeo', '2009',
  'Ecodomeo commercialise des toilettes sèches adaptées à l’habitat d’aujourd’hui puisqu’elles s’utilisent comme des toilettes classiques et demande seulement 2 heures d’entretien par an. Il s’agit de toilettes sèches à séparation d’urine, grâce à un système de plancher incliné mis en action par une pédale. Les urines sont rejetées avec les eaux usées et les selles et le papier toilette sont transformés en compost grâce à des lombrics et des bactéries dans un local de compostage attenant. Ce compost ne s’évacue que tous les 3 à 10 ans. Les toilettes Ecodomeo sont ainsi sans eau, sans sciure et sans produits chimiques. Elles permettent ainsi d’économiser 15 000 litres d’eau par personne et par an et de générer 15 litres/personne/an d’un compost de très bonne qualité. ', 'Ecodomeo sells dry toilets designed for modern homes, as they are used just like conventional toilets and require only two hours of maintenance per year. These are urine-diverting dry toilets, thanks to a sloped floor system activated by a pedal. Urine is flushed away with wastewater, while feces and toilet paper are turned into compost by earthworms and bacteria in an adjacent composting unit. This compost is removed only every 3 to 10 years. Ecodomeo toilets are thus waterless, sawdust-free, and chemical-free. They save 15,000 liters of water per person per year and produce 15 liters of high-quality compost per person per year. ', 'Anastasia Guéguen',
  '', '', NULL, NULL,
  'images/ECODOMEO_-_Zircone_9067594784.jpg', 'Toilettes Ecodomeo, https://commons.wikimedia.org/wiki/File:ECODOMEO_-_Zircone_(9067594784).jpg', 'https://www.ecodomeo.com/concept-solution-toilettes-seches-design-lombricompostage/', '2026-04-01', 'published', 1, CURRENT_TIMESTAMP, CURRENT_TIMESTAMP
);
INSERT INTO cartel_categories (cartel_id, category_id) VALUES ('1775051140321', 'h2o');

INSERT INTO cartels (id, titre, titre_en, annee, description, description_en, exhume_par, location, location_en, lat, lng, image_path, image_credit, url_qr, date, status, visible, created_at, updated_at) VALUES (
  '1775051151339', 'Récupération de chaleur des serveurs infomaniak', 'Heat Recovery from Infomaniak Servers', '2025',
  'Infomaniak a inauguré un data center à Genève dans lequel 100 % de la chaleur produite est utilisée pour chauffer des logements. Ce centre, construit en sous-sol, n’a pas besoin de climatisation ni d’eau pour être refroidi. À l’année, cela permet de chauffer 6 000 logements et d’économiser 3 600 t CO2eq. ', 'Infomaniak has opened a data center in Geneva where 100% of the heat generated is used to heat homes. Built underground, the facility requires no air conditioning or water for cooling. Over the course of a year, this enables the heating of 6,000 homes and saves 3,600 metric tons of CO2 equivalents. ', 'Cédric Carles',
  'Genève', 'Geneva', 46.2017559, 6.1466014,
  'images/Virginia_Tech_-_data_center.jpg', 'https://commons.wikimedia.org/wiki/File:Virginia_Tech_-_data_center.jpg', 'https://news.infomaniak.com/infomaniak-inaugure-un-data-center-revolutionnaire-qui-revalorise-100-de-son-energie-pour-chauffer-des-batiments/', '2026-04-01', 'published', 1, '2026-04-08 11:57:42', '2026-04-08 11:57:42'
);
INSERT INTO cartel_categories (cartel_id, category_id) VALUES ('1775051151339', 'electricite');
INSERT INTO cartel_categories (cartel_id, category_id) VALUES ('1775051151339', 'rechauffer');
INSERT INTO cartel_categories (cartel_id, category_id) VALUES ('1775051151339', 'numerique');

INSERT INTO cartels (id, titre, titre_en, annee, description, description_en, exhume_par, location, location_en, lat, lng, image_path, image_credit, url_qr, date, status, visible, created_at, updated_at) VALUES (
  '1775051163499', 'Le plan Eau de la région Occitanie', 'The Occitanie Region Water Plan', '2023',
  'La région Occitanie est l’une des plus sensibles au dérèglement climatique, avec des épisodes de sécheresse et des incendies de plus en plus violents. En 2023, elle lance un ambitieux plan eau” qui consacre chaque année 40 millions d’euros dans la gestion de l’eau jusqu’à 2030. L’un de ses objectifs est notamment de réduire de 20 % la consommation en eau de ses lycées d’ici 2030. Le lycée d’enseignement général et technologique agricole Marie Durand de Rodilhan est l’un des lycées pilotes. Les économies d’eau reposent notamment sur des robinets et des chasses d’eau économes en eau installées dans les sanitaires.', 'The Occitanie region is one of the most vulnerable to climate change, experiencing increasingly severe droughts and wildfires. In 2023, it launched an ambitious “water plan” that allocates 40 million euros annually to water management through 2030. One of its key objectives is to reduce water consumption in its high schools by 20% by 2030. The Marie Durand General and Agricultural Technology High School in Rodilhan is one of the pilot schools. Water savings are achieved primarily through the installation of water-efficient faucets and toilet flush systems in the restrooms.', 'Anastasia Guéguen',
  'Occitanie', 'Occitanie', 43.6487851, 2.3435684,
  'images/lycemariedurandrodilhan.jpg', 'Lycée Marie Durand, 02/04/16, Midi Libre, https://www.midilibre.fr/2016/03/30/rodilhan-journee-portes-ouvertes-au-lycee-agricole-et-au-cfa,1308832.php', 'https://gazette-du-midi.fr/au-sommaire/entreprises/l-occitanie-se-dote-d-un-plan-eau', '2026-04-01', 'published', 1, CURRENT_TIMESTAMP, CURRENT_TIMESTAMP
);
INSERT INTO cartel_categories (cartel_id, category_id) VALUES ('1775051163499', 'h2o');

INSERT INTO cartels (id, titre, titre_en, annee, description, description_en, exhume_par, location, location_en, lat, lng, image_path, image_credit, url_qr, date, status, visible, created_at, updated_at) VALUES (
  '1775051175298', 'Une commune finance à 50 % de récupérateur d’eau de pluie', 'A municipality covers 50% of the cost of a rainwater harvesting system', '2023',
  'Dans l’Aube, la commune de Romilly-sur-Seine finance, depuis 2023, l’achat de récupérateur d’eau de pluie à hauteur de 50 %. Tous les propriétaires, de maison ou d’immeuble, sont éligibles à la mesure. Un récupérateur d’eau de pluie peut permettre de réaliser jusqu’à 50 % d’économies d’eau. L’eau n’est pas potable, mais peut permettre d’arroser les plantes, de laver la voiture ou encore, si on met en place un système pour les relier, d’être utilisée dans la chasse d’eau ou la machine à laver. Selon les estimations, si seulement 10 % des habitants de la commune, qui en compte près de quinze mille, l’équivalent de deux semaines de consommation en eau pourrait être économisé. ', 'In the Aube department, the municipality of Romilly-sur-Seine has been providing 50% funding for the purchase of rainwater harvesting systems since 2023. All homeowners and building owners are eligible for this program. A rainwater harvesting system can help save up to 50% on water usage. The water is not potable, but it can be used to water plants, wash the car, or—if a system is set up to connect them—in the toilet or washing machine. According to estimates, if just 10% of the town’s residents—numbering nearly fifteen thousand—were to install such systems, the equivalent of two weeks’ worth of water consumption could be saved. ', 'Anastasia Guéguen',
  'Romilly-sur-Seine', 'Romilly-sur-Seine', 48.5197475, 3.7263678,
  'images/Htel_de_ville_de_Romilly-sur-Seine.jpg', 'Hotel de ville de Romilly-sur-Seine, 19/09/16, Wikimedia Commons, https://commons.wikimedia.org/wiki/File:H%C3%B4tel_de_ville_de_Romilly-sur-Seine.jpg', 'https://www.lunion.fr/id544014/article/2023-11-28/une-commune-de-laube-finance-lachat-de-recuperateurs-deau-de-pluie', '2026-04-01', 'published', 1, CURRENT_TIMESTAMP, CURRENT_TIMESTAMP
);
INSERT INTO cartel_categories (cartel_id, category_id) VALUES ('1775051175298', 'h2o');

INSERT INTO cartels (id, titre, titre_en, annee, description, description_en, exhume_par, location, location_en, lat, lng, image_path, image_credit, url_qr, date, status, visible, created_at, updated_at) VALUES (
  '1775051188462', 'Réhabilitation des tuyaux sans tranchée', 'Trenchless Pipe Rehabilitation', '1971',
  'Les tuyaux, notamment ceux du réseau d’eau potable, nécessite un entretien pour palier aux fuites et dégradations. Certaines méthodes impliquent de creuser des tranchées afin de pouvoir accéder aux tuyaux et les remplacer. Il existe plusieurs méthodes, Eric Wood a, par exemple, développé en 1971 une technique utilisant une gaine en feutre imprégnée de résine insérée dans les tuyaux et qui durcit. D’autres méthodes ont depuis été développées. Il est possible d’injecter directement une résine qui se plaque directement aux parois de la canalisation. Une autre technique, l’éclatement, consiste à remplacer l’ancienne canalisation par une nouvelle de diamètre plus important. L’ancienne conduite est détruite. Enfin, il est également possible d’introduire une nouvelle canalisation dans l’ancienne, qui sert de fourreau. Ce type de réparations permet de limiter l’impact des travaux, sur les fermetures de routes par exemple. ', 'Pipes, particularly those in the drinking water system, require maintenance to address leaks and damage. Some methods involve digging trenches to access the pipes and replace them. There are several methods; for example, in 1971, Eric Wood developed a technique using a resin-impregnated felt liner inserted into the pipes that hardens. Other methods have since been developed. It is possible to inject resin directly, which adheres to the pipe walls. Another technique, pipe bursting, involves replacing the old pipe with a new one of larger diameter. The old pipe is destroyed. Finally, it is also possible to insert a new pipe into the old one, which serves as a sleeve. This type of repair helps minimize the impact of the work, such as road closures. ', 'Anastasia Guéguen',
  '', '', NULL, NULL,
  'images/Trenchless_sewer_relining_repairmen.jpg', 'Chemisage de canalisations sans tranchée, 14/10/14, Rachkay333, Wikimedia Commons, https://commons.wikimedia.org/wiki/File:Trenchless_sewer_relining_repairmen.jpg', 'https://www.eau17.fr/actualites/techniques-de-rehabilitation-sans-tranchee-des-reseaux-une-solution-alternative-pour', '2026-04-01', 'published', 1, CURRENT_TIMESTAMP, CURRENT_TIMESTAMP
);
INSERT INTO cartel_categories (cartel_id, category_id) VALUES ('1775051188462', 'h2o');

INSERT INTO cartels (id, titre, titre_en, annee, description, description_en, exhume_par, location, location_en, lat, lng, image_path, image_credit, url_qr, date, status, visible, created_at, updated_at) VALUES (
  '1775051199221', 'Les Eugènes pour nettoyer les poubelles', 'The Eugènes to clean out the trash cans', '2023',
  'L’entreprise Les Eugènes tire son nom du préfet de Paris Eugène Poubelle à qui on doit la création de contenant pour ramasser les déchets. L’entreprise dijonnaise a mis au point une solution pour le nettoyage des contenants à déchets en réalisant des économies en eau par rapport aux solutions de nettoyage classiques. Des stations de nettoyage ont été installées dans des camionnettes et utilisent un système karcher, sans produits chimiques, pour nettoyer les contenants. Ce système permet d’utiliser 800 litres d’eau par tournée, contre 4 000 en utilisant une méthode classique, qui consiste à faire intervenir un poids lourd. Les Eugènes nettoient aujourd’hui 5 000 bacs à déchets chaque semaine et interviennent dans des municipalités telles que Lyon, Grenoble ou encore Nantes. ', 'The company Les Eugènes takes its name from Eugène Poubelle, the prefect of Paris, who is credited with inventing the trash can. The Dijon-based company has developed a solution for cleaning trash cans that uses less water than traditional cleaning methods. Cleaning stations have been installed in vans and use a chemical-free Karcher system to clean the bins. This system uses 800 liters of water per route, compared to 4,000 liters using a traditional method, which involves a heavy-duty truck. Les Eugènes now clean 5,000 waste bins each week and operate in cities such as Lyon, Grenoble, and Nantes. ', 'Anastasia Guéguen',
  '', '', NULL, NULL,
  'images/les_eugnes.jpg', 'Nettoyage de bacs avec les Eugènes, LBP/A. C., https://www.bienpublic.com/economie/2023/05/22/les-eugene-les-nettoyeurs-qui-partent-a-la-conquete-des-bacs-a-biodechets', 'https://jhm.fr/les-eugene-une-solution-ecoresponsable-pour-nettoyer-les-contenants/', '2026-04-01', 'published', 1, CURRENT_TIMESTAMP, CURRENT_TIMESTAMP
);
INSERT INTO cartel_categories (cartel_id, category_id) VALUES ('1775051199221', 'h2o');

INSERT INTO cartels (id, titre, titre_en, annee, description, description_en, exhume_par, location, location_en, lat, lng, image_path, image_credit, url_qr, date, status, visible, created_at, updated_at) VALUES (
  '1775051216849', 'création de “La Cinégraphie documentaire” par Jean Painlevé', 'The creation of “Documentary Cinematography” by Jean Painlevé', '1930',
  'Jean Painlevé est un biologiste, considéré comme l’un des pères fondateurs du cinéma documentaire. Durant sa carrière, il a réalisé plus de 200 films et courts-métrages en mêlant les éléments scientifiques et artistiques. Une grande partie de ses films constitue une observation du monde aquatique, comme l’hippocampe (1934), un de ses plus grands succès. En 1930, il crée sa propre société de production, “La Cinégraphie documentaire”. Jean Painlevé, par ses films documentaires, a participé à la connaissance des animaux qu’il filmait, souvent en aquarium. Il a également ouvert la voie au développement du cinéma scientifique en étant l’un des premiers chercheurs à s’en servir comme outil. ', 'Jean Painlevé was a biologist considered one of the founding fathers of documentary film. Over the course of his career, he directed more than 200 films and short films, blending scientific and artistic elements. A large portion of his films focused on the aquatic world, such as *The Seahorse* (1934), one of his greatest successes. In 1930, he founded his own production company, “La Cinégraphie documentaire.” Through his documentary films, Jean Painlevé contributed to our understanding of the animals he filmed, often in aquariums. He also paved the way for the development of scientific cinema by being one of the first researchers to use it as a tool. ', 'Anastasia Guéguen',
  '', '', NULL, NULL,
  'images/M._Jean_Painlev_prs_dun_microscope_-_btv1b90250205.jpg', 'Jean Painlevé près d''un microscope, 12/01/1926, Wikimedia Commons, https://commons.wikimedia.org/wiki/File:M._Jean_Painlev%C3%A9_pr%C3%A8s_d%27un_microscope_-_btv1b90250205.jpg', 'https://www.telerama.fr/cinema/jean-painleve-l-homme-qui-a-plonge-le-documentaire-scientifique-dans-le-cinema-7010816.php', '2026-04-01', 'published', 1, CURRENT_TIMESTAMP, CURRENT_TIMESTAMP
);
INSERT INTO cartel_categories (cartel_id, category_id) VALUES ('1775051216849', 'imaginaire');

INSERT INTO cartels (id, titre, titre_en, annee, description, description_en, exhume_par, location, location_en, lat, lng, image_path, image_credit, url_qr, date, status, visible, created_at, updated_at) VALUES (
  '1775051231398', 'Régie publique Eau de Paris', 'Eau de Paris Public Utility', '2009',
  'Depuis 1985, la gestion de l’eau à Paris était gérée par deux entreprises privées : Suez sur la rive gauche et Veolia sur la rive droite. Cette gestion partagée était supposée bénéficier aux usagers. Cependant, entre 1985 et 2009 la part d’eau potable dans le prix de l’eau a augmenté deux fois plus vite que l’inflation. D’autre part, les entreprises se sont fortement enrichies et leur gestion a été jugée “opaque” par Anne Le Strat, directrice de la SAGEP (Société anonyme de gestion des eaux de Paris) puis d’Eau de Paris entre 2001 et 2014. La remunicipalisation est donc apparu comme une solution. Elle était l’une des promesses de campagne pour les municipales de 2008. La régie publique a été créée en 2009 et mise en exécution en 2010. Depuis sa création, le prix de la production et de la gestion de l’eau a été diminué et le prix de l’eau à Paris est globalement moins élevé que celui de la banlieue où l’eau est gérée par des acteurs privés. La régie publique Eau de Paris s’occupe de la distribution d’eau pour toute la ville de Paris. ', 'Since 1985, water management in Paris has been handled by two private companies: Suez on the Left Bank and Veolia on the Right Bank. This shared management was supposed to benefit users. However, between 1985 and 2009, the portion of the water bill attributable to drinking water rose twice as fast as inflation. Furthermore, the companies became significantly wealthier, and their management was deemed “opaque” by Anne Le Strat, director of SAGEP (Société anonyme de gestion des eaux de Paris) and later of Eau de Paris between 2001 and 2014. Remunicipalization therefore emerged as a solution. It was one of the campaign promises for the 2008 municipal elections. The public utility was established in 2009 and implemented in 2010. Since its creation, the cost of water production and management has decreased, and the price of water in Paris is generally lower than in the suburbs, where water is managed by private entities. The public utility Eau de Paris handles water distribution for the entire city of Paris. ', 'Anastasia Guéguen',
  'Paris', 'Paris', 48.8588897, 2.320041,
  'images/Paris_16e_-_Alle_Piltre_de_Rozier_-_Distributeur_Eau_de_Paris.jpg', 'Distributeur Eau de Paris, 16e arrondissement, 13/08/23, Romainbehard, Wikimedia Commons, https://commons.wikimedia.org/wiki/File:Paris_16e_-_All%C3%A9e_Pil%C3%A2tre_de_Rozier_-_Distributeur_Eau_de_Paris.jpg', 'https://reporterre.net/Comment-Paris-a-repris-le-controle-de-la-gestion-de-l-eau', '2026-04-01', 'published', 1, CURRENT_TIMESTAMP, CURRENT_TIMESTAMP
);
INSERT INTO cartel_categories (cartel_id, category_id) VALUES ('1775051231398', 'h2o');
INSERT INTO cartel_categories (cartel_id, category_id) VALUES ('1775051231398', 'politique-publique');
INSERT INTO cartel_categories (cartel_id, category_id) VALUES ('1775051231398', 'gouvernance-de-leau');

INSERT INTO cartels (id, titre, titre_en, annee, description, description_en, exhume_par, location, location_en, lat, lng, image_path, image_credit, url_qr, date, status, visible, created_at, updated_at) VALUES (
  '1775051247495', 'La quantité d’eau sur Terre', 'The Amount of Water on Earth', '2012',
  'Cette représentation de la Terre avec ces trois gouttes d’eau a été créée en 2012 par Howard Perlman, de l’Institut d’études géologiques des Etats Unis, Jack Cook de l’institut océanographique de Woods Hole et Adam Nieman et à l’aide de données de l’hydrologue russe Igor Shiklomanov. La première sphère, d''un diamètre 1 385 km et d''un volume d''1,38 milliards de km3, représente toute l’eau présente sur Terre. La seconde, d''un diamètre de 272,8 km, représente la quantité d’eau douce. Enfin, la dernière, d''un diamètre de 56,2 km, représente la quantité d’eau douce de surface (rivières et lacs). Cette représentation permet de se rendre compte du caractère rare et précieux de l’eau douce et, ainsi, de l’importance de protéger la ressource. \n', 'This representation of Earth as three drops of water was created in 2012 by Howard Perlman of the U.S. Geological Survey, Jack Cook of the Woods Hole Oceanographic Institution, and Adam Nieman, using data from Russian hydrologist Igor Shiklomanov. The first sphere, with a diameter of 1,385 km and a volume of 1.38 billion km³, represents all the water on Earth. The second, with a diameter of 272.8 km, represents the amount of freshwater. Finally, the last sphere, with a diameter of 56.2 km, represents the amount of surface freshwater (rivers and lakes). This representation helps us appreciate the rarity and preciousness of freshwater and, thus, the importance of protecting this resource. \n', 'Anastasia Guéguen',
  '', '', NULL, NULL,
  'images/quantitdeausurterre.jpg', 'Institut d''études géologique des Etas-Unis, The World''s Water', 'https://www.scientificamerican.com/article/its-a-water-full-world/', '2026-04-01', 'published', 1, CURRENT_TIMESTAMP, CURRENT_TIMESTAMP
);
INSERT INTO cartel_categories (cartel_id, category_id) VALUES ('1775051247495', 'h2o');
INSERT INTO cartel_categories (cartel_id, category_id) VALUES ('1775051247495', 'imaginaire');

INSERT INTO cartels (id, titre, titre_en, annee, description, description_en, exhume_par, location, location_en, lat, lng, image_path, image_credit, url_qr, date, status, visible, created_at, updated_at) VALUES (
  '1775051258845', 'Projet de transformation d’un château d’eau en pile thermique', 'Project to convert a water tower into a thermal storage facility', '2008',
  'À Montreuil, le château d’eau Bel Air, construit en 1936, n’est plus exploité par le Syndicat des eaux d''île de France depuis 2004 par manque de rentabilité. En 2008, la municipalité lance un appel à projets pour étudier les possibilités de valorisation sociale et environnementale du château d’eau. Un des projets qui a retenu le plus d’attention est celui de la conversion de l’édifice en une pile thermique permettant de chauffer une partie des bâtiments du quartier. En effet, le château d’eau a une grande capacité de stockage d’eau et une bonne inertie thermique. L’installation de panneaux solaires aurait permis de faire chauffer l’eau et l’installation d’une boucle de circulation d’eau chaude aurait permis de chauffer une quarantaine de logements. Le projet aurait permis d’économiser 75 tonnes de CO2 par an, mais il n’a jamais abouti. \n', 'In Montreuil, the Bel Air water tower, built in 1936, has not been operated by the Île-de-France Water Authority since 2004 due to a lack of profitability. In 2008, the municipality launched a call for proposals to explore options for the social and environmental repurposing of the water tower. One of the projects that garnered the most attention was the conversion of the structure into a thermal storage system capable of heating some of the neighborhood’s buildings. Indeed, the water tower has a large water storage capacity and good thermal inertia. Installing solar panels would have heated the water, and installing a hot water circulation loop would have heated about forty homes. The project would have saved 75 tons of CO2 per year, but it never came to fruition. \n', 'Anastasia Guéguen',
  'Montreuil', 'Montreuil', 50.4638918, 1.7631125,
  'images/pile_thermique.avif', 'Evolution de la température de l''eau au fil de l''année avec le projet de pile thermique, https://www.lemoniteur.fr/article/un-vieux-chateau-d-eau-pourrait-se-transformer-en-pile-thermique.1961924', 'https://www.lemoniteur.fr/article/un-vieux-chateau-d-eau-pourrait-se-transformer-en-pile-thermique.1961924', '2026-04-01', 'published', 1, CURRENT_TIMESTAMP, CURRENT_TIMESTAMP
);
INSERT INTO cartel_categories (cartel_id, category_id) VALUES ('1775051258845', 'h2o');
INSERT INTO cartel_categories (cartel_id, category_id) VALUES ('1775051258845', 'solaire');

INSERT INTO cartels (id, titre, titre_en, annee, description, description_en, exhume_par, location, location_en, lat, lng, image_path, image_credit, url_qr, date, status, visible, created_at, updated_at) VALUES (
  '1775051273151', 'MycelioTronics, des puces électroniques à base de champignons', 'MycelioTronics: Microchips Made from Mushrooms', '2022',
  'Les puces électroniques, que l’on retrouve dans énormément d’appareils de notre quotidien, sont composés d’un circuit électronique et d’un substrat, un matériau isolant et refroidissant, très souvent en plastique. Cependant, les chercheurs de l’Université Johannes Kepler de Linz en Autriche ont publié dans la revue Science Advances leurs recherches concernant la création de puces électroniques en utilisant un champignon. Leur matériau, baptisé MycelioTronics, est composé de la peau du champignon Ganoderma lucidum déshydratée. Les puces ainsi créées peuvent résister à la température de 200 °C et, à l''abri de l’humidité et des rayons UV, peuvent durer plusieurs décennies. Elles sont donc tout à fait capables de résister tout au long de la durée de vie de l’appareil. De plus, d’après des tests réalisés par les chercheurs, les puces ainsi réalisées sont presque aussi efficaces que les puces en plastique. Lorsqu’on l’a décidé, les puces se dégradent en deux semaines. ', 'Microchips, which are found in countless everyday devices, consist of an electronic circuit and a substrate—an insulating and heat-dissipating material, most often plastic. However, researchers at Johannes Kepler University in Linz, Austria, have published their findings in the journal *Science Advances* regarding the creation of microchips using a fungus. Their material, called MycelioTronics, is made from the dehydrated skin of the Ganoderma lucidum mushroom. The chips created in this way can withstand temperatures of 200 °C and, when protected from moisture and UV rays, can last for several decades. They are therefore fully capable of lasting for the entire lifespan of the device. Furthermore, according to tests conducted by the researchers, the chips made this way are nearly as effective as plastic chips. When the time comes, the chips degrade within two weeks. ', 'Anastasia Guéguen',
  'Linz', 'Linz', 48.3059078, 14.286198,
  'images/Ganoderma_lucidum_87540961.jpg', 'Ganoderma lucidum, 31/07/20, Tatiana, Wikimedia Commons, https://commons.wikimedia.org/wiki/File:Ganoderma_lucidum_87540961.jpg', 'https://trustmyscience.com/puce-electronique-peau-champignon/', '2026-04-01', 'published', 1, '2026-04-08 11:08:24', '2026-04-08 11:08:24'
);
INSERT INTO cartel_categories (cartel_id, category_id) VALUES ('1775051273151', 'technologie');
INSERT INTO cartel_categories (cartel_id, category_id) VALUES ('1775051273151', 'electricite');
INSERT INTO cartel_categories (cartel_id, category_id) VALUES ('1775051273151', 'electronique');
INSERT INTO cartel_categories (cartel_id, category_id) VALUES ('1775051273151', 'numerique');

INSERT INTO cartels (id, titre, titre_en, annee, description, description_en, exhume_par, location, location_en, lat, lng, image_path, image_credit, url_qr, date, status, visible, created_at, updated_at) VALUES (
  '1775051287012', 'Les Waru Waru', 'The Waru Waru', '300 av. J.-C.',
  'Les Waru Waru sont des techniques d’agriculture préhispanique sur les plateaux andins. Cette technique d’agriculture consiste en une alternance de canaux d’un mètre de profondeur et de plateformes qui reçoivent les semis. Les Waru Waru (terme qui provient du Quechua et signifie “litière”) sont installés préférentiellement dans les plaines alluviales, c’est-à-dire proche des rivières et susceptibles d’être inondées. Cette technique agricole rend les cultures moins sensibles à la sécheresse et au gel. En cas de fortes pluies, les cultures ne peuvent pas être inondées puisqu''un système draine l’eau dans la rivière. Les Waru Waru permettent au sol de s’oxygéner et de s’enrichir grâce à la présence de plantes aquatiques/ petits animaux. Ils avaient été délaissés par l''empire Inca (XVe siècle) mais ont commencé à être reconstruits dans les années 1990. ', 'Waru Waru refers to pre-Hispanic farming techniques used on the Andean plateaus. This farming method involves alternating one-meter-deep channels with raised platforms where seeds are planted. Waru Waru (a term derived from Quechua meaning “litter”) are typically established in alluvial plains, that is, near rivers and prone to flooding. This agricultural technique makes crops less susceptible to drought and frost. In the event of heavy rains, the crops cannot be flooded because a drainage system directs the water into the river. Waru Waru allow the soil to be oxygenated and enriched thanks to the presence of aquatic plants and small animals. They were abandoned by the Inca Empire (15th century) but began to be reconstructed in the 1990s. ', 'Raphaël Luciani-Galais',
  'Pérou', 'Peru', -6.8699697, -75.0458515,
  'images/waruwaru.avif', 'champ à Waru Waru dans l''altiplano péruvien, https://www.wmf.org/monuments/waru-waru-agricultural-fields-peru', 'https://www.geo.fr/environnement/les-waru-waru-technique-agricole-andine-contre-la-crise-climatique-218762', '2026-04-01', 'published', 1, CURRENT_TIMESTAMP, CURRENT_TIMESTAMP
);
INSERT INTO cartel_categories (cartel_id, category_id) VALUES ('1775051287012', 'h2o');
INSERT INTO cartel_categories (cartel_id, category_id) VALUES ('1775051287012', 'agriculture');
INSERT INTO cartel_categories (cartel_id, category_id) VALUES ('1775051287012', 'conservation-alimentaire');

INSERT INTO cartels (id, titre, titre_en, annee, description, description_en, exhume_par, location, location_en, lat, lng, image_path, image_credit, url_qr, date, status, visible, created_at, updated_at) VALUES (
  '1775051300678', 'La méthode SODIS', 'The SODIS Method', '1980-1990',
  'La méthode SODIS (solar water disinfection) a été développée dans les années 1980 par l’Institut fédéral suisse pour l’aménagement, l’épuration et la protection des eaux. Le principe est simple : les rayons UV ont la capacité de désinfecter l’eau et de la rendre potable. Dans les pays dans lesquels l’accès à l''eau potable est compliqué, la méthode est utilisée pour éviter les maladies diarrhéiques telles que la dysenterie ou le choléra. De l’eau claire, préférentiellement de pluie, est placée dans des bouteilles en plastique sans étiquette. Ces bouteilles sont ensuite placées à l''horizontale sur un support en métal ou réfléchissant pendant minimum 6 h. Les rayons du soleil tuent les bactéries, virus et parasites et rendent l’eau potable. Cette méthode est recommandée par les Institutions internationales telles que l’OMS. Elle a, par exemple, été utilisée en Indonésie après le tsunami de décembre 2004. Cette méthode ne permet pas, cependant, de traiter les pollutions chimiques. \n', 'The SODIS method (solar water disinfection) was developed in the 1980s by the Swiss Federal Institute for Water, Wastewater and Protection. The principle is simple: UV rays can disinfect water and make it safe to drink. In countries where access to safe drinking water is limited, this method is used to prevent diarrheal diseases such as dysentery or cholera. Clear water, preferably rainwater, is placed in unlabeled plastic bottles. These bottles are then laid flat on a metal or reflective surface for at least 6 hours. The sun’s rays kill bacteria, viruses, and parasites, making the water safe to drink. This method is recommended by international organizations such as the WHO. It was, for example, used in Indonesia following the December 2004 tsunami. However, this method cannot treat chemical contamination. \n', 'Loïc Rogard',
  '', '', NULL, NULL,
  'images/Indonesia-sodis-gross.jpg', 'Méthode SODIS utilisée en Indonésie, SODIS Eawag, Wikimedia Commons, https://commons.wikimedia.org/wiki/File:Indonesia-sodis-gross.jpg', 'https://www.nouvelobs.com/rue89/rue89-monde/20101129.RUE9664/la-desinfection-solaire-de-l-eau-pour-freiner-le-cholera.html', '2026-04-01', 'published', 1, CURRENT_TIMESTAMP, CURRENT_TIMESTAMP
);
INSERT INTO cartel_categories (cartel_id, category_id) VALUES ('1775051300678', 'sante');
INSERT INTO cartel_categories (cartel_id, category_id) VALUES ('1775051300678', 'h2o');

INSERT INTO cartels (id, titre, titre_en, annee, description, description_en, exhume_par, location, location_en, lat, lng, image_path, image_credit, url_qr, date, status, visible, created_at, updated_at) VALUES (
  '1775051317011', 'La forêt comestible de Fabrice Desjours', 'Fabrice Desjours'' Edible Forest', '2010',
  'Suite à des voyages, notamment dans les Comores, Fabrice Desjours a observé la pratique traditionnelle de l’agroforesterie. En revenant en France, il a acquis un terrain de 2,5 hectares dans la commune de Diconne en Saône-et-Loire et a commencé à planter diverses espèces de noix, fruits, légumes, champignons ou encore fleurs. Aujourd’hui, sa “forêt gourmande” compte plus de 1 000 espèces comestibles, pas d’irrigation ni de traitement. La forêt s’autogère. Les espèces plantées dans la forêt de Fabrice Desjours sont à la fois locales et exotiques, l’objectif étant qu’elle puisse s’adapter aux changements climatiques. Fabrice Desjours a été l’un des premiers en France à remettre au goût du jour cette pratique tombée en désuétude depuis la Révolution, prouvant que l’adaptation au changement climatique passe parfois par le recours à des savoirs anciens. \n', 'After traveling, particularly to the Comoros, Fabrice Desjours observed traditional agroforestry practices. Upon returning to France, he purchased a 2.5-hectare plot of land in the town of Diconne in Saône-et-Loire and began planting various species of nuts, fruits, vegetables, mushrooms, and flowers. Today, his “gourmet forest” is home to over 1,000 edible species, with no irrigation or treatment. The forest manages itself. The species planted in Fabrice Desjours’ forest are both local and exotic, with the goal of ensuring it can adapt to climate change. Fabrice Desjours was one of the first in France to revive this practice, which had fallen into disuse since the Revolution, proving that adapting to climate change sometimes requires drawing on ancient knowledge. \n', 'Somhack Limphakdy',
  'Diconne', 'They say', 46.7746376, 5.1347379,
  'images/foret-gourmande-3-2.jpg', 'Fabrice Desjours dans sa forêt gourmande, 2025, Xavier Ducordeaux, https://www.bourgognefranchecomte.fr/index.php/quand-la-foret-devient-gourmande', 'https://france3-regions.franceinfo.fr/bourgogne-franche-comte/saone-et-loire/la-foret-gourmande-quand-la-saone-et-loire-devient-un-modele-de-lutte-contre-le-rechauffement-climatique-2911625.html', '2026-04-01', 'published', 1, CURRENT_TIMESTAMP, CURRENT_TIMESTAMP
);
INSERT INTO cartel_categories (cartel_id, category_id) VALUES ('1775051317011', 'agriculture');
INSERT INTO cartel_categories (cartel_id, category_id) VALUES ('1775051317011', 'conservation-alimentaire');

INSERT INTO cartels (id, titre, titre_en, annee, description, description_en, exhume_par, location, location_en, lat, lng, image_path, image_credit, url_qr, date, status, visible, created_at, updated_at) VALUES (
  '1775051327641', 'Les yakhtchals', 'The Yakhtchals', 'IV siècle av. J.-C.',
  'Les yakhtchals sont des glacières qui étaient présentes dans tout l’Iran, là où les températures en hiver permettaient la congélation de l’eau. Des petits bassins, alimentés par des qanats (canaux),  pouvaient servir à former de la glace en hiver, qui étaient ensuite prélevée et placée dans les yakhtchals, des constructions en forme de dômes semi-enterrés. Ces constructions étaient enduites d’un mélange de boue, blancs d''œufs ou encore poils d’animaux pour en assurer l’isolation. La glace était utilisée pour conserver des aliments et boissons, et sans doute aussi occasionnellement pour refroidir des bâtiments. \n', 'Yakhtchals are icehouses that were found throughout Iran, in areas where winter temperatures allowed water to freeze. Small ponds, fed by qanats (canals), could be used to form ice in the winter, which was then harvested and placed in the yakhtchals, semi-underground dome-shaped structures. These structures were coated with a mixture of mud, egg whites, or animal hair to ensure insulation. The ice was used to preserve food and beverages, and likely also occasionally to cool buildings. \n', 'Raphaël Luciani-Galais',
  'Iran', 'I ran', 32.6475314, 54.5643516,
  'images/Yakhchal_of_Yazd_province.jpg', 'yakhtchal de la province de Yazd en Iran, 25/09/08, Pastaitaken, Wikimedia Commons, https://commons.wikimedia.org/wiki/File:Yakhchal_of_Yazd_province.jpg', 'https://www.stonybrook.edu/commcms/nacil/Iran/architecture/yakhchaal.php', '2026-04-01', 'published', 1, CURRENT_TIMESTAMP, CURRENT_TIMESTAMP
);
INSERT INTO cartel_categories (cartel_id, category_id) VALUES ('1775051327641', 'h2o');
INSERT INTO cartel_categories (cartel_id, category_id) VALUES ('1775051327641', 'rafraichir');
INSERT INTO cartel_categories (cartel_id, category_id) VALUES ('1775051327641', 'conservation-alimentaire');

INSERT INTO cartels (id, titre, titre_en, annee, description, description_en, exhume_par, location, location_en, lat, lng, image_path, image_credit, url_qr, date, status, visible, created_at, updated_at) VALUES (
  '1775051341769', 'Le parking en architecture réversible de la ZAC Nouveau Saint-Roch', 'The Reversible Parking Structure in the Nouveau Saint-Roch Development Zone', '2015',
  'À Montpellier, un parking en silo pense déjà à la ville de demain. Le parking construit dans la ZAC Nouveau Saint-Roch a été construit selon les principes de l’architecture réversible afin de s’adapter à un avenir sans voiture. Ce parking, qui compte 800 places de stationnement, a une hauteur sous plafond de 2,60 à 3 m, contre 2,20 m requis. Les planchers sont pensés de telle façon que des gaines techniques peuvent être ajoutée au besoin. L’enveloppe extérieure peut également être retirée facilement. Le parking est donc construit de manière à pouvoir être transformé selon les besoins (bureaux, logements, etc.). Il permet d’envisager un avenir sans voiture à Montpellier. ', 'In Montpellier, a multi-story parking garage is already looking ahead to the city of tomorrow. The parking garage, built in the Nouveau Saint-Roch development zone, was designed according to the principles of reversible architecture to adapt to a car-free future. This garage, which has 800 parking spaces, features ceiling heights ranging from 2.60 to 3 meters, compared to the required 2.20 meters. The floors are designed so that utility shafts can be added as needed. The exterior envelope can also be easily removed. The parking garage is therefore built in such a way that it can be converted as needed (into offices, housing, etc.). It makes it possible to envision a car-free future in Montpellier. ', 'Anastasia Guéguen',
  'Montpellier', 'Montpellier', 43.6112422, 3.8767337,
  'images/Montpellier_-_Parking_Saint-Roch_29247787924.jpg', 'Parking Saint-Roch, Montpellier, 26/03/16, Fred Romero, Wikimedia Commons, https://commons.wikimedia.org/wiki/File:Montpellier_-_Parking_Saint-Roch_(29247787924).jpg', 'https://www.amc-archi.com/photos/archikubik-realise-un-parking-silo-transformable-a-montpellier,9166/parking-silo-transformable-a.1', '2026-04-01', 'published', 1, CURRENT_TIMESTAMP, CURRENT_TIMESTAMP
);
INSERT INTO cartel_categories (cartel_id, category_id) VALUES ('1775051341769', 'deplacement');
INSERT INTO cartel_categories (cartel_id, category_id) VALUES ('1775051341769', 'construction');

INSERT INTO cartels (id, titre, titre_en, annee, description, description_en, exhume_par, location, location_en, lat, lng, image_path, image_credit, url_qr, date, status, visible, created_at, updated_at) VALUES (
  '1775051355697', 'Le système agricole de Lanzarote', 'The Agricultural System of Lanzarote', 'XVIII siècle',
  'Entre 1730 et 1736 l’île espagnole de Lanzarote subit une série d’éruptions volcaniques. Ces volcans ont rejeté une grande quantité de cendres qui restent aujourd’hui très présentes dans les sols de l’île. Une dizaine d’années après les éruptions, une sécheresse a commencé et perdure depuis. Cependant, les habitants n’ont pas déserté l’île pour autant. Ils ont, au fil des décennies, développé des techniques leur permettant de continuer à cultiver malgré les conditions difficiles. Plusieurs méthodes, caractéristiques à l’île, existent. Par exemple, les cendres volcaniques peuvent être utilisées comme paillage et permettent de garder l’humidité dans le sol et de les enrichir de minéraux essentiels. On appelle cette technique “enarenado”. Un paillage peut également être réalisé à partir de sables très fins apportés de l’Atlantique par les vents. Les pierres volcaniques sont également utilisées pour construire des murets, les “zocos”, qui protègent les vignes des vents. Lanzarote peut ainsi produire du vin, des fruits, des céréales et des légumineuses sans irrigation dans cette région pourtant très sèche. ', 'Between 1730 and 1736, the Spanish island of Lanzarote experienced a series of volcanic eruptions. These volcanoes spewed a large amount of ash, which remains deeply embedded in the island’s soil to this day. About a decade after the eruptions, a drought began and has persisted ever since. However, the inhabitants did not abandon the island. Over the decades, they developed techniques that allowed them to continue farming despite the difficult conditions. Several methods, unique to the island, exist. For example, volcanic ash can be used as mulch, helping to retain moisture in the soil and enrich it with essential minerals. This technique is called “enarenado.” Mulch can also be made from very fine sand carried in from the Atlantic by the winds. Volcanic stones are also used to build low walls, known as “zocos,” which protect the vines from the wind. Lanzarote is thus able to produce wine, fruit, grains, and legumes without irrigation in this otherwise very dry region. ', 'Anastasia Guéguen',
  'Lanzarote', 'Lanzarote', 29.0397081, -13.6362916,
  'images/_Besuch_der_Bodega_La_Geria._01.jpg', 'Vignobles à Lanzarote, 16/03/22, Holger Uwe Schmitt, Wikimedia Commons, https://commons.wikimedia.org/wiki/File:%2B_Besuch_der_Bodega_La_Geria._01.jpg', 'https://www.fao.org/newsroom/story/lanzarotes-volcanic-miracle/fr', '2026-04-01', 'published', 1, CURRENT_TIMESTAMP, CURRENT_TIMESTAMP
);
INSERT INTO cartel_categories (cartel_id, category_id) VALUES ('1775051355697', 'agriculture');
INSERT INTO cartel_categories (cartel_id, category_id) VALUES ('1775051355697', 'h2o');
INSERT INTO cartel_categories (cartel_id, category_id) VALUES ('1775051355697', 'conservation-alimentaire');

INSERT INTO cartels (id, titre, titre_en, annee, description, description_en, exhume_par, location, location_en, lat, lng, image_path, image_credit, url_qr, date, status, visible, created_at, updated_at) VALUES (
  '1775051373180', 'Vera da pozzo', 'Vera da Pozzo', 'XIV siècle',
  'Pendant plusieurs siècles, jusqu’à la construction d’un aqueduc au XIXe siècle, la ville de Venise reposait sur ses puits pour l’alimentation en eau potable. Le terme “vera da pozzo” désigne un type de citerne souterraine, typiquement vénitienne. L’eau stockée provient de la pluie. Elle est traitée en étant filtrée par une couche de sable et de graviers présents dans la citerne. Les parois de cette dernière sont en argile imperméable. Les vera da pozzo sont souvent surélevées pour éviter les infiltrations d’eau de mer lors des phénomènes de submersion marine.', 'For several centuries, until the construction of an aqueduct in the 19th century, the city of Venice relied on its wells for its drinking water supply. The term “vera da pozzo” refers to a type of underground cistern that is typical of Venice. The stored water comes from rain. It is treated by being filtered through a layer of sand and gravel inside the cistern. The walls of the cistern are made of impermeable clay. Vera da pozzo are often elevated to prevent seawater from seeping in during tidal flooding.', 'Anastasia Guéguen',
  'Venise', 'Venice', 45.4371908, 12.3345898,
  'images/Campo_San_Boldo_Venice.jpg', 'Campo San Boldo, Venise, 30/05/16, Didier Descouens, Wikimedia Commons, https://commons.wikimedia.org/wiki/File:Campo_San_Boldo_(Venice).jpg', 'https://www.venise-serenissime.com/planinteractif/puits_venise/puits_venise2.htm', '2026-04-01', 'published', 1, CURRENT_TIMESTAMP, CURRENT_TIMESTAMP
);
INSERT INTO cartel_categories (cartel_id, category_id) VALUES ('1775051373180', 'h2o');

INSERT INTO cartels (id, titre, titre_en, annee, description, description_en, exhume_par, location, location_en, lat, lng, image_path, image_credit, url_qr, date, status, visible, created_at, updated_at) VALUES (
  '1775140024087', 'les puquios', 'puquios', 'V siècle',
  'Les puquios sont des systèmes d’aqueducs souterrains, similaires au système des qanats en Iran. Ils ont été mis en place par la civilisation Nazca, au Pérou. Les puquios permettaient d’amener de l’eau depuis des sources situées dans les montagnes vers les régions les plus arides pour irriguer les cultures. Deux types de canaux existent : des fossés recouverts de pierres et des galeries souterraines enterrées de 10 à 15 m. On retrouve également le long de ces galeries des puits en spirales pouvant atteindre jusqu’à 15 m de diamètre, les ojos. Ces derniers servaient de puits, d''accès aux canaux souterrains pour l’entretien et le nettoyage, mais permettait également au vent de s’engouffrer et ainsi de faire circuler l’eau avec plus de puissance. \n', 'Puquios are underground aqueduct systems, similar to the qanat system in Iran. They were built by the Nazca civilization in Peru. Puquios were used to bring water from mountain springs to the driest regions to irrigate crops. There are two types of channels: stone-lined ditches and underground tunnels buried 10 to 15 meters deep. Along these tunnels, there are also spiral wells up to 15 meters in diameter, known as ojos. These served as wells and provided access to the underground channels for maintenance and cleaning, but they also allowed wind to rush in, thereby circulating the water with greater force. \n', 'Anastasia Guéguen',
  'Pérou', 'Peru', -6.8699697, -75.0458515,
  'images/Acueductos_subterrneos_de_Cantalloc_Nazca_Per_2015-07-29_DD_09.jpg', '"Ojo" d''un des puquios de Cantalloc, Nasca, Pérou, 29/0715, Diego Delso, Wikimedia Commons, https://commons.wikimedia.org/wiki/File:Acueductos_subterr%C3%A1neos_de_Cantalloc,_Nazca,_Per%C3%BA,_2015-07-29,_DD_09.JPG', 'https://www.atlasobscura.com/places/puquios', '2026-04-02', 'published', 1, '2026-04-02 13:58:43', '2026-04-02 13:58:43'
);
INSERT INTO cartel_categories (cartel_id, category_id) VALUES ('1775140024087', 'h2o');

INSERT INTO cartels (id, titre, titre_en, annee, description, description_en, exhume_par, location, location_en, lat, lng, image_path, image_credit, url_qr, date, status, visible, created_at, updated_at) VALUES (
  '1775141095090', 'Le kit de rénovation THERMECO', 'The THERMECO Renovation Kit', '2026',
  'L’entreprise Enertech lance un kit permettant de réduire sa consommation d’énergie par 30 %. Le kit contient une jaquette d’isolation pour chauffe-eau, d’un thermostat qui s’installent en complément du thermostat existant, de mousseurs pour les principaux points de puisage et d’un guide éco-gestes. La jaquette du chauffe-eau permet à ce dernier de conserver une partie de sa chaleur et, ainsi, de dépenser moins d’énergie. Le thermostat est volontairement low-tech, sans fonctions smart ou connectées, là encore pour économiser de l’énergie. Pour le moment, ce kit n’est pas accessible à un particulier seul (minimum 8 kits par commande), ce qui sera le cas à terme.  ', 'Enertech is launching a kit designed to reduce energy consumption by 30%. The kit includes an insulation cover for water heaters, a thermostat that is installed alongside the existing thermostat, aerators for the main faucets, and a guide to energy-saving habits. The water heater cover helps the heater retain some of its heat, thereby reducing energy consumption. The thermostat is intentionally low-tech, with no smart or connected features, again to save energy. For now, this kit is not available to individual consumers (minimum order of 8 kits), though it will be in the future.  ', 'Cédric Carles',
  'France', 'France', 46.603354, 1.8883335,
  'images/thermeco.png', 'Jaquette de chauffe-eau THERMECO, https://www.enertech.fr/lancement-du-kit-de-renovation-pour-cumulus-electrique-thermeco/', 'https://www.enertech.fr/lancement-du-kit-de-renovation-pour-cumulus-electrique-thermeco/', '2026-04-02', 'published', 1, '2026-04-03 09:13:15', '2026-04-03 09:13:15'
);
INSERT INTO cartel_categories (cartel_id, category_id) VALUES ('1775141095090', 'h2o');
INSERT INTO cartel_categories (cartel_id, category_id) VALUES ('1775141095090', 'electricite');
INSERT INTO cartel_categories (cartel_id, category_id) VALUES ('1775141095090', 'conservation-de-lenergie');
INSERT INTO cartel_categories (cartel_id, category_id) VALUES ('1775141095090', 'isolation-thermique');

INSERT INTO cartels (id, titre, titre_en, annee, description, description_en, exhume_par, location, location_en, lat, lng, image_path, image_credit, url_qr, date, status, visible, created_at, updated_at) VALUES (
  '1775211484796', 'Création de la start-up Equium', 'Launch of the startup Equium', '2017',
  'Equium est une start-up française travaillant sur la thermoacoustique. Son objectif est de réaliser un système de pompe à chaleur écologique, sans fluide frigorigène et sans gaz réfrigérant nocifs. Le principe est d''utiliser des ondes sonores pour réchauffer et refroidir un gaz, ici l''hélium qui a été choisi pour son caractère non-inflammable. La chaleur et la fraîcheur générées par ces ondes sonores, qui sont produites à l’intérieur d’un tube fermé, sont ensuite récupérées et peuvent être utilisées pour réchauffer/ refroidir un logement. Une pompe à chaleur thermoacoustique consommerait moins d’énergie qu’une pompe à chaleur traditionnelle, et serait donc plus écologique et économique. De plus, une pompe à chaleur thermoacoustique ne dépendrait pas de la température extérieure pour fonctionner, contrairement à la solution classique qui consomme davantage lorsque les températures baissent. Les pompes thermoacoustiques ont donc une capacité à fonctionner dans des environnements extrêmes. Pour l’heure, la pompe Equium est en cours de développement, pour une commercialisation peut-être courant 2026.', 'Equium is a French startup working in the field of thermoacoustics. Its goal is to develop an eco-friendly heat pump system that uses no refrigerants or harmful cooling gases. The principle involves using sound waves to heat and cool a gas—in this case, helium, which was chosen for its non-flammable properties. The heat and cooling generated by these sound waves, which are produced inside a closed tube, are then recovered and can be used to heat or cool a home. A thermoacoustic heat pump would consume less energy than a traditional heat pump, making it both more eco-friendly and cost-effective. Furthermore, a thermoacoustic heat pump would not depend on outdoor temperatures to operate, unlike conventional systems, which consume more energy as temperatures drop. Thermoacoustic heat pumps are therefore capable of operating in extreme environments. Currently, the Equium pump is under development, with a potential launch in 2026.', 'Cédric Carles',
  'France', 'France', 46.603354, 1.8883335,
  'images/equium.jpeg', 'Cédric François, fondateur d''Equium et l''une de ses pompes à chaleur, 2024, DR, Ouest France, https://www.ouest-france.fr/economie/entreprises/lentreprise-nantaise-equium-invente-la-pompe-a-chaleur-acoustique-qui-carbure-au-son-adac136a-c4ff-11ee-9c4f-9be0695f50c2', 'https://www.axiclim.fr/pompe-a-chaleur-thermo-acoustique/', '2026-04-03', 'published', 1, CURRENT_TIMESTAMP, CURRENT_TIMESTAMP
);
INSERT INTO cartel_categories (cartel_id, category_id) VALUES ('1775211484796', 'rechauffer');
INSERT INTO cartel_categories (cartel_id, category_id) VALUES ('1775211484796', 'rafraichir');

INSERT INTO cartels (id, titre, titre_en, annee, description, description_en, exhume_par, location, location_en, lat, lng, image_path, image_credit, url_qr, date, status, visible, created_at, updated_at) VALUES (
  '1775211929841', 'Les stupas de glace', 'The Ice Stupas', '2014',
  '\nLes stupas de glaces, sorte de petits glaciers artificiels, ont été inventés par l’ingénieur indien Sonam Wangchuk en 2014. Ces glaciers répondent à un problème que rencontre la région indienne du Ladakh, situé dans l''himalaya. Cette dernière reçoit très peu de précipitations et il existe peu de nappes phréatiques. L’eau, nécessaire à la vie des habitants et à l''agriculture, vient essentiellement de l’eau de fonte des glaciers au printemps. Cependant, à cause du réchauffement climatique, les glaciers commencent à fondre dès la fin de l’hiver et les réserves sont déjà bien entamées quand la saison des plantations arrive. L’idée du stupa de glace est de détourner l’eau de petites rivières, de les relier à des canalisations souterraines et de les faire jaillir en contrebas. L’eau gèle instantanément sur une structure en bois conique, limitant son exposition au soleil et ralentissant sa fonte. L’eau fond lentement au printemps et peut alimenter les cultures. Les stupas tirent leur nom de l’architecture boudhiste : leur forme est similaire à celle de certains temples. Le premier stupa de glace a été inauguré en 2015 dans la vallée de Phyang. \n\n', '\nIce stupas, a type of small artificial glacier, were invented by Indian engineer Sonam Wangchuk in 2014. These glaciers address a problem faced by the Indian region of Ladakh, located in the Himalayas. The region receives very little rainfall and has few groundwater sources. The water, essential for the inhabitants’ livelihoods and agriculture, comes mainly from glacial meltwater in the spring. However, due to global warming, the glaciers begin to melt as early as the end of winter, and reserves are already significantly depleted by the time the planting season arrives. The idea behind the ice stupa is to divert water from small rivers, connect them to underground pipes, and have the water flow out below. The water freezes instantly on a conical wooden structure, limiting its exposure to the sun and slowing its melting. The water melts slowly in the spring and can irrigate crops. The stupas take their name from Buddhist architecture: their shape is similar to that of certain temples. The first ice stupa was inaugurated in 2015 in the Phyang Valley. \n\n', 'Raphaël Luciani-Galais',
  'Ladakh', 'Land of the Lads', 33.9456407, 77.6568576,
  'images/Ice-Stupaa.jpg', 'Etudiants de HIAL (Himalayan Institute of Alternatives, Ladakh) devant leur projet de stupa de glace, 19/10/21, Crb43, Wikimedia Commons, https://commons.wikimedia.org/wiki/File:Ice-Stupaa.jpg', 'https://www.geo.fr/environnement/ladakh-les-stupas-de-glace-une-idee-de-genie-pour-reboiser-la-montagne-178734', '2026-04-03', 'published', 1, '2026-04-03 10:25:29', '2026-04-03 10:25:29'
);
INSERT INTO cartel_categories (cartel_id, category_id) VALUES ('1775211929841', 'agriculture');
INSERT INTO cartel_categories (cartel_id, category_id) VALUES ('1775211929841', 'h2o');

INSERT INTO cartels (id, titre, titre_en, annee, description, description_en, exhume_par, location, location_en, lat, lng, image_path, image_credit, url_qr, date, status, visible, created_at, updated_at) VALUES (
  '1775654182495', 'Le packet radio', 'Le packet radio', '1978',
  'Le packet radio est un système de transmission de données numériques par ondes radio. Les informations sont découpées en petits “paquets” et transitent sur les ondes radio, sans fil. Ce type de communication permet d''envoyer des fichiers textuels, des coordonnées GPS ou encore des petits fichiers. Par le passé, le packet radio a pu être utilisé dans le cas de situation de crise pour faire transiter des informations sans surcharger les réseaux vocaux pour les secours. ', 'Packet radio is a system for transmitting digital data via radio waves. Information is divided into small “packets” and transmitted wirelessly via radio waves. This type of communication allows users to send text files, GPS coordinates, or small files. In the past, packet radio has been used in crisis situations to transmit information without overloading voice networks intended for emergency services. ', 'Raphaël Luciani-Galais',
  '', '', NULL, NULL,
  'images/Tnc2400-stardado.jpg', 'Terminal Node Controller 2400, 27/12/05, Denis Apel, Wikimedia Commons, https://commons.wikimedia.org/wiki/File:Tnc2400-stardado.JPG', 'https://www.radioamateurs-france.fr/wp-content/uploads/MODES-NUMERIQUES.pdf', '2026-04-08', 'published', 1, '2026-04-08 13:16:22', '2026-04-08 13:16:22'
);
INSERT INTO cartel_categories (cartel_id, category_id) VALUES ('1775654182495', 'technologie');
INSERT INTO cartel_categories (cartel_id, category_id) VALUES ('1775654182495', 'numerique');

INSERT INTO cartels (id, titre, titre_en, annee, description, description_en, exhume_par, location, location_en, lat, lng, image_path, image_credit, url_qr, date, status, visible, created_at, updated_at) VALUES (
  '1775731098880', 'Le Garoé', 'Le Garoé', 'XV siècle',
  'Le Garoé est un arbre de l’espèce Ocotea foetens, endémique des îles Canaries, qui était vénéré sur l’île d’El Hierro par les aborigènes Guanches. Cet arbre, planté dans une reculée, avait la particularité de collecter les gouttelettes d’eau sur son feuillage. Les habitants de l’île avaient construit des aménagements pour récupérer plus facilement l’eau. Les premières mentions du Garoé apparaissent au XVe siècle, à la conquête de l’île par les Espagnols. Le Garoé est déraciné en 1610 par une tempête, puis replanté en 1948 au même emplacement. Cet arbre est un peu l’ancêtre des filets capteurs de brouillard.\n', 'The Garoé is a tree of the species Ocotea foetens, native to the Canary Islands, which was revered on the island of El Hierro by the indigenous Guanches. This tree, planted in a remote valley, had the unique ability to collect water droplets on its foliage. The island’s inhabitants had built structures to make it easier to collect the water. The first mentions of the Garoé appear in the 15th century, during the Spanish conquest of the island. The Garoé was uprooted in 1610 by a storm, then replanted in 1948 at the same location. This tree is somewhat of a precursor to fog-collecting nets.\n', 'Anastasia Guéguen',
  'El Hierro', 'El Hierro', 27.7435084, -18.0381796,
  'images/Arbre_de_lIsle_de_Fer_Description_de_lUnivers_t._3_pl._82.jpg', 'L''arbre de l''isle de fer, Allain Manesson Mallet, Description de l''Univers, t. 3, Paris, Denys Thierry, 1683 https://commons.wikimedia.org/wiki/File:Arbre_de_l%27Isle_de_Fer_(Description_de_l%27Univers,_t._3,_pl._82).jpg', 'https://horizon.documentation.ird.fr/exl-doc/pleins_textes/ed-06-08/010044510.pdf', '2026-04-09', 'published', 1, CURRENT_TIMESTAMP, CURRENT_TIMESTAMP
);
INSERT INTO cartel_categories (cartel_id, category_id) VALUES ('1775731098880', 'h2o');
INSERT INTO cartel_categories (cartel_id, category_id) VALUES ('1775731098880', 'imaginaire');

INSERT INTO cartels (id, titre, titre_en, annee, description, description_en, exhume_par, location, location_en, lat, lng, image_path, image_credit, url_qr, date, status, visible, created_at, updated_at) VALUES (
  '1775731174510', 'Horus.ch, le pionnier du numérique solaire', 'Horus.ch, the pioneer in digital solar technology', '1996',
  'Horus Networks (devenue Horus Energy SA), créé en 1996 dans le canton de Neuchâtel, s’est imposée comme un précurseur mondial de l’informatique durable. Au fil des années, Horus a développé plusieurs services web alimentés par l’énergie solaire. Pour ce faire, Horus a développé ses propres installations photovoltaïques en Suisse. Aujourd’hui, ses 6 centrales produisent plus d''électricité que nécessaire pour alimenter tous ses services web, Horus est donc devenu également un producteur d’énergie renouvelable. Les différents services proposés vont de l’hébergement de site web (EcoWeb) aux services de messagerie (EcoMail et EcoSms) par exemple. La web-radio solar sound system est herbergé chez Horus.', 'Horus Networks (now Horus Energy SA), founded in 1996 in the canton of Neuchâtel, has established itself as a global pioneer in sustainable IT. Over the years, Horus has developed several web services powered by solar energy. To achieve this, Horus has built its own solar power facilities in Switzerland. Today, its six power plants generate more electricity than is needed to power all of its web services, so Horus has also become a producer of renewable energy. The various services offered range from website hosting (EcoWeb) to messaging services (EcoMail and EcoSms), for example. The Solar Sound System web radio is hosted by Horus.', 'Cédric Carles',
  'Suisse', 'Switzerland', 46.7985624, 8.2319736,
  'images/horus.ch-960px.png', 'Fonctionnement du serveur e-mail Horus, https://www.horus.ch/comment-ca-fonctionne/', 'https://www.horus.ch/2025/08/de-horus-networks-a-horus-energy-sa-un-nouveau-nom-la-meme-energie-solaire/', '2026-04-08', 'published', 1, '2026-04-08 11:04:43', '2026-04-08 11:04:43'
);
INSERT INTO cartel_categories (cartel_id, category_id) VALUES ('1775731174510', 'solaire');
INSERT INTO cartel_categories (cartel_id, category_id) VALUES ('1775731174510', 'electricite');
INSERT INTO cartel_categories (cartel_id, category_id) VALUES ('1775731174510', 'numerique');

INSERT INTO cartels (id, titre, titre_en, annee, description, description_en, exhume_par, location, location_en, lat, lng, image_path, image_credit, url_qr, date, status, visible, created_at, updated_at) VALUES (
  '1775746321439', 'Workshop « AI Action II : Decompression in the Latent Space »', 'Workshop « AI Action II : Decompression in the Latent Space »', '2025',
  'En février 2025, le château de Feÿ (Yonne) a accueilli l’atelier « AI Action II : Decompression in the Latent Space ». Ce dernier a rassemblé des experts de la tech, de l’enseignement supérieur et de la société civile pour discuter des enjeux de l’IA responsable. Cet atelier a abordé des thèmes tels que la gestion responsable des données d’entraînement de l’IA, la transformation des savoirs liée à l’IA ou encore les implications de l’autonomie de l’IA. Organisé après le Sommet IA Action à Paris, ce rassemblement met également l’accent sur les droits et la gestion des risques qui apparaissent avec cette nouvelle technologie. ', 'In February 2025, the Château de Feÿ (Yonne) hosted the workshop “AI Action II: Decompression in the Latent Space.” The event brought together experts from the tech industry, higher education, and civil society to discuss the challenges of responsible AI. The workshop addressed topics such as the responsible management of AI training data, the transformation of knowledge related to AI, and the implications of AI autonomy. Organized following the AI Action Summit in Paris, this gathering also emphasized the rights and risk management issues arising from this new technology. ', 'Cédric Carles',
  'Villecien', 'Villecien', 48.0056204, 3.3279296,
  'images/Chteau_du_Fey-FR-89-chteau-01.jpg', 'Château du Fey, 21/04/17, François Goglins, Wikimedia Commons, https://commons.wikimedia.org/wiki/File:Ch%C3%A2teau_du_Fey-FR-89-ch%C3%A2teau-01.jpg', 'https://medium.com/@alien.papers/ai-action-ii-workshop-at-chateau-du-fey-89cde086ccf8', '2026-04-09', 'published', 1, '2026-04-09 14:52:01', '2026-04-09 14:52:01'
);
INSERT INTO cartel_categories (cartel_id, category_id) VALUES ('1775746321439', 'numerique');

INSERT INTO cartels (id, titre, titre_en, annee, description, description_en, exhume_par, location, location_en, lat, lng, image_path, image_credit, url_qr, date, status, visible, created_at, updated_at) VALUES (
  '1775815624560', 'Jerry Do-It-Together', 'Jerry Do-It-Together  (Proposition)', '2011',
  'Le projet a été créé par Xavier Auffret, Laure Guillou et Chemsedine Herriche et a été primé lors du challenge HumaniTech en 2011. “Jerry Do-it-Together” est un ordinateur PC qui a la particularité d’être construit avec du matériel de réemploi, notamment un bidon en plastique de 20 litres (jerrycan en anglais). Ces ordinateurs sont assemblés en groupe, lors d’ateliers participatifs qui permettent de créer du lien. Les bidons, qui contiennent les composantes informatiques de réemploi, sont refermés avec des fermetures éclair pour permettre de mieux comprendre l’organisation de l''ordinateur. Les Jerry-Do-it-Together peuvent être décorés selon le bon vouloir des constructeurs. Ces ordinateurs ont été pensés pour réduire la fracture numérique, notamment dans certains pays dits “en développement”. \n', 'The project was created by Xavier Auffret, Laure Guillou, and Chemsedine Herriche and won an award at the HumaniTech Challenge in 2011. “Jerry Do-it-Together” is a PC that is unique in that it is built using reused materials, specifically a 20-liter plastic container (a “jerrycan”). These computers are assembled in groups during participatory workshops that help build connections. The jerrycans, which contain the reused computer components, are sealed with zippers to help users better understand the computer’s internal layout. Jerry-Do-it-Together computers can be decorated however the builders choose. These computers were designed to bridge the digital divide, particularly in certain so-called “developing” countries. \n', 'Raphaël Luciani-Galais',
  '', '', NULL, NULL,
  'images/Un__Mignon__Jerry-can..jpg', 'Jerrys au FacLab de Gennevilliers, 06/04/14, Vallade, Wikimedia Commons, https://commons.wikimedia.org/wiki/File:Un_%22Mignon%22_Jerry-can..JPG', 'https://hardware.developpez.com/actu/100150/Jerry-Do-It-Together-une-solution-ingenieuse-pour-reprendre-la-main-sur-la-technologie-construire-un-ordinateur-dans-un-bidon-en-plastique/', '2026-04-10', 'published', 1, CURRENT_TIMESTAMP, CURRENT_TIMESTAMP
);
INSERT INTO cartel_categories (cartel_id, category_id) VALUES ('1775815624560', 'numerique');

INSERT INTO cartels (id, titre, titre_en, annee, description, description_en, exhume_par, location, location_en, lat, lng, image_path, image_credit, url_qr, date, status, visible, created_at, updated_at) VALUES (
  '1775815636487', 'Qarnot computing', 'Qarnot computing', '2010',
  'Qarnot computing est une entreprise française basée à Montrouge. Elle est spécialisée Cloud HPC (high performance computing), c''est -à -dire dans la fourniture de puissance de calcul informatique de haute performance.  Ces calculs numériques génèrent une grande quantité de chaleur, normalement perdue. Les data centers classiques dépensent beaucoup d’énergie pour refroidir les serveurs informatiques. Qarnot computing, de son côté, réutilisent cette chaleur pour chauffer des logements en développant des chaudières et radiateurs numériques. Cela permet de réduire l’empreinte carbone des calculs informatiques et de chauffer gratuitement des logements pour des personnes parfois en précarité énergétique. ', 'Qarnot Computing is a French company based in Montrouge. It specializes in cloud HPC (high-performance computing), meaning the provision of high-performance computing power. These digital calculations generate a large amount of heat, which is normally wasted. Traditional data centers consume a great deal of energy to cool their servers. Qarnot Computing, on the other hand, reuses this heat to heat homes by developing digital boilers and radiators. This reduces the carbon footprint of computing operations and provides free heating for homes, particularly for those facing energy poverty. ', 'Cédric Carles',
  'Montrouge', 'Montrouge', 48.8188544, 2.3194375,
  'images/qarnot_computing.jpg', 'Paul Benoit, fondateur de Qarnot computing, https://greenfilmshooting.net/blog/en/2016/02/26/heating-with-the-hot-spot/', 'https://numeum.fr/numerique-responsable/actu-informatique-qarnot-computing-solution-calcul-verte/', '2026-04-10', 'published', 1, '2026-04-15 10:21:59', '2026-04-15 10:21:59'
);
INSERT INTO cartel_categories (cartel_id, category_id) VALUES ('1775815636487', 'numerique');

INSERT INTO cartels (id, titre, titre_en, annee, description, description_en, exhume_par, location, location_en, lat, lng, image_path, image_credit, url_qr, date, status, visible, created_at, updated_at) VALUES (
  '1775824223761', 'L''encre électronique', 'E-ink', '1997',
  'L’encre électronique, ou E-ink, est un système qui permet d’afficher des textes et des images sur un support semblable au papier, mais tout en ayant la possibilité de changer les choses affichées. C’est, notamment, le système utilisé pour certaines liseuses. Ce système a la particularité de dépenser très peu d’énergie. Contrairement aux écrans d’affichage classique qui nécessitent de l’énergie en continu pour éclairer l’écran, ce “papier électronique” ne dépense de l’énergie que lorsque une page charge. Cela fonctionne avec des microparticules noires et blanches qui sont suspendues dans un liquide contenu dans un film. L’application d’un champ électrique permet de faire remonter, soit des particules noires, soit des particules blanches, pour faire apparaître des textes ou des images. \n', 'E-ink is a system that displays text and images on a paper-like surface while allowing the content to be changed. It is, in particular, the system used in some e-readers. This system is notable for its extremely low energy consumption. Unlike traditional display screens, which require a constant power supply to illuminate the screen, this “electronic paper” only consumes energy when a page is loaded. It works using black and white microparticles suspended in a liquid contained within a film. Applying an electric field causes either black or white particles to rise to the surface, displaying text or images. \n', 'Raphaël Luciani-Galais',
  '', '', NULL, NULL,
  'images/Ereader.jpg', 'Liseuse qui fonctionne avec de l''encre électronique, 31/01/21, 117PXL, Wikimedia Commons, https://commons.wikimedia.org/wiki/File:Ereader.jpg', 'https://www.assured-systems.com/fr/faq/quest-ce-que-la-technologie-de-lencre-electronique/', '2026-04-10', 'published', 1, '2026-04-10 12:30:23', '2026-04-10 12:30:23'
);
INSERT INTO cartel_categories (cartel_id, category_id) VALUES ('1775824223761', 'numerique');
INSERT INTO cartel_categories (cartel_id, category_id) VALUES ('1775824223761', 'electronique');
INSERT INTO cartel_categories (cartel_id, category_id) VALUES ('1775824223761', 'technologie');

INSERT INTO cartels (id, titre, titre_en, annee, description, description_en, exhume_par, location, location_en, lat, lng, image_path, image_credit, url_qr, date, status, visible, created_at, updated_at) VALUES (
  '1776074843404', 'Stockage d''informations sur de l''ADN', 'Storing information on DNA', '2012',
  'Le stockage d’informations numériques, réalisé dans des data centers, est très énergivore et génère une grande quantité de chaleur. En 2025, à eux seuls, ils représentent 2 % de la consommation électrique mondiale. Ce problème est d’autant plus important dans un contexte de changement climatique et de développement de l’intelligence artificielle. Face à ces défis, le stockage de données informatiques sur ADN se développe. En 2012, le professeur George Church, d’Harvard, a fait une première démonstration convaincante en encodant un livre. L’ADN synthétique peut contenir une très grande quantité d’informations pour un très petit volume. De plus, l’ADN est également très durable dans le temps du moment qu’il est protégé de l’air et de la lumière. Cette technologie est aujourd’hui mise au point par plusieurs start-ups, en France et à l’étranger, notamment les Etats-Unis. Elle pourrait permettre d’aider à décarboner la filière. \n', 'The storage of digital information in data centers consumes a great deal of energy and generates a large amount of heat. By 2025, data centers alone will account for 2% of global electricity consumption. This problem is all the more significant in the context of climate change and the development of artificial intelligence. In response to these challenges, the storage of computer data on DNA is gaining traction. In 2012, Harvard professor George Church gave a compelling initial demonstration by encoding a book. Synthetic DNA can store a very large amount of information in a very small volume. Furthermore, DNA is also highly durable over time as long as it is protected from air and light. This technology is currently being developed by several startups, both in France and abroad, particularly in the United States. It could help decarbonize the industry. \n', 'Raphaël Madoré',
  '', '', NULL, NULL,
  'images/I-Ilustrim_i_stilizuar_i_ADN-s.jpg', '24/11/25, Ilustratori, Wikimedia Commons, https://commons.wikimedia.org/wiki/File:I-Ilustrim_i_stilizuar_i_ADN-s%C3%AB.png', 'https://www.sorbonne-universite.fr/actualites/le-stockage-des-donnees-sur-ladn-une-technologie-revolutionnaire', '2026-04-13', 'published', 1, '2026-04-13 10:07:23', '2026-04-13 10:07:23'
);
INSERT INTO cartel_categories (cartel_id, category_id) VALUES ('1776074843404', 'numerique');
INSERT INTO cartel_categories (cartel_id, category_id) VALUES ('1776074843404', 'technologie');
INSERT INTO cartel_categories (cartel_id, category_id) VALUES ('1776074843404', 'biomimetisme');

INSERT INTO cartels (id, titre, titre_en, annee, description, description_en, exhume_par, location, location_en, lat, lng, image_path, image_credit, url_qr, date, status, visible, created_at, updated_at) VALUES (
  '1776077885106', 'One Laptop Per Child', 'One Laptop Per Child', '2005',
  'Le programme OLPC, one laptop per child (un ordinateur portable par enfant) est un programme et une organisation à but non lucratif né en 2005 à l’initiative de l’architecte Nicholas Negroponte. L’idée était de créer des ordinateurs portables les moins chers possibles (100 dollars) pour pouvoir permettre aux enfants nés dans des milieux défavorisés d’avoir accès à l’information. L’objectif est de réduire la fracture numérique entre les enfants issus de milieux défavorisés et ceux issus de milieux aisés. Le programme a donc lancé une recherche pour créer l’ordinateur au coût le plus bas possible. En 2007, l’ordinateur OLPC XO a été fabriqué. Fin 2007, c’étaient 600 000 ordinateurs qui avaient été distribués et vendus. \n', 'The OLPC (One Laptop per Child) program is a nonprofit initiative and organization founded in 2005 by architect Nicholas Negroponte. The idea was to create laptops as inexpensive as possible (100 dollars) to enable children from disadvantaged backgrounds to access information. The goal is to bridge the digital divide between children from disadvantaged backgrounds and those from affluent backgrounds. The program therefore launched a research effort to create a laptop at the lowest possible cost. In 2007, the OLPC XO laptop was manufactured. By the end of 2007, 600,000 laptops had been distributed and sold. \n', 'Raphaël Luciani-Galais',
  '', '', NULL, NULL,
  'images/XO-Beta1-mikemcgregor-2.jpg', 'Prototype OLPC XO-1, 10/12/06, Mike McGregor, Wikimedia Commons, https://commons.wikimedia.org/wiki/File:XO-Beta1-mikemcgregor-2.jpg', 'https://sid.onlinelibrary.wiley.com/doi/full/10.1002/msid.1552', '2026-04-13', 'published', 1, '2026-04-13 10:58:05', '2026-04-13 10:58:05'
);
INSERT INTO cartel_categories (cartel_id, category_id) VALUES ('1776077885106', 'numerique');
INSERT INTO cartel_categories (cartel_id, category_id) VALUES ('1776077885106', 'technologie');
INSERT INTO cartel_categories (cartel_id, category_id) VALUES ('1776077885106', 'electronique');

INSERT INTO cartels (id, titre, titre_en, annee, description, description_en, exhume_par, location, location_en, lat, lng, image_path, image_credit, url_qr, date, status, visible, created_at, updated_at) VALUES (
  '1776080247749', 'Framework computer', 'Framework computer', '2019',
  'Framework computer est une entreprise étasunienne qui a été créée en 2019 et a commercialisé en 2021 son premier ordinateur portable modulable. L’ordinateur est entièrement démontable et personnalisable. Cela permet de pouvoir le réparer en cas de panne d’un des composants, et donc d’allonger sa durée de vie. En outre, 50 % de l’aluminium et 30 % du plastique utilisé par la start-up sont recyclés. Une des meilleures façons de réduire l’impact environnemental du numérique est, en effet, d’allonger la durée de vie des appareils électroniques. ', 'Framework Computer is a U.S. company founded in 2019 that launched its first modular laptop in 2021. The laptop is fully disassemblable and customizable. This makes it possible to repair it if any component fails, thereby extending its lifespan. In addition, 50% of the aluminum and 30% of the plastic used by the startup are recycled. One of the best ways to reduce the environmental impact of digital technology is, in fact, to extend the lifespan of electronic devices. ', 'Raphaël Luciani-Galais',
  '', '', NULL, NULL,
  'images/Framework_laptop_AMD_13_DIY_setup.jpg', 'Framework Laptop DIY 13 AMD, 13/02/24, Thcipriani, Wikimedia Commons, https://commons.wikimedia. org/wiki/File:Framework_laptop_AMD_13_DIY_setup.jpg', 'https://wanda-techs.com/pc/framework-un-pc-portable-personnalisable-a-volonte-est-en-cour/', '2026-04-13', 'published', 1, '2026-04-13 11:37:27', '2026-04-13 11:37:27'
);
INSERT INTO cartel_categories (cartel_id, category_id) VALUES ('1776080247749', 'electronique');
INSERT INTO cartel_categories (cartel_id, category_id) VALUES ('1776080247749', 'numerique');
INSERT INTO cartel_categories (cartel_id, category_id) VALUES ('1776080247749', 'technologie');

INSERT INTO cartels (id, titre, titre_en, annee, description, description_en, exhume_par, location, location_en, lat, lng, image_path, image_credit, url_qr, date, status, visible, created_at, updated_at) VALUES (
  '1776085350404', 'Les puces neuromorphiques', 'Neuromorphic chips', '2011',
  'Les puces neuromorphiques sont des puces électroniques qui imitent le fonctionnement du cerveau humain, avec des interactions entre des neurones artificiels. Ces puces sont très performantes et fonctionnent avec un système de capteurs (les neurones). Ces neurones sont indépendants et ne s’activent que lorsqu’ils reçoivent une information. Cela permet à ces puces électroniques de consommer très peu d’énergie, comparées aux puces électroniques classiques. Des chercheurs du MIT ont, en 2011, développé une puce imitant le chemin de communication entre des neurones. Aujourd’hui, avec le développement de l’intelligence artificielle, ce type de puces permet d’imaginer une IA plus frugale. \n', 'Neuromorphic chips are microchips that mimic the functioning of the human brain, with interactions between artificial neurons. These chips are highly efficient and operate using a network of sensors (the neurons). These neurons are independent and activate only when they receive information. This allows these electronic chips to consume very little energy compared to conventional electronic chips. In 2011, researchers at MIT developed a chip that mimics the communication pathways between neurons. Today, with the development of artificial intelligence, this type of chip makes it possible to envision a more energy-efficient AI. \n', 'Raphaël Luciani-Galais',
  '', '', NULL, NULL,
  'images/Rseau_de_neurones.jpg', 'Réseau de neurones humains, 19/03/16, Else If Then, Wikimedia Commons, https://commons.wikimedia.org/wiki/File:R%C3%A9seau_de_neurones.jpg', 'https://www.techniques-ingenieur.fr/actualite/articles/des-puces-neuromorphiques-imitent-le-cerveau-pour-etre-plus-performantes-125565/', '2026-04-13', 'published', 1, '2026-04-13 13:02:30', '2026-04-13 13:02:30'
);
INSERT INTO cartel_categories (cartel_id, category_id) VALUES ('1776085350404', 'numerique');
INSERT INTO cartel_categories (cartel_id, category_id) VALUES ('1776085350404', 'biomimetisme');
INSERT INTO cartel_categories (cartel_id, category_id) VALUES ('1776085350404', 'electronique');
INSERT INTO cartel_categories (cartel_id, category_id) VALUES ('1776085350404', 'technologie');

INSERT INTO cartels (id, titre, titre_en, annee, description, description_en, exhume_par, location, location_en, lat, lng, image_path, image_credit, url_qr, date, status, visible, created_at, updated_at) VALUES (
  '1776087661300', 'L''apprentissage fédéré', 'Federated learning', '2016',
  'Pour se former, les modèles d’intelligence artificielle ont besoin d’utiliser de grandes bases de données. Dans le cas de l''apprentissage centralisé, toutes les données sont envoyées vers un serveur central. Ces méthodes consomment une grande quantité d’énergie. Des chercheurs de l’université du Massachusetts ont calculé, en 2019, que l''entraînement d’un modèle IA de grande taille pouvait rejeter autant de CO2 que cinq voitures durant toute leur durée de vie. En 2016-2017 se développe une nouvelle technique, l’apprentissage fédéré. Il permet aux modèles IA de travailler de manière locale sur des appareils électroniques tels que des smartphones. Cette méthode comporte plusieurs avantages. Il permet de mieux protéger les données des utilisateurs et également d’économiser de l’énergie par rapport au modèle d’apprentissage centralisé. ', 'To be trained, artificial intelligence models require large databases. In the case of centralized learning, all data is sent to a central server. These methods consume a significant amount of energy. In 2019, researchers at the University of Massachusetts calculated that training a large AI model could emit as much CO2 as five cars over their entire lifetimes. In 2016–2017, a new technique emerged: federated learning. It allows AI models to operate locally on electronic devices such as smartphones. This method offers several advantages. It provides better protection for user data and also saves energy compared to the centralized learning model. ', 'Raphaël Luciani-Galais',
  '', '', NULL, NULL,
  'images/apprentissagefedere.png', 'Diagrame représentant l''apprentissage fédéré centralisé, 11/02/23, MarcT0K, Wikimedia Commons, https://commons.wikimedia.org/wiki/File:Centralized _federated_learning_protocol.png', 'https://www.cam.ac.uk/research/news/can-federated-learning-save-the-world', '2026-04-13', 'published', 1, '2026-04-13 13:41:01', '2026-04-13 13:41:01'
);
INSERT INTO cartel_categories (cartel_id, category_id) VALUES ('1776087661300', 'technologie');
INSERT INTO cartel_categories (cartel_id, category_id) VALUES ('1776087661300', 'numerique');
INSERT INTO cartel_categories (cartel_id, category_id) VALUES ('1776087661300', 'electronique');

INSERT INTO cartels (id, titre, titre_en, annee, description, description_en, exhume_par, location, location_en, lat, lng, image_path, image_credit, url_qr, date, status, visible, created_at, updated_at) VALUES (
  '1776090168899', 'PlantVillage: reconnaitre des maladies grâce à l''IA', 'PlantVillage: Detecting Diseases Using AI', '2016',
  'PlantVillage est une intelligence artificielle capable de diagnostiquer des maladies aux plantes à l’aide de simples photos. Elle permet également de reconnaître les invasions de parasites, de prévoir leur évolution et d’aider à les combattre. Elle a, par exemple, aidé les producteurs d’Afrique de l’Est à se prémunir contre l’invasion des acridiens en 2021. Ce modèle IA est, notamment, destiné aux petits producteurs afin de pouvoir les aider à garantir leur sécurité alimentaire. PlantVillage se base sur une base de données regroupant, notamment, des milliers de photos de plantes afin de pouvoir diagnostiquer efficacement. Une application sur smartphone permet de rendre cette innovation relativement accessible.', 'PlantVillage is an artificial intelligence system capable of diagnosing plant diseases using simple photos. It can also detect pest infestations, predict their progression, and help combat them. For example, it helped farmers in East Africa prepare for the locust swarm in 2021. This AI model is specifically designed for small-scale farmers to help them ensure food security. PlantVillage relies on a database containing thousands of plant photos to make effective diagnoses. A smartphone app makes this innovation relatively accessible.', 'Cédric Carles',
  '', '', NULL, NULL,
  'images/WhatsAppImage2026-04-13at16.20.57.jpeg', 'Liaisons liées à la septoriose sur du blé, 06/05/19, Lucky K. Mehra, Urmila Adhikari, Christina Cowger et Peter S. Ojiambo, Wikimedia Commons, https://commons.wikimedia.org/ wiki/File:Septoria_nodorum_blotch_on_wheat_glumes.png', 'https://www.actuia.com/actualite/focus-sur-plantvillage-une-solution-dintelligence-artificielle-developpee-pour-sauver-les-cultures-en-afrique/', '2026-04-13', 'published', 1, '2026-04-13 14:22:48', '2026-04-13 14:22:48'
);
INSERT INTO cartel_categories (cartel_id, category_id) VALUES ('1776090168899', 'numerique');
INSERT INTO cartel_categories (cartel_id, category_id) VALUES ('1776090168899', 'technologie');
INSERT INTO cartel_categories (cartel_id, category_id) VALUES ('1776090168899', 'agriculture');
INSERT INTO cartel_categories (cartel_id, category_id) VALUES ('1776090168899', 'conservation-alimentaire');

INSERT INTO cartels (id, titre, titre_en, annee, description, description_en, exhume_par, location, location_en, lat, lng, image_path, image_credit, url_qr, date, status, visible, created_at, updated_at) VALUES (
  '1776092589818', 'Les écrans OLED', 'OLED displays', '1987',
  'Les écrans OLED sont composés de différentes diodes électroluminescentes. Chaque pixel d’un écran OLED fonctionne indépendamment les uns des autres. Cela signifie que lorsqu''un pixel affiche la couleur noire, il est simplement éteint. Aujourd’hui, la quasi-totalité des écrans sont à cristaux liquides (ou LCD). Ces derniers consomment de l’énergie de manière constante, à l’aide d’un système de rétroéclairage (éclairage par l’arrière) continu. Cette différence de fonctionnement peut permettre à un écran OLED de consommer moins d’énergie qu’un écran LCD dans certaines conditions (lorsque le contenu affiché contient des éléments sombres et suivant le niveau de luminosité de l’écran LCD). ', 'OLED screens are made up of individual light-emitting diodes. Each pixel on an OLED screen operates independently of the others. This means that when a pixel displays black, it is simply turned off. Today, almost all screens are liquid crystal displays (or LCDs). These screens consume energy constantly, using a continuous backlighting system. This difference in operation can allow an OLED screen to consume less energy than an LCD screen under certain conditions (when the displayed content includes dark elements and depending on the brightness level of the LCD screen). ', 'Anastasia Guéguen',
  '', '', NULL, NULL,
  'images/Close_UP_photo_of_lg_c1_oled.jpg', 'Gros plan sur un écran OLED, 03/12/23, Wikimedia Commons, https://commons.wikimedia.org/wiki/File:Close_UP_photo_of_lg_c1_oled.jpg', 'https://www.aixdisplay.com/fr/blog/how-does-oled-screen-compare-to-lcd-in-energy-consumption', '2026-04-13', 'published', 1, '2026-04-13 15:03:09', '2026-04-13 15:03:09'
);
INSERT INTO cartel_categories (cartel_id, category_id) VALUES ('1776092589818', 'numerique');
INSERT INTO cartel_categories (cartel_id, category_id) VALUES ('1776092589818', 'electronique');
INSERT INTO cartel_categories (cartel_id, category_id) VALUES ('1776092589818', 'technologie');

INSERT INTO cartels (id, titre, titre_en, annee, description, description_en, exhume_par, location, location_en, lat, lng, image_path, image_credit, url_qr, date, status, visible, created_at, updated_at) VALUES (
  '1776155644383', 'les small language models', 'les small language models', '2021',
  'Les small language models (petits modèles de langage) ou SLM sont des modèles IA désignés pour répondre de manière ciblée aux besoins des utilisateurs. Ils utilisent significativement moins de paramètres que les Large language models (grands modèles de langage) ou LLM. Pour donner un ordre de grandeur, les SLM ont généralement moins de 10 milliards de paramètres contre plusieurs centaines pour les LLM. Les petits modèles sont davantage personnalisables et leur plus petite taille permet de les utiliser sur smartphones. Les SML dépensent également moins d’énergie que les LLM, les rendant plus durables. ', 'Small language models (SLMs) are AI models designed to address specific user needs. They use significantly fewer parameters than large language models (LLMs). To give an idea of the scale, SLMs typically have fewer than 10 billion parameters, compared to several hundred billion for LLMs. Small models are more customizable, and their smaller size allows them to be used on smartphones. SLMs also consume less energy than LLMs, making them more sustainable. ', 'Raphaël Luciani-Galais',
  '', '', NULL, NULL,
  'images/Man_with_smartphone_and_laptop_Unsplash.jpg', '07/05/13, Alejandro Escamilla, Wikimedia Commons, https://commons.wikimedia.org/wiki/File:Man_with_smartphone_and_laptop_(Unsplash).jpg', 'https://www.journaldunet.com/intelligence-artificielle/1539545-l-ia-de-demain-comment-les-small-et-medium-language-models-repondent-aux-enjeux-de-performance-et-d-ecologie/', '2026-04-14', 'published', 1, '2026-04-14 08:34:04', '2026-04-14 08:34:04'
);
INSERT INTO cartel_categories (cartel_id, category_id) VALUES ('1776155644383', 'numerique');

INSERT INTO cartels (id, titre, titre_en, annee, description, description_en, exhume_par, location, location_en, lat, lng, image_path, image_credit, url_qr, date, status, visible, created_at, updated_at) VALUES (
  '1776156063415', 'M-Pesa', 'Mobile money', '2007',
  'M-Pesa est un service de transfert d’argent et de microfinance par téléphone mobile, lancé au Kenya en 2007. Ce système repose sur l’envoi de codes et de SMS sécurisés (via la technologie USSD), permettant à ses utilisateurs d’échanger de l’argent à l''aide d''un simple téléphone portable classique, sans nécessiter de smartphone ni de connexion Internet.\nAu-delà de favoriser l''inclusion financière des populations non bancarisées, ce service encourage l''utilisation de terminaux au coût environnemental beaucoup plus faible. En effet, la surenchère technologique des smartphones a un prix écologique lourd : selon l''ADEME, la fabrication d''un smartphone nécessite d''extraire près de 200 kg de matières premières pour un appareil d''à peine 200 grammes. Ces téléphones intelligents requièrent l''utilisation d''environ 70 matériaux différents, dont une cinquantaine de métaux incluant des terres rares (néodyme, yttrium) et des minerais critiques (cobalt, tantale), dont l''extraction est très coûteuse en énergie et en eau.\n', 'M-Pesa is a mobile money transfer and microfinance service launched in Kenya in 2007. The system relies on the use of secure codes and text messages (via USSD technology), allowing users to transfer money using a standard mobile phone, without the need for a smartphone or an internet connection.\nBeyond promoting financial inclusion for the unbanked, this service encourages the use of devices with a much lower environmental cost. Indeed, the technological arms race in smartphones comes at a heavy ecological price: according to ADEME, manufacturing a smartphone requires the extraction of nearly 200 kg of raw materials for a device weighing barely 200 grams. These smartphones require the use of approximately 70 different materials, including about 50 metals such as rare earth elements (neodymium, yttrium) and critical minerals (cobalt, tantalum), the extraction of which is highly energy- and water-intensive.\n', 'Raphaël Madoré',
  'Kenya', 'Enter', 1.4419683, 38.4313975,
  'images/An_M-Pesa_Payment_Till.jpg', 'Signe à un restaurant qui autorise M-Pesa comme moyen de paiement, 30/06/12, Raidarmax, Wikimedia Commons, https://commons.wikimedia.org/wiki/File:An_M-Pesa_Payment_Till.JPG', 'https://fr.wikipedia.org/wiki/M-Pesa', '2026-04-14', 'published', 1, '2026-04-14 08:41:03', '2026-04-14 08:41:03'
);
INSERT INTO cartel_categories (cartel_id, category_id) VALUES ('1776156063415', 'numerique');
INSERT INTO cartel_categories (cartel_id, category_id) VALUES ('1776156063415', 'electronique');
INSERT INTO cartel_categories (cartel_id, category_id) VALUES ('1776156063415', 'technologie');

INSERT INTO cartels (id, titre, titre_en, annee, description, description_en, exhume_par, location, location_en, lat, lng, image_path, image_credit, url_qr, date, status, visible, created_at, updated_at) VALUES (
  '1776159289113', 'Panka', 'Book', 'VI siècle av. J.-C.',
  'Un panka, punka ou ponka est un grand éventail originaire d’Orient consistant en un écran de toile que l’on suspend à un plafond et que l’on actionne ensuite au moyen d’une corde et d’une poulie.\n\nDans son sens originel sur le sous-continent indien, le terme pankha (mot hindi) désigne généralement un ventilateur portatif fabriqué à partir d’une seule feuille de palmier ou d’un carré tissé de lamelles de bambou, de rotin ou d’autres fibres végétales, que l’on peut faire tourner ou ventiler. Ces petits appareils portatifs sont encore utilisés par des millions de personnes lorsque les ventilateurs de plafond tombent en panne lors de fréquentes coupures de courant.\n\nÀ l’époque coloniale, le mot a été utilisé en Inde britannique et ailleurs dans le monde tropical et subtropical pour désigner un grand ventilateur oscillant, fixé au plafond et actionné par temps chaud. Pour couvrir une zone plus vaste, comme l’intérieur d’un bureau ou d’un palais de justice, plusieurs punkas pouvaient être reliés par des cordes afin qu’ils oscillent à l’unisson. Le matériau utilisé pouvait aller du rotin utilitaire aux tissus coûteux.\n\nLa date de cette invention est inconnue, mais elle était familière aux Arabes dès le VIIIe siècle. Son utilisation en Inde n’était pas courante avant la fin du XVIIIe siècle.\n\nLe ventilateur électrique l’a largement supplanté dans les casernes et autres grands bâtiments au début du XXe siècle.', 'A panka, punka, or ponka is a large fan originating in the East, consisting of a canvas screen that is suspended from the ceiling and operated by means of a rope and a pulley.\n\nIn its original sense on the Indian subcontinent, the term pankha (a Hindi word) generally refers to a portable fan made from a single palm leaf or a square woven from strips of bamboo, rattan, or other plant fibers, which can be rotated or waved to create a breeze. These small portable devices are still used by millions of people when ceiling fans break down during frequent power outages.\n\nDuring the colonial era, the word was used in British India and elsewhere in the tropical and subtropical world to refer to a large oscillating fan, mounted on the ceiling and operated during hot weather. To cover a larger area, such as the interior of an office or courthouse, several punkas could be connected by ropes so that they oscillated in unison. The materials used ranged from utilitarian rattan to expensive fabrics.\n\nThe date of this invention is unknown, but it was familiar to the Arabs as early as the 8th century. Its use in India was not widespread until the late 18th century.\n\nThe electric fan largely supplanted it in barracks and other large buildings in the early 20th century.', 'Marcel Robert',
  '', '', NULL, NULL,
  'images/A_woman_reading_under_a_punkah_1863_-_BL_WD_2904.jpg', 'Femme lisant sous un panka, 1863, Wikimedia Commons, https://commons.wikimedia.org/wiki/File:A_woman_reading_under_a_punkah,_1863_-_BL_WD_2904.jpg', 'https://fr.wikipedia.org/wiki/Panka', '2026-04-14', 'published', 1, '2026-04-14 09:34:49', '2026-04-14 09:34:49'
);
INSERT INTO cartel_categories (cartel_id, category_id) VALUES ('1776159289113', 'eolien');

INSERT INTO cartels (id, titre, titre_en, annee, description, description_en, exhume_par, location, location_en, lat, lng, image_path, image_credit, url_qr, date, status, visible, created_at, updated_at) VALUES (
  '1776160064412', 'LA TRADITION DU KORSI EN IRAN', 'THE TRADITION OF KORSI IN IRAN', 'III-VII siècles',
  'Le Korsi est une sorte de table basse couramment utilisée en Iran, avec un chauffage en dessous et des couvertures jetées par-dessus. C''est un meuble traditionnel dans la culture iranienne. Les membres de la famille s''assoient par terre autour du korsi pendant les repas et les événements spéciaux.\nLe korsi servait à l''origine à réunir les membres de la famille, mais il est également utilisé comme chauffage pendant la saison froide.\nLes gens mettaient des chauffages sous le korsi : au charbon, puis au pétrole et plus tard à l''électricité. Les familles qui n''avaient pas les moyens de s''offrir un chauffage utilisaient plutôt un trou sous le korsi : elles y faisaient du feu.\nLe tout créait une atmosphère chaleureuse pour des rencontres amicales et des bavardages.\n', 'The korsi is a type of low table commonly used in Iran, featuring a heating element underneath and blankets draped over the top. It is a traditional piece of furniture in Iranian culture. Family members sit on the floor around the korsi during meals and special occasions.\nThe korsi was originally used to bring family members together, but it is also used for heating during the cold season.\nPeople placed heaters under the korsi: first coal-fired, then oil-fired, and later electric. Families who could not afford a heater instead used a hole under the korsi, where they lit a fire.\nAll of this created a warm atmosphere for friendly gatherings and conversation.\n', 'Cédric Carles',
  'Iran', 'I ran', 32.6475314, 54.5643516,
  'images/korsi.png', 'Célébration de la fête de Yalda autour d''un korsi', 'https://en.wikipedia.org/wiki/Korsi', '2026-04-14', 'published', 1, '2026-04-14 09:47:44', '2026-04-14 09:47:44'
);
INSERT INTO cartel_categories (cartel_id, category_id) VALUES ('1776160064412', 'rechauffer');

INSERT INTO cartels (id, titre, titre_en, annee, description, description_en, exhume_par, location, location_en, lat, lng, image_path, image_credit, url_qr, date, status, visible, created_at, updated_at) VALUES (
  '1776160567522', 'RAFRAÎCHISSEMENT NATUREL AVEC LE KHUS EN INDE', 'NATURAL REFRESHMENT WITH KHUS IN INDIA', 'VI siècle av. J.-C.',
  'Les racines parfumées du vétiver, également connues sous le nom de khus (nom biologique Chrysopogon zizanioides), sont utilisées pour refroidir l’eau des matkas. Ils sont également tissés dans des nattes appelées Khus tatties qui sont accrochées aux fenêtres et aux portes, refroidissant ainsi l’air qui les traversait.\n\nJusque dans les années 1990, les climatiseurs étaient trop chers. Les climatiseurs à évaporation, installés en équilibre précaire sur des pilotis ou des rebords de fenêtre, constituaient la meilleure protection que de nombreuses familles de la classe moyenne pouvaient exercer contre la chaleur estivale.\n\nCes refroidisseurs étaient des engins métalliques distinctifs avec des tapis de vétiver intégrés dans leurs côtés à lattes et des ventilateurs intégrés remplissaient l’air d’un bourdonnement fort. Une partie de l’appareil était remplie d’eau, imbibant les nattes de vétiver. L’air chaud extérieur se refroidissait en traversant les nattes humides et en pénétrant dans la cage, et le ventilateur soufflait cet air frais et humide dans la pièce.\n\nIl est intéressant de noter qu’Abul Fazl, dans son livre « Ain-i-Akbari », dit que c’est l’empereur moghol Akbar lui-même qui a été le premier à concevoir le concept d’utilisation de tapis khus comme écrans de refroidissement. Cependant, c’est à l’époque coloniale que l’idée a pris de l’ampleur.', 'The fragrant roots of vetiver, also known as khus (scientific name Chrysopogon zizanioides), are used to cool the water in matkas. They are also woven into mats called khus tatties, which are hung over windows and doors to cool the air passing through them.\n\nUntil the 1990s, air conditioners were too expensive. Evaporative coolers, precariously balanced on stilts or window sills, offered the best protection many middle-class families could muster against the summer heat.\n\nThese coolers were distinctive metal contraptions with vetiver mats woven into their slatted sides, and built-in fans filled the air with a loud hum. Part of the unit was filled with water, soaking the vetiver mats. The hot outside air cooled as it passed through the damp mats and entered the cage, and the fan blew this cool, moist air into the room.\n\nIt is interesting to note that Abul Fazl, in his book “Ain-i-Akbari,” states that it was the Mughal Emperor Akbar himself who first conceived the idea of using khus mats as cooling screens. However, it was during the colonial era that the idea gained widespread adoption.', 'Rameez Sayed',
  'Inde', 'Inside', 22.3511148, 78.6677428,
  'images/khus.png', '', 'https://sencessa.com/blogs/news/khus-the-timeless-cool-in-india-s-brutal-summer-grip', '2026-04-14', 'published', 1, '2026-04-14 09:56:07', '2026-04-14 09:56:07'
);
INSERT INTO cartel_categories (cartel_id, category_id) VALUES ('1776160567522', 'rafraichir');

INSERT INTO cartels (id, titre, titre_en, annee, description, description_en, exhume_par, location, location_en, lat, lng, image_path, image_credit, url_qr, date, status, visible, created_at, updated_at) VALUES (
  '1776162187814', 'Presse à énergie solaire A. Mouchot & A. Pifre', 'Solar-powered press by A. Mouchot & A. Pifre', '1882',
  'L’ingénieur Abel Pifre, d’abord assistant puis collaborateur d’Augustin Mouchot, est proche des travaux de ce dernier, et s’inspire de ses concentrateurs solaires. Lors du meeting de l’Union Française de la Jeunesse au jardin des Tuileries le 6 août 1882, il utilise un concentrateur solaire pour alimenter en force mécanique une presse Marinoni capable de tirer jusqu’à 500 exemplaires par heure d’un journal, nommé pour l’occasion « Soleil-Journal ».\nL’équipe de recherche Paléo-énergétique est en recherche active d’un exemplaire du Soleil-Journal imprimé lors de la démonstration au jardin des Tuileries. Cette pièce à conviction d’une transition énergétique d’avant garde fait partie d’un patrimoine à retrouver impérativement. \nMerci de signaler à l’équipe de l’Atelier 21 tout indice ou piste de recherche sérieuse à notre rédaction : hello@paleo-energetique.org.\n\n\n', 'Engineer Abel Pifre, who began as an assistant to Augustin Mouchot and later became his colleague, was closely involved in Mouchot’s work and drew inspiration from his solar concentrators. During the meeting of the Union Française de la Jeunesse in the Tuileries Garden on August 6, 1882, he used a solar concentrator to power a Marinoni press capable of printing up to 500 copies per hour of a newspaper named for the occasion “Soleil-Journal.”\nThe Paleo-Energy research team is actively searching for a copy of the Soleil-Journal printed during the demonstration at the Tuileries Garden. This artifact, evidence of a pioneering energy transition, is part of a heritage that must be recovered. \nPlease report any clues or serious leads to the Atelier 21 team at our editorial office: hello@paleo-energetique.org.\n\n\n', 'Eric Boros',
  'Paris', 'Paris', 48.8534951, 2.3483915,
  'images/Mouchot1878x.jpg', 'Concentrateur solaire d''Augustin Mouchot, 19/10/1878, Jules Férat, Le Monde illustré, https://commons.wikimedia.org/wiki/File:Mouchot1878x.jpg', 'https://fr.wikipedia.org/wiki/Augustin_Mouchot', '2026-04-14', 'published', 1, '2026-04-14 10:23:07', '2026-04-14 10:23:07'
);
INSERT INTO cartel_categories (cartel_id, category_id) VALUES ('1776162187814', 'solaire');

INSERT INTO cartels (id, titre, titre_en, annee, description, description_en, exhume_par, location, location_en, lat, lng, image_path, image_credit, url_qr, date, status, visible, created_at, updated_at) VALUES (
  '1776164550312', 'Les marmites norvégiennes', 'Norwegian cooking pots', 'Fin XIX siècle',
  'La marmite norvégienne, ou cuiseur inertiel passif, est un dispositif de cuisson économe en énergie. Son principe consiste à chauffer des aliments de manière traditionnelle pendant une courte période, puis à les placer dans un contenant isolant (caisse garnie de foin, couverture, polystyrène, etc.), où ils continuent de cuire lentement sans apport supplémentaire de chaleur. \n\nUtilisée depuis des siècles dans diverses cultures, cette méthode a été particulièrement popularisée durant les deux guerres mondiales. Elle avait déjà suscité un intérêt notable à la fin du XIXe siècle, époque à laquelle un brevet fut déposé pour des "cuisines automatiques norvégiennes". \n\nLa marmite norvégienne permet de réduire la consommation d''énergie liée à la cuisson, tout en préservant les nutriments et les saveurs des aliments. ', 'The Norwegian pot, or passive inertial cooker, is an energy-efficient cooking device. It works by heating food in the traditional way for a short period, then placing it in an insulated container (a box lined with hay, a blanket, polystyrene, etc.), where it continues to cook slowly without any additional heat. \n\nUsed for centuries in various cultures, this method became particularly popular during the two world wars. It had already attracted significant interest by the late 19th century, when a patent was filed for "Norwegian automatic cookers." \n\nThe Norwegian pot reduces energy consumption associated with cooking while preserving the nutrients and flavors of the food. ', 'Clara Loisel',
  '', '', NULL, NULL,
  'images/Gpelschauermuseum_Seestermhe_09_cropped.jpg', 'Marmite norvégienne, 24/09/10, Huhu Uet, Wikimedia Commons, https://commons.wikimedia.org/wiki/File:G%C3%B6pelschauermuseum_Seesterm%C3%BChe_09_(cropped).jpg', 'https://reporterre.net/La-marmite-norvegienne-la-cuisson-ecolo-qui-ringardise-le-Thermomix', '2026-04-14', 'published', 1, '2026-04-14 11:02:30', '2026-04-14 11:02:30'
);
INSERT INTO cartel_categories (cartel_id, category_id) VALUES ('1776164550312', 'conservation-de-lenergie');

INSERT INTO cartels (id, titre, titre_en, annee, description, description_en, exhume_par, location, location_en, lat, lng, image_path, image_credit, url_qr, date, status, visible, created_at, updated_at) VALUES (
  '1776165326062', 'I.S.A. BRIQUES EN TERRE CUITE IMPRIMÉES EN 3D', 'I.S.A. 3D-Printed Clay Bricks', '2023',
  'Les briques biodiversitaires I.S.A., Isolantes, Structurantes, Accueillantes sont des prototypes en terre cuite réalisés en impression 3D pour constituer par assemblage un nouveau type de mur biodiversitaire.\n\nLa nouveauté du concept de paroi biodiversitaire réside dans la capacité du végétal à s’implanter de manière pérenne dans une épaisseur de substrat intégrée dans la composition du mur.\n\nPour que les façades incarnent non seulement l’aspect extérieur de nos bâtiments mais puissent également être support de vivant, dans une conception plus vaste sur l’intégration de la nature dans l’architecture.\n\nLes briques biodiversitaires I.S.A. sont inspirées d’éléments de construction en terre cuite répandus comme les briques alvéolées type « monomur » qui allient des caractéristiques structurelles et isolantes. \n\nCette recherche a été menée dans le cadre du projet de master de Nathanaël Zbynovsky à l’ENSCI-Les Ateliers, accueilli en contrat de professionnalisation au Pôle Recherche de l’agence ChartierDalix.\n', 'The I.S.A. biodiversity bricks—Insulating, Structuring, and Welcoming—are 3D-printed terracotta prototypes designed to be assembled into a new type of biodiversity wall.\n\nThe innovation of the biodiversity wall concept lies in the ability of plants to take root permanently within a layer of substrate integrated into the wall’s structure.\n\nSo that facades not only embody the exterior appearance of our buildings but can also serve as a medium for living organisms, within a broader vision of integrating nature into architecture.\n\nThe I.S.A. biodiversity bricks are inspired by common terracotta building elements such as “Monomur”-type hollow bricks, which combine structural and insulating properties. \n\nThis research was conducted as part of Nathanaël Zbynovsky’s master’s project at ENSCI-Les Ateliers, carried out under a professional training contract at the Research Division of the ChartierDalix agency.\n', 'Simon Bouchaudy',
  '', '', NULL, NULL,
  'images/isa-briques-terre-cuite-imprimees-3d-parois-vivantes-07.jpg', 'Briques I.S.A., https://www.chartier-dalix.com/fr/ressources/isa-briques-terre-cuite-imprimees-3d-parois-vivantes', 'https://www.chartier-dalix.com/fr/ressources/isa-briques-terre-cuite-imprimees-3d-parois-vivantes', '2026-04-14', 'published', 1, '2026-04-14 11:15:26', '2026-04-14 11:15:26'
);
INSERT INTO cartel_categories (cartel_id, category_id) VALUES ('1776165326062', 'construction');
INSERT INTO cartel_categories (cartel_id, category_id) VALUES ('1776165326062', 'conservation-de-lenergie');

INSERT INTO cartels (id, titre, titre_en, annee, description, description_en, exhume_par, location, location_en, lat, lng, image_path, image_credit, url_qr, date, status, visible, created_at, updated_at) VALUES (
  '1776176174285', 'S’INSPIRER DU VIVANT POUR ADAPTER L’ARCHITECTURE', 'DRAWING INSPIRATION FROM THE NATURAL WORLD TO ADAPT ARCHITECTURE', '1996',
  'Le pôle d''excellence en biomimétisme marin est un projet qui a été lancé par la Communauté d''agglomération du Pays Basque qui demandait une construction biomimétique. Le projet est inspiré d''Epleuctella aspergillum, une éponge de verre. Les éponges de verre génèrent un squelette adapté aux conditions environnementales. Ce squelette permet de filtrer, absorber, oxygéner l''eau et d''apporter des nutriments.\n\nInspiré du même principe, une brique de terre crue est utilisée et assemblée sous forme de voûtes maçonnées. La forme de ces voûtes permet la circulation de l''eau, sa filtration, sa rétention, son traitement pour la rendre propre à l''océan, et permettre d''avoir une régulation de la température, de l''hygrométrie, de l''ensoleillement.\n', 'The Center of Excellence in Marine Biomimicry is a project launched by the Basque Country Urban Community, which requested a biomimetic structure. The project is inspired by Epleuctella aspergillum, a glass sponge. Glass sponges generate a skeleton adapted to environmental conditions. This skeleton filters, absorbs, and oxygenates water while providing nutrients.\n\nInspired by the same principle, raw earth bricks are used and assembled into masonry vaults. The shape of these vaults allows for water circulation, filtration, retention, and treatment to make it suitable for the ocean, while also regulating temperature, humidity, and sunlight.\n', 'Cédric Carles',
  '', '', NULL, NULL,
  'images/eponge.png', '', '', '2026-04-14', 'published', 1, '2026-04-14 14:16:14', '2026-04-14 14:16:14'
);
INSERT INTO cartel_categories (cartel_id, category_id) VALUES ('1776176174285', 'biomimetisme');
INSERT INTO cartel_categories (cartel_id, category_id) VALUES ('1776176174285', 'construction');

INSERT INTO cartels (id, titre, titre_en, annee, description, description_en, exhume_par, location, location_en, lat, lng, image_path, image_credit, url_qr, date, status, visible, created_at, updated_at) VALUES (
  '1776244083385', 'LA LOI REEN ET L''INDICE DE RÉPARABILITÉ', 'THE REEN LAW AND THE REPAIRABILITY INDEX', '2021',
  'Description : En 2021, la France s''est illustrée comme pionnière dans la régulation de l''impact écologique des technologies avec la promulgation de la loi REEN (Réduction de l''Empreinte Environnementale du Numérique). Cette législation vise à responsabiliser l''ensemble des acteurs face à la surproduction et au gaspillage électronique liés à nos usages technologiques.\n\nL''une des mesures phares de cette loi est l''instauration de l''« indice de réparabilité ». Ce dispositif impose aux constructeurs d''afficher obligatoirement une note sur 10 sur plusieurs catégories de produits, notamment les smartphones, les ordinateurs portables et les téléviseurs. Ce score évalue de manière transparente des critères tels que : la facilité de démontage de l''appareil, l''accessibilité de la documentation technique ou la disponibilité et le prix des pièces détachées. En orientant l''acte d''achat, cet indice combat l''obsolescence (qu''elle soit programmée ou non) et encourage la conception d''équipements réparables.\n\nLa loi REEN  oblige également l''État, les mairies et les collectivités territoriales à consacrer au moins 20 % de leurs achats d''équipements informatiques et de télécommunications à du matériel reconditionné ou de seconde main. Par ces mesures, cette loi marque une transition décisive d''une économie numérique linéaire (extraire, fabriquer, jeter) vers une économie circulaire favorisant activement le réemploi et l''allongement de la durée de vie du matériel.\n', 'Description: In 2021, France emerged as a pioneer in regulating the environmental impact of technology with the enactment of the REEN Act (Reduction of the Digital Environmental Footprint). This legislation aims to hold all stakeholders accountable for the overproduction and electronic waste associated with our use of technology.\n\nOne of the key measures of this law is the introduction of the “repairability index.” This system requires manufacturers to display a score out of 10 for several product categories, including smartphones, laptops, and televisions. This score transparently evaluates criteria such as: how easy the device is to disassemble, the accessibility of technical documentation, and the availability and price of replacement parts. By influencing purchasing decisions, this index combats obsolescence (whether planned or not) and encourages the design of repairable equipment.\n\nThe REEN Act also requires the federal government, city governments, and local authorities to allocate at least 20% of their IT and telecommunications equipment purchases to refurbished or secondhand equipment. Through these measures, this law marks a decisive transition from a linear digital economy (extract, manufacture, discard) to a circular economy that actively promotes reuse and extends the lifespan of equipment.\n', 'Raphaël Madoré',
  'France', 'France', 46.603354, 1.8883335,
  'images/loireen.png', 'Loi REEN, https://www.appyuser.com/guide/loi-reen-impact-numerique/', 'https://www.appyuser.com/guide/loi-reen-impact-numerique/', '2026-04-15', 'published', 1, CURRENT_TIMESTAMP, CURRENT_TIMESTAMP
);
INSERT INTO cartel_categories (cartel_id, category_id) VALUES ('1776244083385', 'numerique');
INSERT INTO cartel_categories (cartel_id, category_id) VALUES ('1776244083385', 'politique-publique');

INSERT INTO cartels (id, titre, titre_en, annee, description, description_en, exhume_par, location, location_en, lat, lng, image_path, image_credit, url_qr, date, status, visible, created_at, updated_at) VALUES (
  '1776244096073', 'L''ARCHITECTURE X-ROAD ET LE PRINCIPE « DITES-LE-NOUS UNE FOIS »', 'THE X-ROAD ARCHITECTURE AND THE "TELL US ONCE" PRINCIPLE', '2001',
  'Reconnue comme l''État le plus numérisé au monde, l''Estonie a fondé son administration électronique sur un principe légal d''une grande efficacité : le « Dites-le-nous une fois » (Once-Only). La loi interdit formellement à une administration de demander à un citoyen une information qu''il a déjà fournie à un autre service public.\n\nPour rendre ce principe opérationnel, le pays a déployé dès 2001 l''architecture réseau X-Road. Contrairement aux modèles informatiques traditionnels, il n''existe aucune gigantesque base de données centrale stockant l''ensemble des données de la population. Le système repose au contraire sur un réseau d''échange décentralisé : les informations restent réparties sur une multitude de petits serveurs locaux appartenant aux différentes institutions. Ces serveurs communiquent entre eux de manière sécurisée et chiffrée, s''échangeant la donnée en pair-à-pair et uniquement lorsque cela est strictement nécessaire à une démarche.\n\nCe modèle d''infrastructure est un cas d''école de frugalité numérique et de minimisation de la donnée. En empêchant la duplication systématique et le stockage massif d''informations redondantes, l''Estonie s''épargne la construction et la maintenance de centres de données (data centers) surdimensionnés et énergivores. L''architecture X-Road prouve ainsi qu''une numérisation généralisée peut parfaitement s''aligner avec une démarche d''efficience logicielle et de sobriété matérielle.\n', 'Recognized as the most digitized country in the world, Estonia has based its e-government on a highly effective legal principle: “Tell us once” (Once-Only). The law expressly prohibits any government agency from asking a citizen for information that they have already provided to another public service.\n\nTo put this principle into practice, the country deployed the X-Road network architecture as early as 2001. Unlike traditional IT models, there is no massive central database storing all of the population’s data. Instead, the system relies on a decentralized exchange network: information remains distributed across a multitude of small local servers belonging to different institutions. These servers communicate with each other securely and in an encrypted manner, exchanging data peer-to-peer and only when strictly necessary for a specific process.\n\nThis infrastructure model is a textbook example of digital frugality and data minimization. By preventing the systematic duplication and massive storage of redundant information, Estonia avoids the construction and maintenance of oversized, energy-intensive data centers. The X-Road architecture thus demonstrates that widespread digitization can be perfectly aligned with an approach focused on software efficiency and hardware frugality.\n', 'Raphaël Madoré',
  'Estonie', 'Estonia', 58.7523778, 25.3319078,
  'images/Hands-woman-laptop-notebook_24217008462.jpg', 'Wikimedia Commons, https://commons.wikimedia.org/wiki/File:Hands-woman-laptop-notebook_(24217008462).jpg', 'https://loti.london/blog/estonia-insights/', '2026-04-15', 'published', 1, CURRENT_TIMESTAMP, CURRENT_TIMESTAMP
);
INSERT INTO cartel_categories (cartel_id, category_id) VALUES ('1776244096073', 'numerique');

INSERT INTO cartels (id, titre, titre_en, annee, description, description_en, exhume_par, location, location_en, lat, lng, image_path, image_credit, url_qr, date, status, visible, created_at, updated_at) VALUES (
  '1776244894070', 'Apprentissage Continu : Contre l''amnésie écologique de l''IA', 'Continuous Learning: Combating AI''s Ecological Amnesia', '2025',
  'L’''un des plus grands défis de l''intelligence artificielle est ce que les chercheurs nomment l''« oubli catastrophique ». Si un modèle est entraîné à reconnaître des chiens, puis qu''on lui enseigne ensuite à identifier des chats, la mise à jour de ses paramètres écrase ses connaissances précédentes : il oublie ce qu''est un chien. Pour pallier cette amnésie logicielle, la méthode standard consiste à ré-entraîner la machine entièrement depuis le début, en lui fournissant simultanément les images de chiens et de chats.\n\nCette obligation de repartir de zéro à chaque nouvelle compétence a un coût environnemental fort. L''entraînement des algorithmes modernes nécessite de faire tourner des milliers de processeurs à plein régime pendant des semaines, engloutissant des quantités colossales d''électricité et générant une empreinte carbone massive.\n\nL''apprentissage continu (Continual Learning) est un domaine de recherche novateur qui s''attaque à cette aberration énergétique. En s''inspirant de la plasticité du cerveau humain, cette approche permet aux modèles d''IA d''assimiler de nouvelles informations « à la volée » tout en verrouillant leurs acquis antérieurs. Cette évolution est un pilier fondamental de l''éco-conception en intelligence artificielle : en évitant les ré-entraînements perpétuels, elle promet de rendre le développement technologique beaucoup plus sobre et durable.', 'One of the biggest challenges in artificial intelligence is what researchers call “catastrophic forgetting.” If a model is trained to recognize dogs and is then taught to identify cats, updating its parameters overwrites its previous knowledge: it forgets what a dog is. To overcome this software amnesia, the standard method is to retrain the machine entirely from scratch, simultaneously providing it with images of both dogs and cats.\n\nThis requirement to start from scratch with every new skill comes at a significant environmental cost. Training modern algorithms requires running thousands of processors at full capacity for weeks, consuming colossal amounts of electricity and generating a massive carbon footprint.\n\nContinual Learning is an innovative field of research that addresses this energy-intensive issue. Inspired by the plasticity of the human brain, this approach allows AI models to assimilate new information “on the fly” while retaining their prior knowledge. This development is a fundamental pillar of eco-design in artificial intelligence: by avoiding perpetual retraining, it promises to make technological development much more efficient and sustainable.', 'Raphaël Madoré',
  'Etats-Unis', 'United States', 39.7837304, -100.445882,
  'images/continuallearning.webp', 'https://spotintelligence.com/2023/10/03/continual-learning/', 'https://medium.com/@istabrak.abbes_65953/what-is-continual-learning-491ed9e3874d', '2026-04-15', 'published', 1, '2026-04-15 09:21:34', '2026-04-15 09:21:34'
);
INSERT INTO cartel_categories (cartel_id, category_id) VALUES ('1776244894070', 'numerique');

INSERT INTO cartels (id, titre, titre_en, annee, description, description_en, exhume_par, location, location_en, lat, lng, image_path, image_credit, url_qr, date, status, visible, created_at, updated_at) VALUES (
  '1776245761863', 'datafarm', 'data farm', '2025',
  'Face à l''impact environnemental croissant du secteur numérique (les centres de données génèrent environ 3 % des émissions mondiales de gaz à effet de serre, un chiffre amené à doubler), l''entreprise française Datafarm a imaginé une synergie inédite entre technologie et agriculture. Le concept consiste à installer des data centers directement au sein d''exploitations agricoles équipées de méthaniseurs.\n\nCe système repose sur une boucle énergétique d''économie circulaire grâce à la cogénération. Les biodéchets de la ferme (effluents d''élevage, résidus végétaux) alimentent un méthaniseur qui fabrique du biogaz, générant ainsi de l''électricité et de la chaleur. L''électricité sert à faire fonctionner les serveurs informatiques, tandis que la chaleur perdue du moteur est transformée pour produire le froid nécessaire à la climatisation du data center. En retour, la chaleur émise par les serveurs fonctionnant en continu est entièrement restituée à l''agriculteur pour ses propres besoins en chauffage.\n\nEn associant la bouse de vache à l''hébergement de données, ce procédé permet de faire passer le rendement énergétique de l''installation de 40 % à 80 %. Au-delà de proposer une puissance de calcul neutre en carbone et décentralisée, cette innovation offre aux agriculteurs un complément de revenus et conditionne l''arrivée de la fibre optique dans les campagnes, participant ainsi à la revitalisation des territoires ruraux.\n', 'In response to the growing environmental impact of the digital sector (data centers generate about 3% of global greenhouse gas emissions, a figure expected to double), the French company Datafarm has devised a unique synergy between technology and agriculture. The concept involves installing data centers directly on farms equipped with anaerobic digesters.\n\nThis system relies on a circular economy energy loop enabled by cogeneration. The farm’s bio-waste (livestock manure, plant residues) feeds a digester that produces biogas, thereby generating electricity and heat. The electricity is used to power the computer servers, while the waste heat from the engine is converted to produce the cooling needed for the data center’s air conditioning. In return, the heat emitted by the continuously running servers is entirely returned to the farmer for their own heating needs.\n\nBy combining cow manure with data hosting, this process increases the facility’s energy efficiency from 40% to 80%. Beyond providing carbon-neutral and decentralized computing power, this innovation offers farmers a source of supplemental income and facilitates the rollout of fiber-optic infrastructure in rural areas, thereby contributing to the revitalization of rural communities.\n', 'Raphaël Madoré',
  'Evry ', 'Evry ', 48.6241665, 2.4289667,
  'images/Unit_de_mthanisation_au_Garrit_Haut.jpg', 'Unité de méthanisation à Mayrac (Lot), 24/09/17, GrandBout, Wikimedia Commons, https://commons.wikimedia.org/wiki/File:Unit%C3%A9_de_m%C3%A9thanisation_au_Garrit_Haut.jpg', 'https://www.techelevage.fr/datafarm-methanisation/', '2026-04-15', 'published', 1, '2026-04-15 09:36:01', '2026-04-15 09:36:01'
);
INSERT INTO cartel_categories (cartel_id, category_id) VALUES ('1776245761863', 'numerique');
INSERT INTO cartel_categories (cartel_id, category_id) VALUES ('1776245761863', 'agriculture');

INSERT INTO cartels (id, titre, titre_en, annee, description, description_en, exhume_par, location, location_en, lat, lng, image_path, image_credit, url_qr, date, status, visible, created_at, updated_at) VALUES (
  '1776247891506', 'Réseau radio maillé', 'Mesh radio network', 'Années 2000',
  'Un réseau radio maillé est un réseau constitué de nœuds (émetteurs radios) qui échangent des informations sans fil (sur les ondes radio). Des informations peuvent être échangées entre chaque émetteur, et un appareil peut être connecté directement au réseau s’il est à portée. Cela permet de créer un système très résilient : si un émetteur est indisponible, l’information passe par un autre chemin disponible. Aujourd’hui, ce genre de réseau est utilisé pour la communication de drones ou de robots par exemple. ', 'A mesh radio network is a network consisting of nodes (radio transmitters) that exchange information wirelessly (via radio waves). Information can be exchanged between each transmitter, and a device can connect directly to the network if it is within range. This creates a highly resilient system: if one transmitter is unavailable, the information takes another available route. Today, this type of network is used for communication by drones or robots, for example. ', 'Anastasia Guéguen',
  '', '', NULL, NULL,
  'images/mesh.png', 'Réseau maillé, 24/01/26, Superspritz, Wikimedia Commons, https://commons.wikimedia.org/wiki/File:802.11s_Meshed_Network_Architecture.svg', 'https://mobilicom.com/insight/mesh-radio-networks-how-they-work-and-why-they-matter/', '2026-04-15', 'published', 1, '2026-04-15 10:11:31', '2026-04-15 10:11:31'
);
INSERT INTO cartel_categories (cartel_id, category_id) VALUES ('1776247891506', 'numerique');

-- ========================
-- CARTELS (Drafts)
-- ========================
INSERT INTO cartels (id, titre, titre_en, annee, description, description_en, exhume_par, location, location_en, lat, lng, image_path, image_credit, url_qr, date, status, visible, created_at, updated_at) VALUES (
  '1770720854050', 'tests 333', '', '2025',
  '', '', '',
  '', '', NULL, NULL,
  '', '', '', '2026-02-10', 'draft', 0, '2026-02-10 10:54:14', '2026-02-10 10:54:14'
);

INSERT INTO cartels (id, titre, titre_en, annee, description, description_en, exhume_par, location, location_en, lat, lng, image_path, image_credit, url_qr, date, status, visible, created_at, updated_at) VALUES (
  '1770988261628', 'Lancement d’une étude pour étudier le potentiel de récupération de chaleur provenant des eaux usées en Seine-Saint-Denis', '', '2013',
  'Les eaux usées ont une température stable pendant l''année, ce qui permet d’envisager de récupérer une partie de cette chaleur pour chauffer ou climatiser des bâtiments. Cette technologie est déjà utilisée en Suisse (ex: maison de retraite Hofmatt près de Bâle) et en Allemagne notamment.  Pour que cette technologie soit économiquement viable, le débit des eaux usées ne doit pas être inférieur à 10 à 12 l/s. Ce débit est souvent atteint proche des stations d’épuration, dans des zones éloignées des agglomérations. La chaleur est donc transmise à un échangeur de chaleur avant d’être réutilisée par des pompes à chaleur classiques. Une étude pour déterminer le potentiel de récupération de chaleur en Seine Saint-Denis a été réalisée en 2013, suivie d’une seconde étude en 2018. En 2019, une cartographie des réseaux où de la récupération de chaleur est envisageable a été réalisée. \n', '', 'Groupama',
  'Seine-Saint-Denis', '', 48.9098125, 2.4528635,
  '', '', 'https://astee-tsm.fr/articles/tsm-1-2-2020-petrucci/', '2026-02-13', 'draft', 0, '2026-02-13 13:11:01', '2026-02-13 13:11:01'
);
INSERT INTO cartel_categories (cartel_id, category_id) VALUES ('1770988261628', 'h2o');
INSERT INTO cartel_categories (cartel_id, category_id) VALUES ('1770988261628', 'rechauffer');

INSERT INTO cartels (id, titre, titre_en, annee, description, description_en, exhume_par, location, location_en, lat, lng, image_path, image_credit, url_qr, date, status, visible, created_at, updated_at) VALUES (
  '1770988552186', 'Programme TVGEP « Conception des Toitures Végétalisées pour la Gestion des Eaux Pluviales urbaines »', '', '2010',
  'L’agglomération parisienne est l’espace avec la plus grande proportion de sols artificialisés de France. Cela a pour effet de renforcer les dynamiques de ruissellements et d’augmenter le risque d’inondation. La végétalisation des toitures est un moyen de limiter ces ruissellements. En effet, lors des épisodes de précipitations, une partie de l’eau est évapotranspirée, une autre s’écoule et une autre reste dans l’horizon végétale et sera évapotranspirée ou écoulée ultérieurement. La présence d’une toiture végétalisée réduit donc la quantité d’eau ruisselée.  Le programme TVGEP “Conception des toitures Végétalisées pour la Gestion des Eaux Pluviales urbaines” encourage la mise en place de ce genre de toitures. Un exemple intéressant est la toiture de la Direction de l’Eau et de l’Assainissement du conseil général de la Seine-Saint-Denis à Rosny-sous-Bois qui est recouvert de 20cm de terre végétale et des graminés. Cette toiture permet de retenir 70% des précipitations annuelles. ', '', 'Anastasia Guéguen',
  'France', '', 46.603354, 1.8883335,
  '', '', 'https://www.cerema.fr/system/files/documents/2023/11/guide_des_toitures_terrasses_vegetalisees_et_gestion_des_eaux_pluviales_-_2017.pdf', '2026-02-13', 'draft', 0, '2026-02-13 13:15:52', '2026-02-13 13:15:52'
);
INSERT INTO cartel_categories (cartel_id, category_id) VALUES ('1770988552186', 'h2o');

INSERT INTO cartels (id, titre, titre_en, annee, description, description_en, exhume_par, location, location_en, lat, lng, image_path, image_credit, url_qr, date, status, visible, created_at, updated_at) VALUES (
  '1771240444443', 'Lancement de la collection BERGVATTNET par IKEA', '', '2025',
  'En 2025, l’enseigne suédoise IKEA lance la collection BERGVATTNET, centrée sur l’économie d’eau dans nos salles de bain. Dans cette gamme, on retrouve par exemple un saut de 8 litres, proposé par la designer Hanna-Kaarina Heikkilä et destiné à recueillir l’eau non-utilisée lorsqu’on attend que notre douche chauffe. Cette eau peut ensuite être réemployée, pour arroser des plantes par exemple. On retrouve également un compteur de douche indiquant, par le designer Marcus Arvonen, indiquant la consommation d’eau ainsi que la température. L’objectif est d’inviter les utilisateurs à prendre des douches plus courtes. ', '', 'Loïc Rogard',
  'Suède', '', 59.6749712, 14.5208584,
  '', '', 'https://www.ikea.com/fr/fr/new/collection-bergvattnet-pub373fc620/', '2026-02-16', 'draft', 0, '2026-02-16 11:14:04', '2026-02-16 11:14:04'
);
INSERT INTO cartel_categories (cartel_id, category_id) VALUES ('1771240444443', 'h2o');

INSERT INTO cartels (id, titre, titre_en, annee, description, description_en, exhume_par, location, location_en, lat, lng, image_path, image_credit, url_qr, date, status, visible, created_at, updated_at) VALUES (
  '1771518840487', 'HUMUS44, location de toilettes sèches pour des évènements festifs', '', '2001',
  'HUMUS44 est une association qui propose la location de toilettes sèches pour des évènements festifs en Loire-Atlantique. Cette solution permet d’économiser de l’eau dans un contexte de changement climatique, mais également d’apporter une réponse pour les endroits avec un approvisionnement en eau difficile. Par ailleurs, l’association propose des fiches pédagogiques sur l’écologie et organise également depuis 2003 un festival annuel d’écologie appelé “Nature en Fête”. \n', '', 'Atelier étudiants Paris 1',
  'Loire-Atlantique', '', 47.3481615, -1.8727461,
  'images/toilettesscheshumus44.jpg', 'Humus 44,https://www.bioetbienetre.fr/association-humus-44/s25520.html', 'https://www.bioetbienetre.fr/association-humus-44/s25520.html', '2026-02-19', 'draft', 0, '2026-02-19 16:34:00', '2026-02-19 16:34:00'
);
INSERT INTO cartel_categories (cartel_id, category_id) VALUES ('1771518840487', 'h2o');

SET FOREIGN_KEY_CHECKS = 1;
